true_mean_similarity,predicted_mean_similarity
0.9393776256088371,0.9398185
0.4968450207637,0.49858317
0.5033328337667,0.49740875
0.947873681873682,0.9433668
0.9456821339043051,0.94250906
0.5153745760552191,0.5012562
0.513284405554135,0.5141118
0.506998487683013,0.501892
0.5008933554242181,0.49997497
0.49963142192520704,0.49924135
0.7832128581897451,0.80505157
0.880513167540196,0.8665545
0.5059716310969551,0.50583637
0.855483492664699,0.83985984
0.8194429528804531,0.8566069
0.500380311865968,0.49995306
0.503391126068324,0.4977637
0.49781613799915103,0.50254804
0.542082864614377,0.5380696
0.9705695289882541,0.92247796
0.515010946907498,0.6175375
0.8680199587595471,0.846585
0.496682386908857,0.49897283
0.499444879647826,0.5002499
0.687918600651341,0.6575008
0.540605356418506,0.5465616
0.8112535612535611,0.84610605
0.7186277892799631,0.6869238
0.9724884531411041,0.98183554
0.8839092997284391,0.88503826
0.49845784180388203,0.50501424
0.9375,0.94393706
0.502419648188839,0.5010412
0.499381135713136,0.49970663
0.502892746368039,0.49845317
0.497214065344852,0.50503427
0.500565197105398,0.49886665
0.8112535612535611,0.83687985
0.496748941012416,0.5302165
0.899718413463176,0.8990351
0.5528084480377531,0.6434978
0.49918770066295604,0.49990588
0.9375,0.91668653
0.7518525379677561,0.7528144
0.9101379731461361,0.9184865
0.501590801559402,0.5012293
0.918427230046948,0.92152584
0.49521460941190903,0.49848774
0.5117977892087541,0.5051376
0.49963142192520704,0.49924135
0.905109159165917,0.91696286
0.587559208116699,0.5776037
0.499216590530812,0.50149184
0.591977578312594,0.5461023
0.873220817643054,0.89270353
0.575526401090739,0.59295917
0.504060008676797,0.5038042
0.49990608997482505,0.4988108
0.500237754817213,0.501023
0.9650879180178831,0.9807112
0.583230389958409,0.54426837
0.973534338358459,0.9813049
1.0,0.9988113
0.555187261607894,0.56066173
0.9621707757585921,0.9755264
0.8418377521201981,0.8386264
0.5139032650062451,0.5161861
0.49915527454453507,0.49954903
0.8162328719050731,0.8271448
0.503749774589987,0.50210565
0.49983992584833503,0.4996689
0.49927350117714603,0.49960214
1.0,0.9997985
0.5052373247055041,0.49608764
0.5637745289164461,0.5550898
0.9694796617914301,0.95321965
1.0,1.0009475
0.584367750885172,0.5765411
0.49988837093825506,0.49928516
0.6332789160988731,0.6747389
0.7996957467869331,0.8107816
0.5835441141630321,0.57156974
0.503204806454132,0.5019404
0.943106605733763,0.9303337
0.9688404510501091,0.9724421
0.5474410753246051,0.5510684
0.5956979231314781,0.5905018
0.8448049547106391,0.8553348
1.0,1.0013007
0.9487840915508341,0.94092333
0.9375,0.95862645
0.502223017268784,0.5012788
0.5129133641797771,0.5200359
0.956779526295592,0.9698747
0.50182620290123,0.4988927
0.8507505584201591,0.8463244
0.9205993653804051,0.9272326
0.497532833861179,0.50021034
0.869571707043253,0.8807128
0.88260290461067,0.8870805
0.504060008676797,0.5033162
0.9313719760601741,0.9726255
0.8909710301307031,0.92119604
0.5245749639724181,0.52147496
0.5004031956281041,0.49971065
0.8887916533136311,0.8811522
0.9338771770182871,0.9290534
0.9311015846141211,0.9346634
0.500672748462896,0.49962658
0.504080370892107,0.5057261
0.500558013856718,0.5003567
0.579802321257461,0.5882275
0.500316846678864,0.50005317
0.5956513095335021,0.6328061
0.510416826133754,0.50837874
0.504481530931859,0.5017574
0.5158661292727731,0.520419
0.49895693491174103,0.50096965
0.5089050586929,0.5050244
0.49950778109993804,0.50106883
0.5002878058029441,0.50001186
0.7917877708027301,0.809158
0.49852733247435504,0.49785057
0.501129102107093,0.5072547
0.572460876532335,0.63858426
0.7058673469387751,0.70666206
0.653662802526633,0.7548741
0.502090650697258,0.50203437
0.8869985048658301,0.89918834
0.942659667051681,0.9286437
0.828187197002468,0.85100555
0.6901695316927681,0.65745836
0.5004044770249161,0.4999631
0.5127845601073301,0.52108544
0.5001564666570131,0.49850044
0.9815000115515661,0.9692115
0.932769360676288,0.9465514
0.928841003745526,0.94867253
0.50052093191691,0.5038383
0.501073859387226,0.50135964
0.7186277892799631,0.68245506
0.513050703884202,0.5138809
0.500380311865968,0.50032574
0.5007841294916691,0.51036525
0.49892143726581606,0.49880582
0.498409922024635,0.49922565
0.497593727196508,0.4986626
0.951859727859728,0.9498706
0.88370234309075,0.8887582
0.7890398174116541,0.8216062
0.580782135059701,0.57745075
0.564890569566141,0.55624765
0.8908042089691101,0.8595662
0.5035755022638091,0.49785605
0.511714990926265,0.50347745
0.49876826102715605,0.501691
0.502088980303765,0.5012677
0.515722418903195,0.52085614
0.5024952815700411,0.5012294
0.495183647340915,0.50314575
0.7413690476190471,0.7430395
0.49198630188903203,0.49951777
0.9121714048342681,0.9276519
1.0,1.0307102
0.506526992377176,0.5112284
0.51887843089407,0.53130853
0.49893805928350604,0.49925953
0.501035434220469,0.49996358
0.500380311865968,0.49995306
0.8398718752740381,0.8438895
0.711904792049846,0.72768265
0.988365412890097,0.9681227
0.5450338890503761,0.55220467
0.903449900993556,0.86055464
0.498263375631296,0.49851525
0.49781613799915103,0.499426
0.8831069358480501,0.8851653
0.5128665457775821,0.5022102
0.9651266909614231,0.94571567
0.6804814044860851,0.6655627
0.935761783717947,0.95193964
0.830905505952206,0.8476522
0.49824434824434705,0.51862246
0.9558228500345141,0.9604019
1.0,0.99502337
0.507419432419432,0.5323615
0.498640900853885,0.4996508
0.496878083137183,0.51094675
0.49854734973614906,0.49719003
0.5039343467878831,0.5018194
0.508385695965164,0.49876457
0.6963604446040571,0.6729178
0.5938193060511271,0.62252253
0.500209470734033,0.4993363
0.49556636023272904,0.49865583
0.500695032837249,0.50007564
0.524886038826013,0.5262903
0.49886676557566406,0.5001795
0.7586366626195631,0.74719936
0.8622306768233821,0.89488196
0.9754436179970171,0.9779515
0.5045311973494211,0.5140923
0.49459843295655503,0.49976072
0.856928496083144,0.8230536
0.8210765908413811,0.90679693
0.501298943348574,0.5002588
0.725286206217654,0.7452444
0.500848401244755,0.5085386
0.5082562574949601,0.50347745
0.49963142192520704,0.49924135
0.509039871774789,0.51003706
0.947873681873682,0.94370365
0.48472799246608705,0.5212241
0.49893805928350604,0.4998527
0.9620123942307041,0.9648867
0.500316846678864,0.50011206
0.8930981267522421,0.90646946
0.49648499410418806,0.49584416
0.806616293428793,0.81967163
0.500775568265259,0.500698
0.9949677430222171,0.9849174
0.5003810968100031,0.4994082
0.500708693152706,0.50076276
1.0,1.0009475
0.8143192587687431,0.83382684
0.49971191282109806,0.49969313
0.49844358586777904,0.50093675
0.5046270154587751,0.5025724
0.9673204806435801,0.9748001
0.5002878058029441,0.50001186
0.7602212222679781,0.76125133
0.50337933341758,0.50195694
0.5055182626590631,0.49795118
0.8734401245668431,0.8739856
0.9599756569294381,0.98172677
0.591977578312594,0.5461023
0.498263375631296,0.4985176
0.927755749806335,0.9251764
0.5004070501062431,0.49999171
0.498769981174049,0.49810138
0.50617551969551,0.50744563
0.833171633274809,0.8470479
0.841292144690394,0.88069457
0.857943787339653,0.85751325
0.500366546145096,0.49795514
0.5151300189385241,0.5170112
0.499648936267201,0.49954903
1.0,0.9988113
0.500708693152706,0.50076276
0.8771601573164831,0.8788993
1.0,1.0243318
0.49703101345695705,0.49676555
0.499240349947895,0.49959558
0.8141318887105401,0.8285065
0.5019614770753831,0.49901938
0.965128998545361,0.95894086
0.9590823970037451,0.94106704
0.500708693152706,0.5008588
0.5018953537527511,0.5008888
0.587559208116699,0.57589376
0.506526992377176,0.5112284
0.49950405146004806,0.49975887
0.9179927477620701,0.9093631
0.499444879647826,0.4992866
0.502057555576312,0.50060356
0.499080687231277,0.4985196
0.501573426604507,0.5006033
0.86226984290699,0.8696116
0.501502943472516,0.4998598
0.9129340155648501,0.92353517
0.49763998039973306,0.4977774
0.49922349136945404,0.4991006
0.853981573106478,0.8534085
0.498042911677041,0.49893573
0.553530481569084,0.5504729
0.5078200745761381,0.506667
0.8114520975126891,0.80790824
0.745250777294428,0.7340166
0.9628526382494631,0.9693844
0.5067145830277561,0.49843556
0.9826561373385391,0.96148825
0.8958157675975721,0.89064676
0.7862602092563921,0.6802566
0.862989302679926,0.81993616
0.792778526075658,0.82406247
0.957333584170695,0.9558928
0.9702300488193021,0.97693473
0.8612982287573641,0.85152256
0.49459843295655503,0.4992866
0.9622599767837351,0.9642219
0.9082583003444961,0.9147631
0.5059746407716791,0.499225
0.937466265613742,0.9491846
0.49405649757381703,0.49932694
0.5368294586212451,0.5323905
0.597715505555226,0.55514055
0.574856296806553,0.5825744
0.5014056929986911,0.5012294
0.49651688659367404,0.49915242
0.867212189859734,0.8872169
0.8468338399189461,0.8473386
0.968392356942777,0.98069525
0.8742495583171861,0.8648973
0.7855934977880771,0.6398006
0.8545893719806761,0.95721436
0.501762493715577,0.5009762
0.988488863287249,0.99444413
0.505179601415907,0.5048434
0.49915527454453507,0.49957347
0.7506127450980391,0.7429696
0.914505185944225,0.92178947
0.9191161176716601,0.9110069
0.572081006488672,0.57258785
0.986384976525821,0.9706158
0.9608940919324611,0.949089
0.8278290972352911,0.8233791
0.8499999999999991,0.84695834
0.509189749576412,0.500382
0.9181222559945961,0.922648
0.572081006488672,0.57258785
0.500380311865968,0.49995306
0.8532246476701061,0.8495457
0.7034772182254191,0.86880827
0.49750156972143206,0.49965116
0.501035434220469,0.50082254
0.499745275795049,0.49977505
0.8980545835986411,0.89096326
0.5562472803235721,0.55168116
0.5042031056822001,0.50758433
0.50337933341758,0.50201994
0.5012948228396791,0.48670092
0.5001348147140401,0.5070916
0.9438202247191011,0.93369913
0.504873433214457,0.507135
0.5075043154690161,0.5076123
0.512647812427223,0.5182321
0.523328088657601,0.55936855
0.5002623458294411,0.50049967
0.49844358586777904,0.5010282
0.49990608997482505,0.4988108
0.77513677142432,0.69137317
0.9504494527254681,0.95720816
0.9369666401811331,0.945187
0.5045189655443191,0.5021701
0.49651688659367404,0.49915242
0.5565600834819651,0.57105625
0.50337933341758,0.5017979
0.838147038439211,0.84208477
0.9397277881959221,0.9331875
0.9661630811377001,0.98712844
0.500511544482512,0.4983426
0.5040744962950531,0.50498
0.535457428502324,0.5257995
0.9150303947651871,0.91751605
0.49882972481367205,0.5092749
1.0,1.0049945
0.881814413169093,0.8874029
0.524150319505521,0.5537723
0.502503087408384,0.50032455
0.49717805727789005,0.4992986
1.0,0.9992525
0.49993347492712303,0.4980511
0.9646151388355381,0.94124717
0.592272885596498,0.6412536
0.9047290160133871,0.91382134
0.9339782918033691,0.96875036
0.502883416936856,0.5029098
0.86448499882311,0.87086713
0.5397995900229821,0.5516125
0.49989718451914605,0.49990708
0.49962751847823206,0.50149184
0.8483674453348411,0.87310916
0.9192931769279761,0.91499406
0.9874031007751931,0.98824996
0.500312096715272,0.4949128
0.49852733247435504,0.49785057
1.0,0.99920017
0.8606459051587321,0.8786847
0.9694444444444441,0.9569631
0.49893353652929906,0.49925953
0.8622195405076021,0.8653834
0.499649106007011,0.50502443
0.49528512531366603,0.50120574
0.945240878885738,0.95063645
0.9824527660726081,0.98187155
0.500573224566362,0.498891
0.706732128333392,0.66830313
0.923701733958026,0.9263991
0.49563445526456706,0.50736225
0.49893805928350604,0.49918637
0.5947574740461771,0.59503573
0.5055012830004411,0.5004123
0.502088980303765,0.5042433
0.947931181536323,0.93408203
0.512054929071461,0.51240045
0.506440628696415,0.5039119
0.5036433589507291,0.5066841
0.9824198690955981,0.97043914
0.50001371170741,0.49968705
0.9648707353252801,0.9459824
0.8242580677369561,0.8380549
0.553047927405079,0.54118633
0.5039663022806561,0.50438184
0.809510902493154,0.801862
0.497209265584415,0.49844423
0.517347529021572,0.52159786
0.49990608997482505,0.4988108
0.9565676398453111,0.9648343
0.9733946604604171,0.9760987
0.501540660075945,0.50004995
0.49777428022484205,0.49893913
0.832427452644059,0.8358385
0.837897334938949,0.8272432
0.49514659565078906,0.49811557
0.605830828471284,0.6239187
0.49866589658526905,0.49880803
0.927703672799943,0.9337096
0.5006955946478261,0.49934798
0.9519189570242521,0.95894086
0.812711530893348,0.76610696
0.5753086615168781,0.540248
0.49850894791787603,0.50196147
0.508146071122479,0.5109927
0.9628155789793261,0.9481319
0.902615302548571,0.9025764
0.59584798065737,0.6136181
0.6234959681746101,0.6107088
0.630250747642051,0.6813064
0.505769292249949,0.5045016
0.648931643269622,0.624191
0.513301601867706,0.51290685
0.9228226254328181,0.92902774
0.909589720875516,0.8927016
0.499879448442118,0.49940738
0.5012948228396791,0.48639116
0.8468338399189461,0.84749824
0.895577761461224,0.7915325
0.501762493715577,0.5009762
0.49971191282109806,0.49969313
0.8287198523702841,0.82979465
0.5299961313748071,0.52151805
0.500912125521858,0.4992069
0.502216332264773,0.49908623
0.9523165177789451,0.9503775
0.9042189008824201,0.8950769
0.580966223698781,0.58702546
0.9231587255483831,0.9217555
0.751666666666666,0.7559111
0.49852733247435504,0.49749762
0.500511544482512,0.4983426
0.502541133194019,0.5044609
0.500573224566362,0.49889416
0.7893072590989261,0.8059195
0.49835246090225205,0.49915296
0.9330254677592931,0.92870086
0.534857024601064,0.5539677
0.5010245116463821,0.503941
1.0,1.0307102
0.8164821641097111,0.77405703
0.9704092315699321,0.9815411
0.502269076380052,0.5011893
0.9480286738351251,0.9655192
0.8132263396325891,0.80505157
0.49459843295655503,0.49943817
0.884293585199559,0.8568543
0.502741840418519,0.50051886
0.49945956534365404,0.49795514
0.49750156972143206,0.4992866
0.49970386444477105,0.49947655
0.9803536035454871,0.98138523
0.87299637785795,0.8900863
0.964028405330944,0.94377065
0.49821450771152404,0.507967
0.497967164304757,0.5008202
0.504825813688346,0.513553
0.953116093688764,0.9604019
0.504060008676797,0.503664
0.501667976968812,0.49997497
0.49988837093825506,0.49928516
0.884128387782336,0.8915826
0.501867510462608,0.5009651
0.651648417712068,0.69722974
0.837754421212014,0.81903344
0.5002556446296961,0.49859935
0.9485331064212911,0.9004482
0.8638829608075641,0.9071499
0.9585818810231891,0.9605597
0.9686583092833091,0.9428466
0.497483394404772,0.49876526
0.497483394404772,0.4984682
0.49970386444477105,0.4991798
0.9433691088356261,0.9514332
0.49893805928350604,0.49925953
0.518139534345597,0.51562184
0.784550001333089,0.7349828
0.49781613799915103,0.50241345
0.49947445958747605,0.49959558
0.681834929259698,0.7201358
0.49652035514771403,0.4994126
0.49922349136945404,0.4992866
0.7397924490667931,0.7582636
0.5014244411815301,0.50370014
0.8991219461095981,0.9096038
0.5264665627955251,0.6858809
0.49873105257614003,0.49845317
0.49801623027393804,0.4991915
0.841358682133839,0.8447042
0.8309402242349261,0.8605185
0.495733118730651,0.5349699
0.8839092997284391,0.8888582
0.8703718146797,0.82523483
0.924966528375441,0.9041657
0.9395833333333331,0.91383016
0.89616812150038,0.88617796
0.8488246021840471,0.84183633
0.819739805130093,0.8184226
0.500079433225301,0.5008353
0.7179198354432,0.7331276
0.5042144337518311,0.49931234
0.501959045419878,0.49797958
0.500079433225301,0.50141484
0.530737433884217,0.67650485
0.506724738675958,0.58624303
0.49963142192520704,0.49924135
0.5998951321994881,0.676331
0.517850466733881,0.5089039
0.917981763782422,0.9242638
0.8753816702707631,0.88700116
0.5388489817413961,0.53258747
0.541316298885624,0.5253347
0.49934563800066806,0.49959558
0.49652035514771403,0.49908024
0.5004031956281041,0.49971065
0.9452890405791001,0.9372959
0.499381135713136,0.49969083
0.9108844027860951,0.90397954
0.8900907865130351,0.88667476
0.9682229504659411,0.9695348
0.501229055294669,0.4994126
0.6764382587173731,0.59706503
0.486409362116054,0.5019318
0.646579831204599,0.6283457
0.524474700365358,0.5262719
0.9920495873461341,0.96401507
0.9841097868760451,0.9681283
0.503749774589987,0.5020889
0.51887843089407,0.52806807
0.501073859387226,0.50135964
0.49834918344438106,0.5013629
0.498042911677041,0.49903452
0.8885245496076051,0.91569906
0.69499840650333,0.64166874
0.51869526615518,0.51703525
0.8247054250124921,0.7567959
1.0,1.0009793
0.498727156351751,0.50203437
0.5218810035019761,0.5209988
0.7885963055542761,0.79288805
0.5012948228396791,0.48813397
0.5331620314481711,0.5264978
0.49934563800066806,0.49959558
0.517492497494336,0.53466004
0.503791330313322,0.5022398
0.8383762314649731,0.82555884
0.497209265584415,0.49862003
0.49971191282109806,0.5004908
0.51887843089407,0.5322865
0.87005274775713,0.8654595
0.8531779401433651,0.8559208
0.7829734959020841,0.81850624
0.499580511765055,0.4991396
0.9663236540630831,0.9512178
0.5330497990017621,0.5231975
0.49893805928350604,0.49925953
0.8383662012191311,0.83393806
0.529689800707075,0.5230058
0.503058335837557,0.49987426
0.522623598549792,0.51616377
0.751666666666666,0.7593102
0.502904196947717,0.5000339
0.976324545935577,0.97968596
0.49962812188890804,0.5010321
0.500237754817213,0.501023
0.585578042033664,0.68058056
0.692906155772497,0.66116023
0.9186138945233571,0.9292393
0.507128539256697,0.5066017
0.49690886747065205,0.5080075
0.6288813634817351,0.64603627
0.8128606072372551,0.8036915
0.500639462668055,0.501761
0.5000402802899451,0.50026345
0.9830246504469821,0.982699
0.5002623458294411,0.50049967
0.501229055294669,0.4992986
1.0,0.9748702
0.498766552650148,0.5177645
0.49927350117714603,0.49960214
0.50216019937624,0.5032914
0.798919550792059,0.80403167
0.49717805727789005,0.4991585
0.8144613023413411,0.81642544
0.8621503705197431,0.8557542
0.499879448442118,0.49940738
0.500079433225301,0.50125355
0.504761457652537,0.50030047
0.9815024006542861,0.9146811
0.5008236370590881,0.49961975
0.9580986566349321,0.94180804
0.49811173289433003,0.49960786
0.858767478035202,0.85839206
0.5178228375645161,0.4975757
0.9517795370083421,0.95075786
0.5099332062232791,0.5070853
0.5339102158586401,0.5186549
0.926697022835095,0.9483148
0.9861823361823361,0.97983986
0.592009687674937,0.59191823
0.6653625366004,0.6642199
0.9745285486740841,0.9619324
0.49858243160115107,0.499584
0.9754546682490851,0.9724421
0.5024329781500451,0.49908623
0.588017347236097,0.5817088
0.49675294502618206,0.4975499
0.49893353652929906,0.49959752
0.918427230046948,0.9313218
0.8612091890949181,0.851204
0.5166778381600621,0.5120078
0.501667976968812,0.4999994
0.501073859387226,0.50105965
0.500728741052317,0.4969718
0.49931859161911,0.50082046
0.49994078746352205,0.49814475
0.49915527454453507,0.49954903
0.8693182380098271,0.8842895
0.9387251999760251,0.9281831
0.958184752807942,0.9558928
0.5004044770249161,0.4999631
0.8552904017656021,0.8548323
0.49260178355186907,0.49956205
0.8196819647725111,0.8317715
0.50361339539577,0.5011304
1.0,1.002843
0.500239914586007,0.49970773
0.9556241269533681,0.859936
0.500049712042373,0.50501424
0.49717805727789005,0.50000465
0.500119604378338,0.4998253
0.8959284100961191,0.88522315
0.49675294502618206,0.49680611
1.0,0.9998942
0.496682386908857,0.49892575
0.8231359292578591,0.8373053
0.49893353652929906,0.4998527
0.499512079911519,0.4984201
0.502069128920366,0.49849817
0.8517702491436511,0.81121755
0.8400089054202611,0.8457502
0.8547908735073301,0.84494907
0.49918770066295604,0.4996689
0.515062559632273,0.51199144
0.5095834444722961,0.50137633
0.49852733247435504,0.49785057
0.49983373386925406,0.50125545
0.8302961590425281,0.85100555
0.9039419594151761,0.87858844
0.49965957597160304,0.50408953
0.8077485284199051,0.81208813
0.984707314649175,0.8397017
0.504715041902541,0.5146212
0.49876826102715605,0.5008449
0.487872102992473,0.49424323
0.49835246090225205,0.49912852
0.975733783152789,0.973481
0.6166667305115491,0.6251224
0.500642846832961,0.5012592
0.9286415700914721,0.9182917
0.8877902483633611,0.8780345
0.5236497877122871,0.51751435
0.6827128118794781,0.6997384
0.922559082550585,0.9184865
0.925444766778399,0.9176601
0.9231027673263411,0.9111036
0.8354056519768851,0.85123986
0.978679276588684,0.9743392
1.0,1.0023224
0.50002312641829,0.49972808
0.500728741052317,0.49705005
0.919593707552486,0.89272016
0.5016448866728,0.50284314
0.970149064020509,0.9550118
0.5002878058029441,0.49995306
0.49676203921370704,0.49756336
0.8275928615222831,0.82406247
0.500239914586007,0.49956763
0.951189780275258,0.9488857
0.49918770066295604,0.49990588
0.9344092448694951,0.9333964
0.5002878058029441,0.4998799
0.8669004377043661,0.8889196
0.9567200125076271,0.95418465
0.500511544482512,0.49810562
0.49811173289433003,0.49976408
0.50216019937624,0.5032914
0.5368688869751751,0.54789644
0.5008236370590881,0.50167763
0.5004070501062431,0.4999329
0.8507456376113771,0.84496456
0.499080687231277,0.4982826
0.5007573911272101,0.501878
0.9435703086271631,0.95288056
0.873555489141262,0.88928056
0.5027219034810101,0.5016294
0.8972841336903841,0.88770276
0.7506127450980391,0.74330354
0.499449140651375,0.50098914
0.9477332944630751,0.9252745
0.49133636263816405,0.50576687
0.828606243630249,0.83131516
0.982368548048649,0.99189144
0.50236262417097,0.5082299
0.97160420387579,0.97764766
0.5002623458294411,0.5002628
0.522293155400642,0.52317977
0.504481530931859,0.5017574
0.502261347221173,0.4983573
0.49889195026633404,0.48935395
0.49993298366737504,0.5006066
0.500380311865968,0.49995306
0.6980402939934931,0.7251127
0.8219393917377871,0.82963765
0.9260061643319131,0.91545147
0.49989718451914605,0.49990708
0.63021669341894,0.6824234
0.49742291262251204,0.5013629
0.5463401293421191,0.646927
0.49521460941190903,0.49848774
0.500672748462896,0.49962658
0.508028582376976,0.49888662
0.508529127967635,0.5144036
0.49970386444477105,0.49947655
0.677784428482752,0.68711203
0.505559209215174,0.5094068
0.50002312641829,0.49972808
0.5006030186379921,0.50088763
0.49893353652929906,0.49925953
0.642189370533298,0.54614556
0.934427760461714,0.90397954
0.785963896193676,0.7617606
0.5002878058029441,0.49995306
0.8884588215260021,0.8956183
0.960322786225384,0.9767112
0.5122169176453231,0.5129502
0.571192543159454,0.55624765
1.0,0.9909394
0.9497072990914511,0.9339668
0.7980122981333081,0.8529606
0.940792473197078,0.95288056
0.500380311865968,0.49995306
0.500695032837249,0.50007564
0.958793167842455,0.9744866
0.49855943950207804,0.5618293
0.9656155407682491,0.94518167
0.6402835828069471,0.6233488
0.8495357923027561,0.84127223
0.499304703760638,0.5106082
0.9088315335769471,0.90682364
0.5029253622266711,0.50905174
0.877407456711183,0.86943656
0.9097304894179891,0.9221162
0.500554905299309,0.50148636
0.49963142192520704,0.49930018
0.5080708013770551,0.5151512
0.49717805727789005,0.49940816
0.940157604527557,0.9503407
0.487872102992473,0.49694958
0.499157705003604,0.5002201
0.9385417840500221,0.9469931
0.5008108803001451,0.50159776
1.0,0.97270435
0.832003262464261,0.8431008
0.503760568871786,0.5130492
0.989886219974715,0.99947625
0.9523165177789451,0.95015424
0.509701808319815,0.5088449
0.7413690476190471,0.7430395
0.49892143726581606,0.498747
0.9845411861036861,0.9746769
0.86763528120879,0.8787637
0.971395607658991,0.9716311
0.6552402704272281,0.7216183
0.9441319208516591,0.9458843
0.86698167300143,0.8874783
0.49994656236074503,0.4990856
0.8008894545259421,0.81531394
0.498263375631296,0.49851525
1.0,0.99401593
0.8725118975933841,0.8717646
0.515010946907498,0.6115495
0.497324240497488,0.49871194
0.841292144690394,0.8853989
0.49892143726581606,0.498747
0.763068122582337,0.71382254
0.59757886321621,0.60348463
0.49947445958747605,0.49959558
0.500113101644535,0.5024965
0.503815015844245,0.5011799
0.9495351955415461,0.95738065
0.49970576313588105,0.49901563
0.8862514763883511,0.8858896
0.830774987156431,0.8184226
0.5037179264391181,0.50133663
0.500642846832961,0.5013181
0.49947445958747605,0.49959558
0.786538707793478,0.80505157
0.49676203921370704,0.49781302
0.49872768328390704,0.4983665
0.9122712318521611,0.9124381
0.49909013291806703,0.50120413
0.498769981174049,0.49858928
0.9094595585856781,0.9105756
0.503857000750013,0.50780696
0.9480286738351251,0.9634326
0.502924408777583,0.5062657
0.8627956338664061,0.8652187
0.883691756272401,0.905505
0.500594869429494,0.527638
1.0,1.0223714
0.503540713397657,0.506869
0.5019976111109671,0.5021346
0.8883589342756021,0.9106778
0.954952119551682,0.95720816
0.751666666666666,0.75580025
0.790889043466629,0.79460543
0.499580511765055,0.4993154
0.49965957597160304,0.5035912
0.49983992584833503,0.49990588
0.499580511765055,0.49888995
0.49887800524122206,0.5005175
0.500573224566362,0.49889416
0.605776254808832,0.58785343
0.8091633817550481,0.79762757
0.516207602807641,0.5125044
0.8509182415402331,0.8455149
0.6795587583646261,0.6488071
0.864814814814814,0.86754143
0.989275421984355,0.9879464
0.499381135713136,0.49971527
0.492952068076894,0.50736725
0.49994165254558504,0.5005253
0.501103413035602,0.5026338
0.5008394265524541,0.50357956
0.574428151440466,0.5817812
0.500511544482512,0.49840143
0.5108585142348301,0.5041393
0.6950652542189351,0.6529591
0.874766467156415,0.89191455
0.8899031420363951,0.89751065
0.500454067453571,0.50016046
0.501549133847647,0.5012788
0.9516716256294301,0.9536999
0.971690327091917,0.7484097
0.49998051952632505,0.49608764
0.942290051714971,0.9620508
0.497209265584415,0.49836773
0.496682386908857,0.49939835
0.8468338399189461,0.8473386
0.7739649513837571,0.8016883
0.49983373386925406,0.50125545
0.8758354003224401,0.86749536
0.5029671218750751,0.5006589
0.9289779746669141,0.93764174
0.9395833333333331,0.92351276
0.5807203820485071,0.5737345
0.49882526449478803,0.49955875
0.500119604378338,0.4996393
0.918509651293636,0.91114515
0.7412204208884701,0.7260207
0.864814814814814,0.86754143
0.500079433225301,0.5008353
0.992878028404344,0.9741337
0.503749774589987,0.5010736
0.9860502079619721,0.97276294
0.708731519987388,0.8045633
0.640520712929993,0.6405435
0.615186025415951,0.5733316
0.8022944186995831,0.7908301
0.6269353367158701,0.6397504
0.500933190170417,0.50133455
0.505214809901687,0.50622797
0.9648707353252801,0.9462057
0.7701205517749261,0.69449574
0.49608867493714204,0.49934942
0.502880004967662,0.50224125
0.9154144249235191,0.9337096
0.5667485132879501,0.57206476
0.850347336522121,0.8699081
0.5028540413116961,0.4991915
0.895126464051698,0.90856194
0.49657564110685104,0.49971065
0.7517585887092231,0.78470033
0.500380311865968,0.49995306
0.701720000521947,0.69163346
0.49970386444477105,0.4991798
0.905253017504944,0.91806364
0.5004227315494191,0.50093675
0.49651688659367404,0.4988724
0.506902461127813,0.5014788
0.500949894442691,0.50307965
0.500728741052317,0.49705005
0.6928573927874011,0.8583989
0.49972096481360606,0.501483
0.88839448517099,0.9060392
0.8249122950272371,0.8533133
0.5061101343955441,0.5151512
0.735021130625474,0.75781447
0.502141820088805,0.5020311
0.5139032650062451,0.52373636
0.502979235916934,0.5146786
0.972553160657849,0.95719683
0.8760266982700441,0.89411527
0.49629283972373905,0.5002499
0.613561020569389,0.6054379
0.49966439687565206,0.499584
0.5019054264316231,0.5002445
1.0,0.9976103
0.9661630811377001,0.9913854
0.8959848394761301,0.8941104
0.524091118316374,0.5290111
0.49963142192520704,0.49924135
0.873923999877635,0.87407404
0.8105262497798671,0.79064655
0.498409922024635,0.49922565
0.500119604378338,0.50007486
0.5036114954664831,0.5043397
0.9637495955109141,0.9449724
0.5280614461944501,0.51496124
0.497659473213426,0.49626872
0.502420118759145,0.4991915
0.50346462164643,0.50801265
0.507576496184435,0.50650126
0.506902461127813,0.5077306
0.49922349136945404,0.4992866
0.5004227315494191,0.503432
0.8273458803418561,0.82555884
0.8297922693993841,0.8408734
0.9454303742751231,0.93997544
0.507741617147314,0.56260294
0.499648936267201,0.49957347
1.0,1.0307102
0.983314591472988,0.97919637
0.8474317454671491,0.85048395
0.500493830725221,0.49901298
0.863742798547058,0.8522047
0.497209265584415,0.49844423
0.508848474799532,0.51149476
0.50002312641829,0.49966925
0.50002312641829,0.49966925
1.0,0.9960887
0.497637390281559,0.5094106
0.5086778957991911,0.4991915
0.7783257561819521,0.77927387
0.8542706874481181,0.82555884
0.964060016564081,0.9647305
0.9019321936481071,0.9052013
0.9440297572335251,0.9553219
0.9648707353252801,0.956109
0.8473415827078511,0.84391737
0.49893353652929906,0.5002201
0.5050529703881841,0.50341076
0.9844637855142061,0.99088895
0.499080687231277,0.50021094
0.853394629333805,0.86767966
0.960793216116069,0.9552415
0.630250747642051,0.68521386
0.9533752173483561,0.9408968
0.5046270154587751,0.5034422
0.5055182626590631,0.498718
0.49620370484067805,0.49851218
0.9760362013197911,0.973498
0.499378615141481,0.4996022
0.963733259701481,0.9713625
0.49983943169461703,0.500286
0.496682386908857,0.49922282
0.49861589478299906,0.50063473
0.49800001508366204,0.5007898
0.928975963843308,0.9157674
1.0,0.9976103
0.501573426604507,0.5005875
0.6129724597298121,0.6929686
0.8259958153422061,0.8072857
0.503058335837557,0.4998412
0.499240349947895,0.49959558
0.502924408777583,0.50678325
0.5684758850021511,0.5202649
0.539190017328092,0.50915813
0.49717805727789005,0.50000465
0.8171186727057831,0.85152256
0.5004227315494191,0.50093675
0.5082562574949601,0.50347745
0.49918770066295604,0.49990588
0.9539365555536871,0.95418465
0.6596129634092831,0.63644755
0.5007841294916691,0.5132079
0.782495732543465,0.807577
0.497483394404772,0.4984682
0.702031163186104,0.6699058
0.8507038094529391,0.84177905
0.5008544908032271,0.50692654
0.49260178355186907,0.4981805
0.521919052465452,0.5756973
1.0,1.0029461
0.545978130433717,0.5772099
0.507851600697334,0.5010321
0.499493726163573,0.5120885
0.480957706886499,0.5033343
0.5002915497759031,0.499584
0.502296318579392,0.49990046
0.7136459082572261,0.6925997
0.502405799874526,0.49839717
1.0,0.98103607
0.49963142192520704,0.49924135
0.8634095713706371,0.8751885
0.716162383069309,0.6700335
0.9583988513696731,0.9668491
0.8512407740991821,0.854867
0.50001371170741,0.49968705
0.8418443897177691,0.8388672
0.632029723844438,0.61065507
0.49891723216811507,0.49931234
0.498042911677041,0.49850008
0.813738276688558,0.83070916
0.845774880424707,0.8556683
0.526384561248313,0.5419432
0.6734334572261561,0.61759186
0.901187386942606,0.91076624
0.500558013856718,0.5003567
0.833101554836367,0.84293795
0.498263375631296,0.49851525
0.9193670797544701,0.75915796
0.8066711421082731,0.85938936
0.497483394404772,0.49816748
0.8955436009829311,0.9168019
0.49915527454453507,0.49957347
0.9250823158834821,0.9217555
0.8418197305024241,0.81953156
0.9596949681607051,0.94440824
0.983314591472988,0.982699
0.87158826992617,0.8630064
0.9727954748138171,0.9265516
0.49763998039973306,0.4985978
0.865453065783048,0.8664002
0.556532478587186,0.54474664
0.49835246090225205,0.49912852
0.9590686522516171,0.94987667
0.626813921513061,0.6202414
0.8130204711268011,0.5997722
0.630250747642051,0.67899615
1.0,0.9763645
0.500695032837249,0.5000512
0.730100434429334,0.75126815
0.502457290475805,0.50468695
0.500565197105398,0.49886128
0.499444879647826,0.5002499
0.928781180227584,0.9398153
0.480957706886499,0.50299615
0.5293865056265681,0.5262719
0.501035434220469,0.49997938
0.9039419594151761,0.8793838
0.5059570411374901,0.4991915
0.49893353652929906,0.49935558
0.955341364409312,0.95876974
0.6560923718506431,0.637688
0.500380311865968,0.49995306
0.49835246090225205,0.49912852
0.9520243980691191,0.9429275
0.734865578832119,0.7387184
0.560751604717121,0.5415112
0.5374666543701511,0.52585083
0.763072142083518,0.7634231
0.5012948228396791,0.48639116
0.948047498374551,0.9478523
0.8838474686658131,0.8915415
0.5007841294916691,0.50428873
0.49835246090225205,0.49915296
0.863540974711381,0.8563938
0.9580155703860781,0.94146776
0.499648936267201,0.49957347
0.7862602092563921,0.68013287
0.9645184153167041,0.9593055
1.0,0.9995023
0.5093220955680401,0.51125467
0.49876826102715605,0.501691
0.970779435097691,0.97219664
0.9257139416868081,0.9328288
0.5005912469110491,0.49936506
0.5073952322253641,0.5073329
0.49932753335914004,0.49882394
0.504556372306183,0.5077229
0.8948067632850241,0.8976876
0.720153729124369,0.7295523
0.51958308166569,0.5221967
0.49459843295655503,0.4992866
0.9579435540858701,0.9563838
0.5237511264937731,0.5090119
0.937593083999334,0.9516295
0.8693182380098271,0.8766717
1.0,0.9997985
0.500642846832961,0.5012592
0.9563184663536771,0.96421766
0.49333263125343,0.49956205
0.50001371170741,0.49968705
0.49963142192520704,0.4992382
0.8395543702593371,0.8499098
0.50064859365642,0.5021159
0.9918699186991871,1.0002791
0.5004044770249161,0.49972612
0.500695032837249,0.5000512
0.957676074574455,0.98095316
0.9259787858746191,0.90830785
0.614360509157111,0.57185435
0.858600125233399,0.8539554
0.49652035514771403,0.50000465
0.9095772532999781,0.84335935
0.9470311730538111,0.9454026
0.743930739661355,0.69131136
0.9581229464244051,0.95719683
0.854025972409565,0.846585
0.49989718451914605,0.4999659
0.5242534946205211,0.50091606
0.500454067453571,0.50016046
0.8688234080877131,0.87226725
0.500196483219839,0.50075626
1.0,1.000015
0.487872102992473,0.49337345
0.9823753991392471,0.97200334
0.501229055294669,0.4991585
0.8851908263089401,0.9091905
0.7529649524625951,0.6882217
0.502315307103474,0.50841856
0.500033000362297,0.5005936
0.49970386444477105,0.49965242
0.501273107894004,0.50484294
0.553530481569084,0.55488
0.500044385706863,0.499584
0.556814552200649,0.5535145
0.8813239184562711,0.8865911
1.0,0.98274326
0.630250747642051,0.6813064
0.5000402802899451,0.5005592
0.9565784904943421,0.9597543
0.499634347883031,0.500286
0.8593634979412511,0.86865026
0.498409922024635,0.49922565
0.499634347883031,0.5006066
0.921806961603546,0.93231976
0.566723690515279,0.57075036
0.949168977271259,0.92107654
0.504389555201746,0.5115263
0.9298050049800191,0.9263779
0.9601715686274501,0.96347535
0.9280490466117801,0.9152253
0.7724225868133561,0.76908135
0.49906577464204005,0.5017743
0.9720374307619931,0.97639316
0.515010946907498,0.61249804
0.8925992009232291,0.9006039
0.8920643475671741,0.8921236
0.49895693491174103,0.50096965
0.6003705449804041,0.5853638
0.5004730773766181,0.5015814
0.5772991418377971,0.5679215
0.680877867662196,0.6686636
0.7787416806253851,0.76887685
0.498042911677041,0.49868608
0.5006955946478261,0.49934798
0.49988837093825506,0.4996336
0.499444879647826,0.4989388
0.499512079911519,0.49836126
0.787487506867093,0.7547905
0.501069492221199,0.5012294
0.864814814814814,0.86754143
0.525530089639848,0.54616076
1.0,0.99855375
0.5191643577215961,0.8037177
0.8350384489027071,0.87453336
0.503749774589987,0.50125957
0.500912125521858,0.5002445
0.574280866853326,0.70110816
0.498713552170488,0.4992243
0.49963142192520704,0.49924135
0.508737747738299,0.5040674
0.506369955455378,0.50841856
0.500642846832961,0.50128365
0.5740481023316061,0.5721888
0.517841270006662,0.5187456
0.7413690476190471,0.75246066
0.501298943348574,0.5002588
0.517492497494336,0.53466004
0.506630847299889,0.507072
0.5019623456198931,0.49962518
0.6832493592440441,0.6997442
0.5138826164647861,0.5262719
0.49925020236184503,0.4997011
0.5567223290320631,0.5634848
0.635160901075693,0.61452806
0.500316846678864,0.50005317
1.0,0.9938019
0.506677355206939,0.5007898
0.5556507322456661,0.5404947
0.952074998746225,0.9510069
0.49866589658526905,0.49863216
0.810408555644312,0.85077757
0.5510968284976271,0.56302005
0.499381135713136,0.49970663
0.501035434220469,0.5009572
0.501949755440659,0.49969268
0.8704638629749331,0.8549521
0.7725955813216531,0.8172689
0.519042142290948,0.5327345
0.942387382879436,0.94363886
0.9777573334588071,0.97293246
1.0,1.0010102
0.832471539843872,0.8413631
0.720111448834853,0.7432928
0.641630462299387,0.61077815
0.8447999643365751,0.79933274
0.5119384970264821,0.5064723
0.682065787319727,0.6788609
0.943485392820929,0.94777465
0.913299340764097,0.9118551
0.8315914890978271,0.8048954
1.0,0.99986655
0.795345217211445,0.8048954
0.509955598769667,0.5302165
0.623886532690591,0.71382254
0.49636430917023405,0.49956715
0.9648707353252801,0.9462057
0.504942964659282,0.508942
0.9244199755412571,0.91359085
0.499444879647826,0.50024587
1.0,0.9943112
0.8707097846350411,0.8635185
0.500380311865968,0.49995306
0.499879448442118,0.49940738
0.49971191282109806,0.5008908
0.542739143018668,0.5406728
0.912634625688239,0.87154007
0.9145973774027171,0.9029132
0.515010946907498,0.52970546
0.5087189550551621,0.53301454
0.504481530931859,0.50062835
0.911230163039582,0.9043211
0.9168698561445421,0.9153329
0.515010946907498,0.6177302
1.0,0.9997985
0.7079587079587081,0.70017165
0.496682386908857,0.49892575
0.9364531481968211,0.9531821
0.503857000750013,0.50780696
0.9811502991238841,0.967184
0.49971191282109806,0.5004908
0.872411989719682,0.89505285
0.8687044727760881,0.87428874
0.9228811846142361,0.9558928
0.8141673772355591,0.84851396
0.498769981174049,0.4992953
0.5028495167789601,0.5080096
0.950933519354845,0.9518005
0.49972332591331703,0.5013629
0.767594381427104,0.8045146
0.5339102158586401,0.51761067
0.49338125545624606,0.5002364
0.872299478486925,0.86942893
0.50052093191691,0.50365233
0.505495127165774,0.49902716
0.503250030980359,0.49928004
0.864814814814814,0.86754143
0.8102799188278661,0.815867
0.8622874330575001,0.8629561
0.9803112049417471,0.98445255
0.8562579216254451,0.86721927
0.8214941897750231,0.8457884
0.5307554479334511,0.5218823
0.6495816312610201,0.6164296
0.49895693491174103,0.50055134
0.8967627082426941,0.8889117
0.751666666666666,0.7548517
0.5007841294916691,0.511294
0.9030013623034131,0.86236817
0.9259787858746191,0.9221628
0.500558013856718,0.5003567
0.500558013856718,0.5003567
1.0,0.99401593
0.9019101425881081,0.89967126
0.6795587583646261,0.64537746
0.528594073223215,0.5005059
0.7804619581141311,0.7583391
0.636975218774808,0.63278234
0.501229055294669,0.50000465
1.0,0.9997985
0.49855463791498306,0.49922314
0.937964663636053,0.9304619
0.8386763982376471,0.8471113
0.623863286329247,0.5735599
0.49924533922289505,0.50568116
0.500695032837249,0.50007564
0.500558013856718,0.5003567
0.49963142192520704,0.49924135
0.49495200888929003,0.5223349
0.980739928976705,0.97269565
0.8466168085216521,0.8386264
0.500923933778572,0.49990052
0.500492959193035,0.5313291
0.500565197105398,0.49936506
0.8988528264528831,0.88617796
0.502785405714973,0.49880576
0.89360296538163,0.95514953
0.500366546145096,0.49797094
0.968392356942777,0.9804366
0.49889943051422503,0.49899253
0.496862097183462,0.49971065
0.9583025560298281,0.97013366
0.500708693152706,0.50076276
0.5022111382681821,0.5008449
0.500196483219839,0.50081515
0.8750148918837891,0.8665545
0.516024673979219,0.51578104
0.796154056864096,0.7984363
0.504082193788851,0.50032455
0.892507888403663,0.9041971
0.502405799874526,0.49710053
0.7313114027993031,0.6882422
0.9343604108309991,0.9323364
0.49934563800066806,0.49959558
0.9569735054153131,0.94562054
0.7877469822109161,0.7219605
0.9949677430222171,0.98737
0.49834145866504304,0.49895748
0.5012948228396791,0.48637268
0.5736638534673391,0.5466291
0.497685388722554,0.4991585
0.956084044337511,0.9421393
0.8839092997284391,0.8842429
0.49925020236184503,0.49935332
0.499304703760638,0.5106082
0.498713552170488,0.49916548
0.506821247985781,0.501555
0.87158036253055,0.8807128
0.668930293004916,0.7982905
0.855454830375011,0.83942896
0.499512079911519,0.49836126
0.956784178525477,0.9488857
0.864814814814814,0.86731094
0.598244503614853,0.6311237
0.908694334981019,0.9166853
0.5299933675166201,0.5171328
0.498263375631296,0.49844208
0.9366988657667181,0.9365248
0.503749774589987,0.50125957
0.498042911677041,0.49861318
0.500893605598554,0.4978015
0.49651688659367404,0.49915242
0.9785402147104271,0.9740325
0.533156944433405,0.52640265
0.500323675707262,0.4993595
0.49763998039973306,0.4985978
0.49993347492712303,0.49908322
0.495611661615788,0.49889246
0.5023269048546071,0.5044166
0.49990608997482505,0.4994021
0.523496397387044,0.52299
0.5717260049824241,0.54229164
0.49717805727789005,0.4988107
0.9844637855142061,0.9848744
0.49660948561314006,0.7825743
0.66759598336559,0.6445689
0.49347498894968206,0.4988531
0.9635606674775341,0.92659545
0.49187461855414305,0.49719003
0.5004070501062431,0.50094384
0.49932753335914004,0.4993285
0.8686479232051221,0.87018836
0.49652035514771403,0.4991585
0.82530532621226,0.83106244
0.49947445958747605,0.49959558
0.499580511765055,0.4993154
0.858655031464934,0.8418362
0.83194971501694,0.82505023
0.49716482455190303,0.5004362
0.49975057879967805,0.49880576
0.497398273832706,0.49676555
0.49099737823918305,0.5031729
0.5096745992214641,0.5097228
0.499381135713136,0.49969083
0.864814814814814,0.8635938
0.935450461001854,0.9435376
0.49528512531366603,0.4997825
0.8920894773517801,0.89062524
0.500728741052317,0.49670225
0.5258567300750691,0.52803487
0.846057789355762,0.84748566
0.9119066312377541,0.8989008
0.500312096715272,0.49579751
0.49983992584833503,0.49990588
0.9395833333333331,0.96050704
0.911952867302501,0.92032754
0.496690542083272,0.50171185
0.5068537395442091,0.4995595
0.532555802776656,0.52335304
0.49918770066295604,0.49990588
0.49852733247435504,0.49785057
0.9504859127656481,0.9295479
1.0,1.0020856
0.886460931597804,0.88861984
0.500196483219839,0.50081515
0.7715764290623971,0.7408828
0.49950405146004806,0.49975887
0.8377924994578251,0.8617612
0.94482180451632,0.9526757
0.517541285298294,0.51465124
0.941743816658097,0.9491846
0.516024673979219,0.51578104
0.8902104069426781,0.875532
0.6718605339685481,0.6501517
0.838904768466443,0.84183633
0.5698428756071691,0.5751247
0.9654344881735061,0.95434374
0.50087136346048,0.50345874
0.9419781280579341,0.95719683
0.9579015928222271,0.9497139
0.5609156411852491,0.5595173
0.932367899823584,0.9478523
0.9145809309308891,0.9398153
0.750226574649375,0.84399253
0.907893780065224,0.9275426
0.502766212174373,0.49908456
0.49915527454453507,0.50120413
0.5043461699854921,0.5023907
0.50337933341758,0.50174
0.5117695778198841,0.51616657
0.504481251059143,0.5072487
0.5004227315494191,0.50093675
0.532983473519223,0.51807445
0.9927693395365801,0.9733463
0.5008236370590881,0.4995953
0.499879448442118,0.49940738
0.63021669341894,0.6824234
0.957207257832811,0.9513234
0.9708457393350161,0.9535898
0.891259397573509,0.9110877
0.491724624786024,0.49651134
0.5022162440276571,0.50055134
0.5006955946478261,0.49934798
0.505523239257324,0.50436264
0.941941412768707,0.94627786
0.502639362891784,0.50239676
0.8514889172574831,0.90690684
0.5768722859382861,0.8457836
0.5024383097839941,0.5112866
0.846045992968485,0.8367293
0.945781010714362,0.9434559
0.9784844579063341,0.982699
0.9663522909833631,0.9710848
0.5010249790934861,0.50904167
0.8942880066783381,0.85038686
0.9181282000508451,0.8993978
0.498769981174049,0.49826318
0.9625025003998261,0.95199096
0.900584384167983,0.8945569
0.834830901369193,0.9028976
0.503441868308949,0.5078302
0.566738914582627,0.5579331
0.499444879647826,0.49976072
0.9266416821112271,0.9217045
0.5004070501062431,0.50002867
0.9588213113492091,0.9594803
0.5002878058029441,0.49995306
0.5053915659760451,0.51290685
0.9557681906987341,0.94984174
0.535389311011717,0.55284345
0.778182327320993,0.8107816
0.885433417369149,0.88164216
0.5027884282206511,0.49931234
0.8823810136769701,0.88293314
0.9395833333333331,0.92351276
0.855910844416594,0.8510901
0.499879448442118,0.49940738
0.8643208139567461,0.86145777
0.9296820115945401,0.92833936
0.5004070501062431,0.4999329
0.547823610175451,0.5510135
0.8541259167034161,0.8452347
0.48462567186067,0.5064723
0.8359309235441761,0.8245611
1.0,0.9995679
0.8847390199039311,0.9035161
0.85143920134891,0.8317773
0.49892143726581606,0.49867383
0.502834955459427,0.5010195
0.8958677609826861,0.9049344
0.49676203921370704,0.49781302
0.9924626222220361,0.9777232
0.503060451783494,0.5005936
0.5013120857916891,0.50082046
0.499512079911519,0.4983857
0.9252939832527881,0.91538733
0.540034134636407,0.5262127
0.5815438642980361,0.57501185
0.9149447360528881,0.9233144
0.8904722558215201,0.8724068
0.9141286937859001,0.92353517
0.945240878885738,0.9508597
0.8879345722028651,0.8864264
0.863709656727866,0.8716936
0.9229450496082631,0.8972067
0.971046650855451,0.98227185
0.750558964663517,0.81013525
0.5068055120434051,0.5047583
0.5002623458294411,0.50049967
0.517541285298294,0.51317793
0.8439865988367221,0.8582296
0.7117243867243861,0.868725
0.8781558191952411,0.86127114
0.572081006488672,0.57356584
0.49187461855414305,0.49822214
0.5007573911272101,0.50114465
0.49971191282109806,0.49969313
0.8522066269376051,0.83775395
0.558017004144651,0.5444421
0.49945956534365404,0.49797094
0.499827204468106,0.49917307
0.6126854183303541,0.5898861
0.498769981174049,0.49844918
0.49852733247435504,0.4985978
0.9879353233830841,0.98973155
0.981170207254009,0.94520444
0.5019054264316231,0.49909917
0.5019054264316231,0.49928516
0.9075354243261441,0.8882128
0.63021669341894,0.6781363
0.49625372964696,0.4978477
0.49950405146004806,0.49975887
0.6354621770664091,0.64138746
0.504481530931859,0.5017574
0.545967189404853,0.53418314
1.0,0.99927497
0.5438136658960461,0.52443224
0.5009064503845541,0.50439054
0.501073859387226,0.50135964
0.49882972481367205,0.51192784
0.501610266277696,0.49976867
0.5029671218750751,0.501691
0.501656857862605,0.51003706
0.497685388722554,0.49940816
0.8693900126654021,0.86691976
0.8687044727760881,0.8789932
0.500454067453571,0.50016046
0.504076243592137,0.5013677
0.9590823970037451,0.93580335
0.501502943472516,0.4995798
0.8932751407988361,0.8955919
0.9280630492688801,0.9280813
0.49835246090225205,0.49912852
0.498030539805744,0.5012296
0.7830250339191871,0.7544483
0.49652035514771403,0.50000465
0.854362936153634,0.81891674
0.983202368702436,0.970146
0.731752257423114,0.69161713
0.566723690515279,0.5668649
0.8750229954809611,0.87113655
0.946470151021041,0.9283503
0.540888072196121,0.5168269
0.971239765631914,0.9547754
0.501917048358487,0.499584
0.9348228277738101,0.92353517
0.9259787858746191,0.9050228
0.63021669341894,0.6854021
0.8502914085044291,0.86212426
0.523642728543254,0.5228264
0.49950405146004806,0.5000311
0.6804814044860851,0.66899234
0.508146071122479,0.5109927
0.897812349616749,0.89953756
0.543322971063827,0.53168356
0.504060008676797,0.5045101
0.506860141789381,0.5021701
0.9450433211629411,0.97302437
0.8809503138493591,0.88500744
0.49763998039973306,0.49785057
0.500511544482512,0.4983426
0.49993347492712303,0.4978893
0.501760443386096,0.5045142
0.961202049403549,0.94055855
0.519111959764289,0.50982356
0.910066082438813,0.92353517
0.9254632268958031,0.89726704
0.9023472411826341,0.90067416
0.964671340187333,0.9398185
0.864814814814814,0.8671513
0.500912125521858,0.49928516
0.940941360508679,0.94479656
0.502088980303765,0.5012921
0.992878028404344,0.9940546
0.49972792679134503,0.50347745
0.946214982633477,0.9488857
0.500239914586007,0.49948937
0.9874031007751931,0.98824996
0.499240349947895,0.49959558
0.508973004310737,0.79921186
0.640294923248522,0.6722285
0.7413690476190471,0.75269115
0.857773035092641,0.83942896
0.854624553127976,0.8431008
0.9625485505121141,0.95067066
0.8416374470112781,0.8703903
0.9397909276430411,0.95175487
0.7573233670510391,0.71843815
0.499444879647826,0.49943817
0.9113027604672461,0.9417269
0.8628744416538741,0.84906614
0.5032767425251451,0.5003489
0.500237754817213,0.501023
0.7856179569239921,0.8155258
0.5272119965398651,0.5180949
0.530869091697146,0.5391733
0.9632432658488761,0.9562933
0.8468338399189461,0.8473386
0.49927043294628703,0.4976257
0.501730502596727,0.5020573
0.885433417369149,0.8772711
0.614795325263057,0.582477
1.0,0.98468393
0.5057431534766931,0.49901938
0.49989718451914605,0.49990708
0.513525168304465,0.50434184
0.815388754371805,0.790643
0.630356449070198,0.68214554
0.5227587722437811,0.52967435
0.9138852840353351,0.90424925
0.9820130354170651,0.9768266
1.0,1.0307102
0.9095830301346941,0.9262502
0.9600277723393301,0.9664449
0.49676203921370704,0.49756336
0.961475323287823,0.96545106
0.852364443871777,0.8528867
0.49994587467974505,0.5007268
0.9561627390269771,0.9654423
0.8181571978982161,0.823209
0.557644359359176,0.55342954
0.8899157962538241,0.8932183
0.815388754371805,0.79093677
0.5093539944605701,0.506871
0.5006298083277491,0.49949062
1.0,0.9992525
0.9109836806096241,0.89450383
0.49950405146004806,0.49975887
0.8039262281859281,0.8097097
0.49947445958747605,0.49959558
0.49988837093825506,0.49921227
0.94784221220401,0.94250906
0.501738269514131,0.5008176
0.498263375631296,0.49851525
0.745922268329389,0.6896121
0.9428574436876511,0.9530869
0.501762493715577,0.5009762
0.8917735460192011,0.8766871
0.868858469938763,0.87017107
1.0,0.9943112
0.511625096090194,0.5102968
0.49994656236074503,0.49933165
0.71970027514456,0.7466656
0.8686145794485151,0.8891548
0.984599528857479,0.988079
0.5947574740461771,0.6001778
0.6706031899541001,0.65110815
0.5010020432359751,0.4996842
0.498042911677041,0.49868608
0.7799375710994291,0.7427451
0.502895922392361,0.5023244
0.49990608997482505,0.4988108
0.9713495356648881,0.97380054
0.500565197105398,0.49889246
0.505523239257324,0.5034422
0.7479233785563141,0.76663864
0.5342080078469761,0.5258343
0.9597102688977681,0.9694871
0.967760179092204,0.9730076
0.8933146605066371,0.91106087
0.5666120253512801,0.5691116
0.8175002918729871,0.84102166
0.49862299254934206,0.49887466
0.9073781913636021,0.92132294
0.5021745927094511,0.50498
0.501177342223983,0.4878142
0.859220970228712,0.854055
0.95515787739917,0.9592903
0.91313414962178,0.9130593
0.573429419489769,0.5599049
0.500366546145096,0.49795514
0.49811173289433003,0.49954903
0.49889943051422503,0.49899253
0.8463389737964151,0.8378385
0.49528512531366603,0.50091153
0.831886827726738,0.8470363
0.528383295340632,0.5290064
0.65393614093036,0.5828356
0.626689129492867,0.60711247
0.5057216938824131,0.50568116
0.5093064265928411,0.5101025
0.7395069612785231,0.77592856
0.49763998039973306,0.49785057
0.511457617999422,0.5094577
0.988033766233766,0.98853624
0.8137363829144011,0.8044805
0.9521129372273581,0.95675
0.9906773869590321,1.0005481
0.5019054264316231,0.5002445
0.506354397926953,0.50439054
0.9304749873847791,0.9129214
0.8056837869222411,0.79716927
0.5011828155593401,0.5005175
0.7413690476190471,0.75216645
0.5579308918872531,0.54349583
0.8281923190174071,0.82613915
0.5012948228396791,0.48664528
0.494192583088766,0.499584
0.9724937996031741,0.9884286
0.521588724548958,0.51580125
0.49528512531366603,0.50091153
0.9554102302925831,0.9406087
0.968710168502903,0.9583961
0.523652053120194,0.5158823
0.947873681873682,0.94370365
0.499745275795049,0.49977505
0.973534338358459,0.9805653
0.911527787389359,0.92902774
0.7610645160877311,0.7928069
1.0,0.9995699
0.540137159392674,0.534059
0.502387797838383,0.49942526
0.5630757780859731,0.5539492
0.96639738818383,0.9648343
0.659800895899032,0.63703436
0.5152787149751691,0.5100629
0.770943224585929,0.8172689
1.0,0.9964415
0.5029671218750751,0.501691
0.5038721572259061,0.5044005
0.5006955946478261,0.5009817
0.52143988558679,0.4992267
0.8586893255692121,0.81290424
0.580782135059701,0.5812846
0.5523827592795021,0.5422827
0.8626350888523581,0.8597165
0.982910868575073,0.97240067
0.49823317499747805,0.49937412
0.6653625366004,0.5827543
0.5011807159693831,0.50523937
0.9720724965024701,0.94562054
0.499363200916949,0.5003568
0.831155640134512,0.8425562
0.5004227315494191,0.5009612
0.508429373249788,0.50788206
0.9377023678881051,0.93603253
0.9511928916702611,0.9398185
0.501869244134717,0.50185007
0.501073859387226,0.5007639
0.9583025560298281,0.9651934
0.8282331900795581,0.8388672
0.503967010416522,0.5063565
0.7921760015713301,0.81238955
0.500949894442691,0.5027552
0.7303221520857841,0.7351196
0.9241531667572641,0.9276519
0.51989378123741,0.52664715
0.49580429112956403,0.49676555
0.5004031956281041,0.4994583
0.8717930694604301,0.8589641
0.500380311865968,0.5000246
0.8141673772355591,0.8516779
0.7385316686774871,0.7287008
0.505511731443679,0.5069833
0.49918770066295604,0.49990588
0.501610266277696,0.4997216
0.502214215399421,0.5078302
0.5012948228396791,0.48622757
0.9622817624348831,0.9556367
0.5074067477021691,0.51453996
0.499354866055418,0.49940005
0.514492301549752,0.51003706
0.49544246709068,0.4991915
0.499827204468106,0.4995986
0.9905576132400291,0.97132415
0.49918770066295604,0.49990588
0.500239914586007,0.49956763
0.924993206490039,0.94055855
0.636885592324922,0.6128409
0.5014627197810271,0.5021346
0.5032152820695001,0.5008202
0.898185340651069,0.8795808
0.6653625366004,0.66472155
0.9524622208236241,0.9483422
0.8342475917312311,0.8476442
0.8259601981962671,0.81449056
0.885604813552699,0.8549362
0.9686828515170791,0.96209544
0.500912125521858,0.49909917
0.49886676557566406,0.4998837
0.499240349947895,0.49959558
0.9777032828282821,0.98240834
0.873555489141262,0.8876511
0.488907066545037,0.5010321
0.497685388722554,0.50000465
0.8734742923024911,0.8805113
0.49918770066295604,0.49990588
0.9433261651493351,0.9308392
0.865459374060301,0.86054754
0.49647876201804503,0.5004953
0.827834130967608,0.8576754
0.902291422464594,0.90881157
0.744704157166278,0.7605434
0.5030921692193541,0.5057261
0.500565197105398,0.4991892
0.8721392917126131,0.8814431
0.49675294502618206,0.4975499
0.8902591936682841,0.8901902
0.89612617792086,0.89472854
0.502895922392361,0.5010074
1.0,0.98920333
0.500352929692589,0.50025064
0.5004070501062431,0.4999329
1.0,1.0000309
0.9386594982890861,0.9162658
0.53101193435669,0.8124888
0.886762604814454,0.85152256
0.500708693152706,0.50076276
0.8874261605654741,0.86212426
0.5088777754722711,0.5034653
0.870311376583154,0.8521441
0.502088980303765,0.5012677
0.8495385394042001,0.8038691
0.8468338399189461,0.8477288
1.0,0.9247972
0.495611661615788,0.49889246
0.8866876616230891,0.8890456
0.5169717932041871,0.51563907
0.5342017052917231,0.5243443
0.521747679690143,0.5157584
0.501502943472516,0.4998598
0.516983477406692,0.5085923
0.516881945324844,0.52883625
0.5376675399684231,0.5393289
0.591779748463349,0.6288565
0.51019166487273,0.50377166
0.646055680114462,0.56232727
0.515010946907498,0.6177302
0.844311635903905,0.8457502
0.5000249731831891,0.49928516
0.49918770066295604,0.49990588
0.5028326229006861,0.49870792
0.9391405122655121,0.915886
0.9848987222909631,0.9617253
0.49924123131947606,0.5035681
0.81757986621941,0.8658529
0.504556372306183,0.5086678
0.502369715283243,0.499584
0.49922349136945404,0.4992866
0.505557291124902,0.5031081
1.0,1.003852
0.8236190465344461,0.7820053
0.909693124412509,0.8902936
0.49823317499747805,0.49937412
0.515566606389391,0.5340963
0.524878468753468,0.5176685
0.917857146923238,0.91801304
0.9375,0.9450404
0.510411296162614,0.51653147
0.5270317213423831,0.52803487
0.781697873324086,0.7785957
0.5010415671261821,0.5038274
0.9052931964939571,0.8819713
0.501502943472516,0.4998842
0.495188167333284,0.49759912
0.5045565464128631,0.5093563
0.8631936285407591,0.8427372
0.514787487796179,0.51298475
0.9252153106040211,0.92902774
0.887516556738406,0.8780398
0.499515142560905,0.50801265
0.502513551067235,0.50318414
0.9590823970037451,0.9245232
0.519848193044207,0.5182664
0.502387797838383,0.49953482
0.49906825143667205,0.50850224
0.5807203820485071,0.5767718
0.5595294255082951,0.55091745
0.751666666666666,0.7534572
0.500949894442691,0.5030552
0.500733123672065,0.5044911
0.499580511765055,0.4993154
0.500536419020265,0.5006066
0.49893805928350604,0.49931836
0.50500233100233,0.5117668
0.9239918786225291,0.9340305
0.49945956534365404,0.49795514
0.5091365244285581,0.506871
0.7159806868009061,0.76019853
0.9145178771639221,0.9205592
0.8748905536248601,0.87978053
0.854408024565374,0.85658073
0.559453328540894,0.54066837
0.849528685649913,0.85732263
0.502528758744563,0.5009651
0.963939276079332,0.9787251
0.49925020236184503,0.4997011
0.50002312641829,0.49969366
0.5708362951915961,0.63749886
1.0,1.0005405
0.535051840531657,0.52665585
0.503749774589987,0.501761
0.8801983549533161,0.86943656
0.8920894773517801,0.8949962
0.49566712909998006,0.49971065
0.49474996850988506,0.4980087
0.499745275795049,0.49977505
0.494334354882186,0.501487
0.676988215968479,0.6353351
0.5029671218750751,0.5008449
0.8881663205254821,0.8943091
0.50762224920442,0.51859623
0.941736694677871,0.93808234
0.8917667643838051,0.924006
0.8230340181189001,0.79086506
0.9035278064823381,0.88164216
0.708277820810117,0.7197577
0.5021469565472471,0.50468695
0.8676122314209691,0.8787637
0.504525411328203,0.5009107
0.50361339539577,0.5004787
0.49889943051422503,0.49900833
0.85553368428951,0.8566129
0.549603496446981,0.5568839
0.500558013856718,0.5003567
0.9362204767372031,0.94886553
0.8662778209728451,0.8600395
1.0,1.014385
0.758454912970109,0.8577321
1.0,1.0021336
0.49945956534365404,0.49795514
0.502895922392361,0.5023244
0.9711047254150701,0.9666939
0.49521460941190903,0.49848774
0.9716533611366591,0.96740514
0.5007772343574101,0.5009471
0.495611661615788,0.49936506
0.898069256067869,0.9077488
0.49989718451914605,0.49990708
0.504481530931859,0.5017574
0.503149399798907,0.507136
0.500380311865968,0.50001186
0.49889943051422503,0.49899253
0.5021614422087151,0.5010321
0.5115246150643761,0.799776
0.516483626215627,0.5125207
0.5117476120133301,0.5216405
0.85319063094791,0.83707494
0.8109390530507311,0.78531116
0.7202744685287941,0.7629081
0.683751421102049,0.66393936
0.51788292632958,0.5010321
0.49950405146004806,0.49975887
0.5054245389486131,0.50408953
0.903535459631924,0.8913791
0.51887843089407,0.52043384
0.5604224484031171,0.54693747
0.9375,0.9646047
0.500079433225301,0.50133663
0.497532833861179,0.5056989
0.499281639805824,0.49903795
0.9601715686274501,0.9713035
0.5443771609082501,0.5404235
0.50001371170741,0.49968705
0.9395833333333331,0.92254096
0.9480286738351251,0.9595063
1.0,1.0032922
0.5048796601417841,0.51273465
0.5783245911524191,0.84898937
0.9695573060470101,0.9667855
0.49930033341530805,0.4986626
0.812711530893348,0.76610696
0.500565197105398,0.49859175
0.851182392657983,0.82555884
0.501460164601713,0.5026338
0.499354866055418,0.4992269
1.0,0.9865465
0.536129471738506,0.5293056
0.5093208771609941,0.5038207
0.5052246039975821,0.5061695
0.9395833333333331,0.9241593
1.0,1.0029461
0.785478131078978,0.7926234
0.751666666666666,0.7592824
0.9575001705470451,0.9761209
0.8780379222116861,0.91569906
0.928616352201257,0.8029069
0.5949103500665991,0.6467288
0.502503087408384,0.50032455
0.49717805727789005,0.4991585
0.500454067453571,0.50016046
0.617732059099462,0.79718393
0.49799317202414206,0.499584
0.5047848604998371,0.50232756
0.9791847906418361,0.9826631
0.914548069396051,0.94901955
0.500573224566362,0.49895298
0.5056720782955331,0.5027148
0.5007841294916691,0.51036525
0.500695032837249,0.5000512
0.7255187074054521,0.57583874
0.501817703774455,0.50153965
0.7769205120475521,0.7917446
0.8468338399189461,0.8477288
0.8809140646617991,0.88069457
0.8871457600692151,0.88476205
0.500558013856718,0.5003567
0.9395833333333331,0.96160567
0.875538555752273,0.8544738
0.527996556976938,0.5525226
0.5513646315995551,0.5444551
0.5096559537938821,0.5082324
0.500949894442691,0.5030552
0.501715042662901,0.5019404
0.8233575606525031,0.8338538
0.9391415446172141,0.94773614
0.5088489145311711,0.5114429
0.629278547352155,0.66432226
0.49927350117714603,0.49993923
0.500119604378338,0.5006713
0.49638186056019407,0.5013601
0.504082193788851,0.50034034
0.501659843439972,0.49987936
0.500316846678864,0.50005317
0.9731509543963001,0.9774251
0.498042911677041,0.49903452
0.5291433972024561,0.5547106
0.812681448046188,0.82613915
0.5109124818066001,0.5143933
0.5656657467820261,0.5488094
0.5051912352932221,0.50906223
0.49970386444477105,0.49947688
0.573163068043213,0.7624427
0.49893805928350604,0.49925953
0.5108387053570961,0.5091382
0.550990645536196,0.5395988
0.5000249731831891,0.49928516
1.0,0.9985165
0.5046270154587751,0.5040801
0.498874373076289,0.49903795
0.499240349947895,0.49959558
1.0,0.99611634
0.9297742784424791,0.91567
0.888744004017281,0.90565705
0.8996279311524531,0.9102065
0.8499999999999991,0.8393633
0.505495127165774,0.5008353
0.886219167204205,0.89398724
0.49514659565078906,0.4999058
0.49866159281932904,0.49706945
0.955621796930857,0.9500595
0.49983373386925406,0.50125545
0.9533649551877551,0.94773066
0.8468338399189461,0.8473386
0.49494969636367103,0.4994082
0.49497986311616904,0.5035681
0.49989718451914605,0.49990708
0.5229151885301341,0.52663565
0.5000402802899451,0.5005592
0.9153049869871731,0.9115183
0.510805258832787,0.51296633
0.497483394404772,0.49843702
0.5645694329776221,0.55002415
0.810153844146825,0.72891915
0.495188167333284,0.49759912
0.501486968280562,0.5002499
0.49763998039973306,0.49785057
0.497685388722554,0.4989725
0.5140280780201321,0.5005059
0.980392666528037,0.969851
0.5062307227599181,0.5065957
0.891243868821419,0.88590074
0.6673576713646401,0.62129176
0.502503087408384,0.5000446
0.900567705092814,0.8971734
0.9038531603818311,0.90753484
0.499060556297497,0.5039184
0.5280177128128241,0.53559005
0.5062609589197651,0.5009817
0.9438202247191011,0.91910934
0.5000249731831891,0.5002445
0.5002878058029441,0.5000246
0.497470761912836,0.5031729
0.49732266931324,0.5006014
0.49947445958747605,0.49959558
0.500923933778572,0.49990052
0.57711117796345,0.546726
0.790691811475388,0.7926234
0.630250747642051,0.6822352
0.5022111382681821,0.50156474
0.8141318887105401,0.8287101
0.500695032837249,0.5000512
0.720111448834853,0.70579994
0.505737251426302,0.5009817
0.49477006983059,0.49887466
0.499827204468106,0.4990948
0.505161168960227,0.5115359
0.49990608997482505,0.4985738
0.849996395123061,0.8642567
0.509061072432562,0.50680846
0.790277377370962,0.81682694
0.49963142192520704,0.49924135
0.503733820832397,0.4961353
0.6723914732203321,0.6239187
0.5143130856488201,0.51256734
0.53718861064426,0.5486842
0.610563657605787,0.61195946
0.500380311865968,0.4998799
0.506006671597484,0.49778852
0.958716219989706,0.9525714
0.508301574289984,0.5011854
0.8669149985247101,0.87194526
0.49734644264454203,0.49910438
0.587453767680248,0.5808063
0.501762493715577,0.5009762
0.6051839009247431,0.63858426
1.0,1.000015
0.49989718451914605,0.49990708
0.8549913865852781,0.8524382
0.49893805928350604,0.49925953
0.501730502596727,0.4999994
0.8664179820241671,0.8700302
0.9629836986055301,0.9192756
0.8610309855238061,0.8664674
0.781697873324086,0.7785957
0.5339102158586401,0.5157688
0.49652035514771403,0.4992986
0.975906544435956,0.9860109
0.63021669341894,0.6854021
0.943876158266793,0.95719117
0.8564642337268231,0.8652846
0.497209265584415,0.49811363
0.8193559830883761,0.819868
0.5082562574949601,0.50347745
0.526137031467732,0.52852005
0.5532575520063601,0.55191755
0.9196871002923591,0.89789563
0.49994587467974505,0.50182694
0.9693891640817771,0.97255677
0.937049981262782,0.9398041
0.502600199132773,0.4990856
0.499444879647826,0.4996842
0.500345496894614,0.506694
0.535459983997096,0.5414995
0.501762493715577,0.50100064
0.9480286738351251,0.95639265
0.5300758095246231,0.55711025
0.500699004349489,0.5021346
0.50002312641829,0.49966925
0.6073679302974221,0.6499268
0.950943060776622,0.9513234
0.49934563800066806,0.49959558
0.6776479970005681,0.6623216
0.50014337970787,0.5008888
0.989886219974715,0.98997736
0.760677305084822,0.7420186
0.563246544330194,0.5505825
0.49862299254934206,0.49844918
0.9967467467467461,0.9949427
0.7527525965717331,0.7383845
0.49614197355154205,0.49910438
0.5138293481436861,0.5188751
0.636885592324922,0.6169833
0.9781145391093921,0.956768
0.6811321557911151,0.6310831
0.918427230046948,0.92314225
0.5047226115804321,0.50347745
0.5047612707442051,0.507136
0.505495127165774,0.50125355
0.7980102672264101,0.7590628
0.497610614119848,0.49799094
0.931058868775069,0.93016833
0.502753217669832,0.5020311
0.498287694222926,0.50499165
0.50002312641829,0.49966925
0.497685388722554,0.49908024
0.918238270398761,0.9196672
0.9073781913636021,0.93375576
0.49922349136945404,0.49943817
0.500196483219839,0.50075626
0.486228932538222,0.49745524
0.8676122314209691,0.8734795
0.81264592036214,0.8529606
0.51887843089407,0.5271394
0.9879353233830841,0.99982196
0.499826605909008,0.4988927
0.9816964767142701,0.9202071
0.9756396937787911,0.9911199
0.8660626410626411,0.8780505
0.5052246039975821,0.5038503
0.8664187488167081,0.8750654
0.501610266277696,0.5001942
0.9691175218095691,0.9806369
0.511714990926265,0.50347745
0.8147099152420191,0.7888288
0.900119502134692,0.91392976
0.918427230046948,0.9311278
0.953116093688764,0.9545171
0.964565295815296,0.9840708
0.8141552738699901,0.84664893
0.49521460941190903,0.49848774
0.9782373354276,0.99180734
0.496682386908857,0.49939835
0.49989718451914605,0.5000029
0.5297517479207331,0.6756246
0.981324802221573,0.9766619
0.782424527633768,0.78229296
0.501298943348574,0.5003491
0.498096079743974,0.49993485
0.8687788987999081,0.8913777
1.0,0.98468393
0.499354866055418,0.49947655
0.498263375631296,0.49851525
0.9358316229215371,0.9236918
0.6591594716269681,0.6517018
0.504060008676797,0.5039137
0.8601488095238091,0.88482076
0.49950405146004806,0.49975887
0.847512230496239,0.84326464
0.6653290773941151,0.70088273
0.9054817732263021,0.91578496
0.502387797838383,0.49909917
0.9025099252552361,0.8293107
0.8846970450239041,0.8963537
0.9402420761949251,0.95297056
0.986384976525821,0.978444
0.5082562574949601,0.502485
0.9465567771100131,0.9533318
0.496682386908857,0.49914598
0.8495672496474581,0.85649335
0.9322298311522441,0.9202122
0.8031603739996991,0.7993337
0.5029671218750751,0.50142455
0.590349216057048,0.58938366
0.828426609820864,0.833292
0.9344092448694951,0.9320801
0.931852143474546,0.94752914
0.959603579369326,0.97370785
0.499508824916345,0.50357956
0.918427230046948,0.9215605
0.49866589658526905,0.4983096
0.49817116629641706,0.49971065
0.499444879647826,0.49976072
0.49811173289433003,0.49957347
1.0,0.99817723
1.0,0.999067
0.513589621769874,0.50434184
0.6395296167247381,0.6832013
0.9365803231721691,0.94545853
0.50547158644015,0.50226474
0.9570001278328011,0.94423014
0.586612299825227,0.5821135
0.920474733966797,0.91322947
0.9718644910790921,0.9587982
0.759785059064341,0.7370328
0.663958187675986,0.64794123
0.49934563800066806,0.49959558
0.500050277734842,0.5006066
0.530624109345275,0.5397475
0.9888980113118041,0.98559105
0.5735409208265441,0.56620693
0.9785265266832701,0.91810304
0.8888723255092791,0.8936032
0.9477324910007541,0.92142475
0.509195575666164,0.5101944
0.9572675749663181,0.97239995
0.7789365904167931,0.7393997
0.49993298366737504,0.49959558
0.9367555440688481,0.9514332
0.500728741052317,0.49697715
0.5088513599376271,0.5125044
0.9610156988367491,0.9711138
0.499240349947895,0.49959558
1.0,1.0223714
0.497316292883663,0.49956205
0.687517837133626,0.58749396
0.8917735460192011,0.8819713
0.49934563800066806,0.49959558
0.6653625366004,0.66385823
0.8688460787404251,0.8819713
0.49893353652929906,0.49925953
0.5100629488570381,0.4991915
0.8650319921495351,0.86408746
0.49915527454453507,0.49954903
0.839628741350203,0.8597165
0.837690841325034,0.83676696
0.9646220069948881,0.97717613
0.5019054264316231,0.49928516
0.8813239184562711,0.8802885
0.697595006051266,0.7287008
0.539190017328092,0.5404963
0.498713552170488,0.4990923
0.5176220804124051,0.51562184
0.502064968152203,0.5042433
0.577033093130219,0.5745471
1.0,0.99597067
0.503058335837557,0.49965402
0.5007841294916691,0.50428873
0.5027299320060701,0.5046333
0.49854734973614906,0.49822214
0.923211026013611,0.9163657
0.751666666666666,0.7593102
0.509815770398118,0.51053923
0.501762493715577,0.50395185
0.8287230605690621,0.83106244
0.502895922392361,0.5023244
0.5005028064219751,0.49894077
0.8459774332431411,0.79006773
0.880340952887372,0.9121716
0.6582727383543261,0.66202545
0.8468338399189461,0.8477288
0.502239977580721,0.5001942
0.925518237350991,0.92669415
0.5006955946478261,0.49934798
0.5105574080521991,0.50676966
0.9414275249656431,0.931782
0.5067822963758041,0.51091087
0.515010946907498,0.6116953
0.742764716142816,0.78857845
0.98745587255521,0.98593956
0.49959763625281706,0.50168633
0.500511544482512,0.4983426
0.49788746067645906,0.49908456
0.873817283203911,0.8574516
0.50048112905997,0.49752584
0.8874766694669181,0.8699677
0.8781998727044401,0.8776357
0.8553692976666961,0.8509144
1.0,0.98274326
0.876290310424056,0.8795808
0.5001205909509351,0.50730234
0.9019101425881081,0.9027947
0.49985077149785506,0.50182694
0.5062450842673321,0.5097002
0.5020116578658751,0.49838027
0.49187461855414305,0.49822214
0.504060008676797,0.503664
0.5062449652765151,0.5133538
0.5037753590866291,0.5019082
0.9803112049417471,0.990467
1.0,0.9856517
0.500316846678864,0.50005317
0.8096773337954251,0.82379
0.500119604378338,0.5006713
0.5016842884379901,0.49973458
0.49742963110499905,0.49922314
0.51908216831096,0.51340014
0.501035434220469,0.5009572
0.692828316835669,0.66899234
0.49994587467974505,0.50120413
0.8879345722028651,0.88376075
0.513589621769874,0.50377166
0.49459843295655503,0.49920833
0.9138900906205031,0.9381491
0.5006298083277491,0.49996787
0.5071314516936111,0.501892
0.5007657497283611,0.51000464
0.5011135057978411,0.50203437
0.495611661615788,0.49893954
0.5064708395444211,0.5061984
0.630250747642051,0.68195194
0.9408071947485471,0.9436964
0.49934563800066806,0.49959558
0.49521460941190903,0.49848774
0.49760964521620504,0.50148636
0.5004227315494191,0.503432
0.853484228988267,0.84494907
0.850424178102526,0.6655513
0.49906825143667205,0.5074776
0.743810185357464,0.69786495
0.499974726855396,0.5017568
0.5002878058029441,0.49970308
0.8884957152874721,0.8732299
0.894776793269144,0.88464653
0.8959232687784751,0.91696286
0.49927350117714603,0.49960214
0.500454067453571,0.50016046
0.499879448442118,0.4994662
0.49932753335914004,0.49940166
0.8110246187986261,0.77703935
0.627332621686367,0.6788609
0.9547903578257311,0.97355
0.966180717596901,0.95190734
0.498042911677041,0.49903452
0.517965138227091,0.5196336
0.933428933173956,0.9520003
0.956685576632131,0.9605206
0.5003948110181641,0.50182694
0.8686145794485151,0.89460844
0.8646858306270171,0.87948483
0.934019921005486,0.9331465
0.49566712909998006,0.49971065
0.5047226115804321,0.50347745
0.8375829017321431,0.81616604
0.49892143726581606,0.498747
0.504592951289593,0.5020311
0.49989718451914605,0.49990708
0.49781613799915103,0.50254804
0.500511544482512,0.4983426
0.498723076699055,0.5046333
0.9889156853749721,0.9556367
0.49604834869520903,0.501124
0.49657564110685104,0.49971065
0.9086240144348211,0.9105815
0.5620392378485141,0.80601776
0.471673444400717,0.5288645
0.499381135713136,0.49969083
1.0,1.0009475
0.49651688659367404,0.49915242
0.500923933778572,0.49990052
0.826012749612105,0.8459655
0.7711983536807471,0.74712485
0.8694262415477411,0.85267764
0.6272215413199,0.6791097
0.5004227315494191,0.503432
0.49854732099418503,0.49808702
0.8638829608075641,0.9160967
0.939951236136163,0.9513234
0.491724624786024,0.49907625
1.0,0.9695569
0.90218863896817,0.8916368
0.799634555393948,0.796285
0.503058335837557,0.49965402
0.9225235509535961,0.9371262
0.616937782664369,0.62942445
0.962639443148354,0.95675
0.881887277274867,0.8590855
0.8399155464494411,0.83700776
0.5023343281153501,0.4994082
0.9259787858746191,0.9289413
0.9751624244246491,0.97115046
0.517541285298294,0.5175373
0.50316300115053,0.49901298
0.49929887854478705,0.5014925
0.49979369971931603,0.5016048
0.49750156972143206,0.49943817
0.49763998039973306,0.497975
0.500912125521858,0.49953482
0.5025840175632851,0.565528
0.49932753335914004,0.49940166
0.5138293481436861,0.5188751
0.5062443348992111,0.5009826
0.49925020236184503,0.4997011
0.847150217524078,0.84293795
0.49750156972143206,0.4992866
0.49652035514771403,0.4991585
0.903535459631924,0.88667476
0.8486812810526021,0.87581486
0.502088980303765,0.5042433
0.5039779357026221,0.5055418
0.5019110941665871,0.4991915
0.503168575906466,0.50452423
0.500708693152706,0.50082165
0.50002312641829,0.49969366
0.499580511765055,0.49881706
0.8576420979759861,0.86127114
0.49983373386925406,0.50125545
0.9187699857016751,0.9116988
0.9064927957110601,0.9099406
0.501296629358374,0.5018783
0.5021155773265,0.49799085
0.500695032837249,0.5000512
0.5805028247359191,0.70444256
0.500316846678864,0.50005317
0.49925020236184503,0.5001266
1.0,0.99417216
0.582395530677973,0.5735599
0.49893805928350604,0.49925953
0.49804523428894004,0.49792862
0.49620370484067805,0.49848774
0.597715505555226,0.5558242
0.864120196178196,0.84153825
0.49995679887755,0.4995953
0.901706114279178,0.8957199
0.8425112754891381,0.8558399
0.9395833333333331,0.92351276
0.505036738168411,0.5019774
0.5188018151695121,0.509774
0.773759790565621,0.8008461
0.49915527454453507,0.49954903
0.6474644457653651,0.63278234
0.500511544482512,0.49833944
0.7058673469387751,0.7068926
0.5070102645659901,0.50869477
0.5913838336103391,0.67650485
0.51887843089407,0.52806807
0.4968450207637,0.49710053
0.500323675707262,0.49964488
1.0,1.0002434
0.500642846832961,0.5012592
0.51423052730128,0.51329494
0.500237754817213,0.50074303
0.49657564110685104,0.49971065
0.49970386444477105,0.4992269
0.511079073043987,0.5114382
0.5020668253272921,0.50587076
0.499381135713136,0.49969083
0.49490697627526403,0.5018934
0.49750156972143206,0.49976072
0.5024831771111831,0.5059341
0.9532631340259451,0.94909847
0.730789957999549,0.67187464
0.50337933341758,0.50203574
0.592788456118245,0.59237087
0.505495127165774,0.5008353
0.49823317499747805,0.49937412
0.5202608711662491,0.5399533
0.8561854489139801,0.8388672
0.5012201279771861,0.49945587
0.9060531349718971,0.9048396
0.8535077898589901,0.86157054
0.8440893765590871,0.84433633
0.516681617427392,0.52623844
0.499387746438519,0.49884468
0.502301683615703,0.50504524
0.4968450207637,0.49932694
1.0,1.0020856
0.49993347492712303,0.4982371
0.5004070501062431,0.50156665
0.503717404153812,0.5031655
0.939831034222221,0.9582602
0.989886219974715,0.9901972
0.5586295202190891,0.59676266
0.499827204468106,0.49931318
0.5807203820485071,0.57770044
0.49484753277226906,0.49779084
0.9695453550813231,0.97079694
0.8022666665654271,0.7914877
0.9241332450416141,0.9218877
0.49652035514771403,0.4990856
0.499879448442118,0.49940738
0.658683242713897,0.677798
0.49982674148993206,0.49921623
1.0,1.0007868
0.614013238112956,0.6318715
0.9290356598447951,0.93336874
0.49676203921370704,0.49798885
0.986384976525821,0.96691823
0.822868303787271,0.80740064
0.502924408777583,0.5038972
0.522757218707647,0.5122042
0.9039419594151761,0.88320374
0.8805843605404321,0.85420257
0.9294917973069341,0.85123986
0.49985884297577504,0.50141513
0.502153329268993,0.49941117
0.7050223964622001,0.65294725
1.0,1.0042142
0.49918770066295604,0.4999647
0.49484753277226906,0.49779084
0.933483898792117,0.89384097
0.49896120994984305,0.5008202
0.5047226115804321,0.50347745
0.9019698091955001,0.91759354
1.0,0.9988507
0.529379642809335,0.5028132
0.7841024984373771,0.8105106
0.521550783882577,0.52635306
0.500323675707262,0.49914113
0.82377097486263,0.84395504
0.49675294502618206,0.49662012
0.49459843295655503,0.4992866
0.9328377716656461,0.9299443
0.9397989516360111,0.93016833
0.9343604108309991,0.9427449
0.499827204468106,0.4995986
0.707198078176936,0.6839692
1.0,0.997143
0.49717805727789005,0.50000465
0.527896370637015,0.59158945
0.9064927957110601,0.9096038
0.5055560236311321,0.504033
0.97427945512792,0.9752896
0.49544764361390203,0.49915588
0.524474700365358,0.5218648
0.503209438019771,0.5030865
0.498409922024635,0.49922565
0.9829346533455691,0.9755811
0.49798341981472205,0.5078589
0.8102510483344161,0.8053761
0.8112535612535611,0.84610605
0.5998731469784061,0.5284466
1.0,1.0009036
0.8834026051922641,0.88172764
0.498409922024635,0.49915275
0.500573224566362,0.49889416
0.945240878885738,0.9508597
0.498713552170488,0.49916548
0.751666666666666,0.7848824
0.501753034581885,0.4991585
0.86763528120879,0.8734795
0.503098355351955,0.50534487
0.499648936267201,0.49957347
0.49835246090225205,0.49912852
0.505495127165774,0.50141484
0.842587712857624,0.8505645
0.510609142104126,0.5059322
0.504556372306183,0.5068609
0.9380949697803451,0.9536
0.573259415768126,0.57589376
1.0,0.9997985
0.5030715089893091,0.5018866
0.924320098304474,0.9065214
0.708731519987388,0.8435172
0.9147161004716761,0.91266966
0.971243791654902,0.9576971
0.9412492368742361,0.9651591
0.497209265584415,0.49862003
0.9543769007931121,0.95624757
0.5179471441238911,0.67118394
0.9650430038654211,0.9545171
0.967617707064582,0.9415744
1.0,0.9748702
0.9967467467467461,0.9958596
0.63021669341894,0.67838186
0.5339102158586401,0.5186549
0.5690546247561491,0.5810334
0.499827204468106,0.499126
0.49989718451914605,0.4996701
0.752914279130594,0.76764834
0.7717376454497771,0.7635819
0.617281142925841,0.6154347
0.867212189859734,0.89103687
0.560751604717121,0.5456361
0.986384976525821,0.9878021
0.886852043984899,0.9028976
0.8642919176649331,0.82421947
0.988065883059634,0.94593495
0.721763797270887,0.72654694
0.501315735108548,0.5044911
0.49676203921370704,0.49751627
0.5009778353463821,0.49996787
0.49763998039973306,0.49785057
0.493204008775297,0.49558076
0.830233738379717,0.8515823
0.499444879647826,0.50024587
0.5410784852710421,0.6814608
0.9700895136998441,0.9773165
0.5352229377464001,0.5269609
0.686194120508375,0.55227137
0.511802154244536,0.5093375
0.49889943051422503,0.49899253
0.49548735066005706,0.4983695
0.843472788853954,0.8474115
1.0,0.99752843
0.9890974212579251,0.97132415
0.580966223698781,0.58898
1.0,0.9997985
0.503779922716406,0.49676555
0.637664783427495,0.68619406
0.8238012158000171,0.8317715
0.955627188793378,0.96876067
0.498909147957992,0.50060093
0.9375,0.95019954
0.5568113287690171,0.6192041
0.677784428482752,0.7252953
0.8608299191691741,0.86721927
0.49699818794582,0.5002499
0.5037753590866291,0.5011708
0.8803332485089561,0.875532
0.9188939535235431,0.9076772
0.5020613459467941,0.51360106
0.831094837759993,0.81965125
0.512733096257451,0.5758343
0.5225847955791031,0.518502
0.8421125546783601,0.8059172
0.9661630811377001,0.9874695
0.8948067632850241,0.89820266
0.530624109345275,0.5335774
1.0,0.99931824
0.9404836503446081,0.93405133
0.49614197355154205,0.4990886
0.8564490170255841,0.85384774
0.5034158148726671,0.5114429
0.507200816116617,0.5080558
0.500573224566362,0.49889416
0.8819745088219371,0.7671218
0.49950405146004806,0.49975887
0.49333263125343,0.49956205
0.979354189163508,0.96282625
0.9630761144291471,0.97163904
0.5807203820485071,0.5767718
0.501268900103441,0.5020889
0.49989718451914605,0.49990708
0.500033000362297,0.501627
0.502895922392361,0.5010074
0.5080634650179671,0.5077329
0.9294381432401381,0.9241274
0.9215428039769651,0.912755
0.905599656427395,0.9205592
0.7255187074054521,0.57583874
0.49945956534365404,0.49767512
0.503457767538198,0.49911156
0.9705571329645951,0.9773165
0.9485402916823881,0.9040321
0.9320644735539311,0.94128513
0.7413690476190471,0.75216645
0.9528535517797381,0.9641546
0.5963174468493431,0.6089953
0.501332773531122,0.5022453
0.9606447063849761,0.94055855
0.501128996288158,0.49958295
0.8965355390177041,0.9025764
0.500708693152706,0.50177395
0.495188167333284,0.4987281
0.744619785083645,0.7175168
0.9557938394556851,0.96230257
0.962932981065967,0.95176315
0.471673444400717,0.54836744
0.8831069358480501,0.88485944
0.5008957689835081,0.50141937
0.499834939522852,0.5070916
0.500454067453571,0.50016046
0.49925020236184503,0.49965402
0.501938070138762,0.6344385
0.500810247184957,0.5005526
0.55393379841154,0.5465908
0.9138797104408961,0.916426
0.8922052059412061,0.9025764
0.504481530931859,0.50062835
0.49893805928350604,0.49925953
0.5234185045080021,0.5128385
0.498713552170488,0.49916548
0.515361186787991,0.5149342
0.9342982598004421,0.7653212
0.496682386908857,0.49897283
0.499648936267201,0.49960786
0.507491712229548,0.5145051
0.501610266277696,0.49976867
0.501573426604507,0.5005875
0.502857016145411,0.4976257
0.7566990935529241,0.72051984
0.9455379968508151,0.9500005
0.9039405572354411,0.8972067
0.535252123329777,0.5489092
0.9090525793101981,0.9147172
0.7685856388212241,0.7926234
0.522230257544336,0.5264731
0.5775985597202541,0.6344385
0.51967807680529,0.510016
0.49970386444477105,0.4991798
0.9682229504659411,0.9742169
0.505260927943026,0.49778852
1.0,1.014385
0.926385115062714,0.9280813
0.5022745879455001,0.5007527
0.504205843490497,0.49931234
0.505021559809518,0.5031888
0.49872768328390704,0.4983665
0.563656078829859,0.5606686
0.7711983536807471,0.7899665
0.5175239306142121,0.5127151
0.810360507863047,0.77216053
1.0,0.9998942
0.594550263131811,0.60737294
0.49804523428894004,0.49767452
0.5025550416243061,0.4978015
0.499240349947895,0.49959558
0.9073781913636021,0.93200326
0.5236228295994511,0.52567416
0.49983992584833503,0.49990588
0.49823317499747805,0.49937412
0.957530320691885,0.92247796
0.709371014949789,0.72840637
0.824705179914591,0.815867
0.9048774457276201,0.91621697
0.8843877312113261,0.8761896
0.9635867256011531,0.9537378
0.5128866395834061,0.5178612
0.50002312641829,0.49969366
0.572081006488672,0.57208407
0.506902461127813,0.5079623
0.7881536853414891,0.7582217
0.50346784771038,0.50387657
0.5048796601417841,0.51273465
0.504362620318444,0.5142834
0.589675248705666,0.5821135
0.515875445360739,0.5070853
0.50337933341758,0.5019325
0.5020116578658751,0.49819428
0.747863034857521,0.73970324
0.910066461145509,0.92669415
0.9564380860063021,0.9510981
0.574769873109032,0.5745471
0.9361442942154551,0.9286437
0.5118027846530491,0.51241356
0.502387797838383,0.49971065
0.9393704834162481,0.93798035
0.9830397602953991,0.985671
0.5325737521074201,0.5104202
0.49776183344279407,0.49836802
0.84581949761381,0.8273588
0.9551401947633421,0.9570711
0.8740566682976231,0.8543587
0.8486980151604251,0.85883576
0.8650501481770031,0.8713071
0.959427592827198,0.95913225
0.971532544346232,0.9811836
0.500196483219839,0.5005194
0.9391405122655121,0.9297409
0.7630927099308521,0.73615456
1.0,1.0015095
0.49971191282109806,0.49975196
0.49947445958747605,0.49959558
0.505094109043253,0.5003489
0.9322298311522441,0.9292587
0.9506930834474411,0.9604489
0.9813452917966321,0.9737038
0.8862514763883511,0.88558376
0.8809503138493591,0.8847016
0.500511544482512,0.4983426
0.9890742363139841,0.9962912
0.63021669341894,0.68149465
0.49075591968213006,0.50238794
0.504927000497842,0.4991915
0.7514926891001391,0.7167559
0.975261341992089,0.98187155
0.9322094370422861,0.9195422
0.517541285298294,0.5175373
0.8906531016722311,0.87962973
0.9485008278677831,0.94603693
0.511744115627351,0.7996002
0.720111448834853,0.70062554
1.0,1.0256178
0.909874094483167,0.8750654
0.501092098721804,0.5019042
0.49835246090225205,0.4993435
0.9607044704835771,0.94664514
0.866718618445327,0.85213715
0.502503087408384,0.50032455
0.499354866055418,0.4991798
0.9019596638638131,0.89269304
0.500398249251331,0.4978015
0.753437828826037,0.8813601
0.510733362103018,0.50878733
0.588017347236097,0.5817088
0.5112591306148571,0.50759053
0.8636962748483661,0.8617598
0.8448394718020671,0.8516064
0.49390182875117505,0.49738565
0.5018200750285,0.5048434
0.5029536444288281,0.50767815
0.498713552170488,0.49916548
0.9295111532941501,0.92173886
0.903471278461452,0.882479
0.5099332062232791,0.5136694
0.505021559809518,0.5026186
0.9260683760683761,0.92455405
0.50001371170741,0.49968705
1.0,1.0029461
0.8387343089101451,0.8448017
0.580782135059701,0.57640266
0.493326504266453,0.50093365
0.5133099273658921,0.51498663
0.49983992584833503,0.500497
0.6495816312610201,0.6216033
0.5298109019199081,0.7080592
0.9891727629346541,0.97270805
0.7529649524625951,0.7251127
0.8694757529607091,0.85384774
0.8020036222954721,0.8238439
0.500558013856718,0.5003567
1.0,1.0009475
0.9683648232867591,0.9817516
0.8230497666048261,0.8317715
0.5019781258522611,0.5054704
0.9563202634484471,0.95675
0.502267238072829,0.5002499
0.49963142192520704,0.49924135
0.8356402381651641,0.80900407
0.503391126068324,0.49687898
0.526456264678531,0.53168356
0.936283345757787,0.94558704
0.5002878058029441,0.49970308
0.6584295453851281,0.6439807
0.8505368928479351,0.8648973
0.498042911677041,0.49885923
0.49876826102715605,0.501691
0.49198630188903203,0.49865583
0.501946226955819,0.5082111
0.5007659801462511,0.50069207
1.0,0.98468393
0.8834026051922641,0.88434565
0.499580511765055,0.49903005
0.519111959764289,0.50982356
1.0,0.978484
0.627869096140647,0.79631585
0.505881711703422,0.50542885
1.0,0.9955977
0.5339102158586401,0.5186549
0.9692504409171071,0.98809403
0.526457452553178,0.5815153
0.8740296186716561,0.8641289
0.8216104549876581,0.8068921
0.5036114954664831,0.5045581
0.49227132232751303,0.49758092
0.8404061907024101,0.8092005
0.5198895485113191,0.5069335
0.751666666666666,0.78333896
0.49459843295655503,0.49965116
0.49198630188903203,0.4959267
0.9561627390269771,0.95955753
0.8468338399189461,0.84353024
0.5057980306834761,0.52883625
0.8468338399189461,0.8477288
0.500573224566362,0.49889416
0.5020116578658751,0.498302
0.49994569297694,0.5006066
0.825943219085689,0.8171465
0.49972792679134503,0.502485
0.49983992584833503,0.49990588
0.499444879647826,0.4992866
0.5138293481436861,0.5258803
0.903754150755929,0.9179646
1.0,1.0243318
0.819881155620591,0.80383223
0.9434367527305961,0.9428304
0.549733612696504,0.53566635
0.617281142925841,0.61971605
0.968566729878317,0.97675097
0.920233511591875,0.9328288
0.503832784231952,0.506871
0.501590801559402,0.5017066
0.518621927035802,0.5136694
0.504481530931859,0.5017574
0.911372466550822,0.92299837
0.7413690476190471,0.75246066
0.500708693152706,0.50076276
0.504044355538605,0.49999967
0.500695032837249,0.50007564
0.853701631346769,0.85555804
0.499444879647826,0.49965116
0.8424491320391471,0.8460288
0.9830253432040491,0.97248334
0.49963142192520704,0.49900436
1.0,0.9997985
0.5427847066128311,0.5611248
0.504481530931859,0.50062835
0.49187461855414305,0.49763012
0.677784428482752,0.72558504
0.49862299254934206,0.49844918
0.531523439076185,0.7710559
1.0,0.9949796
0.9049007921566361,0.8971115
0.9650054780198931,0.93617094
0.9076784002300231,0.89601415
0.9249476973364521,0.93373245
0.49854734973614906,0.49822214
0.502062897954442,0.50377166
0.49983992584833503,0.4999647
0.49459843295655503,0.4992866
1.0,1.0007868
0.8856022803566461,0.8994106
1.0,0.99698144
0.557049715673409,0.54379076
0.5007676472741031,0.500786
0.49932753335914004,0.49940166
0.5005691022568051,0.50011104
0.515566606389391,0.5382289
0.8090025863932511,0.8383143
0.544245502235409,0.551509
0.5333406608335001,0.5275602
0.9656280518961031,0.9584909
0.501215931720999,0.50145054
0.512156150495723,0.5040069
0.631280818043319,0.6342672
0.50052093191691,0.5038383
0.505331827352291,0.5062372
0.5020350151434491,0.5019794
0.5115398037911291,0.49620837
0.9296014096875711,0.90633756
0.683751421102049,0.6687632
0.5006955946478261,0.49927482
0.5055182626590631,0.49858907
0.5046660595808781,0.50650126
0.8255509584187171,0.7930519
0.9125679045424471,0.9059127
0.7832128581897451,0.8232097
0.781491985078806,0.7977088
0.49907442754778303,0.5046333
0.953503584538067,0.9596172
0.49463047658701004,0.4981642
0.8511688431751211,0.8611817
0.97804877791425,0.9787251
0.9075354243261441,0.8835083
0.7183062560429391,0.68508035
0.892578888087296,0.88563263
0.50551443769323,0.5191043
0.500323675707262,0.4992194
0.8739179674439701,0.8582296
0.9630907759196341,0.9434559
0.866904326620138,0.855177
0.500949894442691,0.50245947
0.503594669896798,0.5041393
0.928226718065683,0.9122642
1.0,0.9986109
0.500593670732559,0.5139627
1.0,0.97403175
0.86080090326779,0.85748917
0.5146045033205671,0.51314557
0.500380311865968,0.49995306
0.9667537238009761,0.95501256
0.5007841294916691,0.511294
0.9206908238189261,0.92119604
0.9425432545315101,0.9309033
0.498640900853885,0.4996508
0.5178228375645161,0.4975757
0.500565197105398,0.49889246
0.5666120253512801,0.5672767
0.5047226115804321,0.502485
0.5004656722059301,0.49880803
0.7806429467318141,0.7909998
0.506511254134493,0.5272931
0.9323790974989841,0.77224946
0.811829408529229,0.80921483
0.5008236370590881,0.50167763
0.914732730331931,0.9154725
0.5328629065698031,0.5374215
0.497483394404772,0.49876493
0.500558013856718,0.50041556
0.508737747738299,0.5031976
0.5033678279953331,0.5051496
0.8877902483633611,0.8849404
0.5047416691188601,0.5012296
0.502951589537463,0.51818633
0.5646324625332251,0.55280644
0.958343218034664,0.9564864
0.847509168640973,0.876046
0.94225232972377,0.9394797
0.49835246090225205,0.49912852
0.498640900853885,0.5007798
0.495188167333284,0.49759912
0.50002312641829,0.49988422
0.8661518684088501,0.84230983
0.512344387880562,0.5150846
0.502039568903058,0.4976257
0.9375,0.9459027
0.5109430142565501,0.51042557
0.49844358586777904,0.50093675
0.9384652789567951,0.9344501
0.495611661615788,0.49936506
0.9692597655475451,0.95894086
0.990008827773533,0.9957507
0.9308911101044891,0.94079417
0.508737747738299,0.5025793
0.49852437581774406,0.50088763
0.501502943472516,0.4998598
0.8900907865130351,0.8913791
0.577902000742601,0.56043625
0.9713495356648881,0.9638972
0.9681260423758471,0.967848
0.9560808671166051,0.96230257
0.509004405993547,0.50753486
0.502223017268784,0.5012788
0.927779073321863,0.9122642
0.7880475567072741,0.80470127
0.5004070501062431,0.4999329
0.9535810280174921,0.95338136
0.500237754817213,0.5010388
0.8721994080151501,0.87185776
0.7849047983926991,0.8578512
0.9551395258621971,0.9785988
0.7796503797592491,0.760493
0.5021790684457921,0.5013208
0.904998911471484,0.9025764
0.83877360196408,0.8417657
0.500454067453571,0.50117147
0.9433975527049521,0.94055855
0.499745275795049,0.49977505
0.500119604378338,0.5006713
0.500239914586007,0.49956763
0.921956199249308,0.9298001
0.8096258261559011,0.77405703
0.500079433225301,0.50125355
0.49651688659367404,0.49915242
0.892178852536442,0.88400215
1.0,1.0032922
0.49922349136945404,0.5002499
0.59519751082251,0.57020533
0.497685388722554,0.4991585
0.97592350513153,0.97047925
0.539247479135314,0.5293196
0.502088980303765,0.5012677
0.6963604446040571,0.66948813
0.499512079911519,0.4983857
0.49474996850988506,0.49902332
0.503058335837557,0.49965402
0.8601488095238091,0.8802826
0.5020536940263091,0.5044179
0.8814882035250841,0.8930049
0.9286360983529691,0.93764174
0.929204623964006,0.9460529
0.956511087963237,0.95501256
0.9255399959412831,0.9342365
0.7914861620036131,0.80985516
0.498409922024635,0.4995741
0.501140570138344,0.5051376
1.0,0.97823596
0.574390058266896,0.56928945
0.9816964767142701,0.84350264
0.518203520172286,0.5154176
0.501193881350131,0.5136562
0.5228956069825861,0.5261592
0.9702251409558521,0.97507894
0.50001371170741,0.49968705
0.533181737505045,0.5507793
0.517541285298294,0.51701975
0.5118278295651211,0.5074387
0.49736077073831103,0.50048363
0.530869091697146,0.5292139
0.5005804941940041,0.49964222
0.547879095098968,0.6356512
0.501573426604507,0.5005875
0.5038135358080821,0.5041393
0.561549374376421,0.5790087
0.5003770359124791,0.5012799
0.843496082141523,0.85545886
0.670401188517312,0.643992
0.9667449150328941,0.96529585
0.9480286738351251,0.9460141
0.8249122950272371,0.86093116
0.49932753335914004,0.49983191
0.496816700064643,0.5041393
0.499378615141481,0.4996022
0.49855463791498306,0.4990886
0.49405649757381703,0.49932694
0.499512079911519,0.49852768
0.9860502079619721,0.97138095
0.501680188029744,0.5066246
0.5002878058029441,0.50032574
0.6346130203004651,0.6171304
0.498713552170488,0.49916548
0.49763998039973306,0.49759138
0.5002878058029441,0.49995306
0.497192361998659,0.5129401
0.801665118573877,0.787914
0.76371269368226,0.7115122
0.520495547241081,0.5085386
0.97373050710477,0.97355
0.8465354273886021,0.88106954
0.49918770066295604,0.49990588
0.7893072590989261,0.79570985
0.8529240321736551,0.85732263
0.9406934067486561,0.94110775
0.504859966817932,0.5062372
0.49811173289433003,0.49954903
0.896093305358538,0.8917131
0.49993347492712303,0.49908322
0.8702331118093081,0.8620742
0.49927350117714603,0.49960214
0.49763998039973306,0.49785057
0.49995679887755,0.4995953
0.501610266277696,0.4996904
0.95891409406557,0.9760987
0.79816102598254,0.84709203
0.8273606966354331,0.8945569
0.5035372265235261,0.50030047
0.565709277238403,0.6224565
0.49866589658526905,0.4983825
0.793800198524922,0.76451623
0.500695032837249,0.5000512
0.49563445526456706,0.5068609
0.8013150295409971,0.8026387
0.501229055294669,0.49940816
0.500511544482512,0.4983426
0.5051645238485231,0.5041352
0.499080687231277,0.4985196
0.49931128500171706,0.49915713
0.9830246504469821,0.97919637
0.8429421440428051,0.8406614
0.49814316432429506,0.5012562
0.49834036752300204,0.50253737
0.984658944488871,0.9834821
0.500366546145096,0.49795514
0.971540593909014,0.9918931
0.5055182626590631,0.49795118
0.538992275086024,0.5438876
0.8407653210534831,0.8546841
0.886708634418206,0.8692623
0.9311164034267271,0.9159405
0.9375,0.9555128
0.941736694677871,0.94409525
0.499080687231277,0.4985196
0.504169691068119,0.50498825
0.49950405146004806,0.5006539
0.5947574740461771,0.59932286
0.580782135059701,0.5788742
0.528422135239428,0.52332836
0.751666666666666,0.7501971
0.495188167333284,0.4987281
0.9655016433861491,0.95675
0.49963142192520704,0.49930018
0.842314390664437,0.8433864
0.912585773319953,0.915181
0.5061835653782181,0.5107043
0.49925020236184503,0.5001266
0.8809140646617991,0.8853989
1.0,0.98103607
0.500454067453571,0.5000873
0.935052840105092,0.92701
0.54158417414241,0.53392595
0.5002878058029441,0.49995306
0.51887843089407,0.52806807
0.801718022358587,0.8232097
0.49717805727789005,0.49908024
0.5178228375645161,0.4975757
0.920175469102203,0.9317744
0.9112168500202461,0.916426
0.498409922024635,0.4993988
0.7492184475006081,0.7452444
0.499512079911519,0.49836126
0.552069543470955,0.5552895
0.50002312641829,0.49969366
0.9232129007569041,0.91895634
0.7058673469387751,0.7055719
0.497483394404772,0.49851528
0.9533800299478251,0.9496573
0.674497520453403,0.69290674
0.9743955975547931,0.9474651
0.7514926891001391,0.7326454
0.97958277354829,0.97853005
0.5559099849829331,0.57626086
0.963604162074125,0.94750667
0.593800514209135,0.6379436
0.9647761017358211,0.9496573
0.954936610497196,0.96735764
0.9480286738351251,0.96440506
0.5088777754722711,0.51004934
0.49932753335914004,0.49940166
0.924160877827881,0.932321
0.572081006488672,0.5685296
0.49978298597268106,0.5014065
0.49227132232751303,0.49758092
0.50002312641829,0.49966925
0.546571461297021,0.53435284
0.973717948717948,0.92404264
0.8338276742795581,0.8457884
0.9438202247191011,0.91821307
0.630579931962532,0.6150325
0.9354481833696421,0.9507795
0.972657084347018,0.94315106
0.9884415775288791,0.9934927
0.7862602092563921,0.67779565
0.9375,0.9459027
0.8527455270841671,0.8438376
0.9505229782900381,0.9510069
0.49255071992397703,0.504345
0.5020224242407161,0.49971065
0.500565197105398,0.49889246
0.520326820911159,0.5534126
0.500119604378338,0.4998253
0.9344986357791281,0.9484252
0.9343604108309991,0.9210562
0.9499019134845901,0.9885608
0.515245434267221,0.5114746
0.5666120253512801,0.5660743
0.49629177508381306,0.49903038
0.5105574080521991,0.50719947
0.49915527454453507,0.49976408
0.887675579564948,0.9121877
0.49750156972143206,0.50024587
1.0,0.9997792
0.502405799874526,0.49858317
0.507460749446718,0.5082708
0.7124972195792031,0.72820234
0.500695032837249,0.50007564
0.5006955946478261,0.49934798
0.503098355351955,0.503935
0.5983424152172331,0.5981538
0.6928770762740221,0.6350843
0.49474996850988506,0.495384
0.49665556236740505,0.5051376
0.867212189859734,0.8869111
0.502725424389006,0.502738
0.49950405146004806,0.4998177
0.502387797838383,0.4992069
0.5015516624991511,0.50640625
0.49514659565078906,0.49778852
0.962472969821875,0.94146776
0.9700869737433581,0.93526685
0.49965957597160304,0.50408953
0.77173241721186,0.7657936
0.49614197355154205,0.4990886
0.575522067403978,0.568641
0.6486203572338021,0.58574146
0.88370234309075,0.88493824
0.630250747642051,0.68160063
0.524497724497724,0.536093
0.909420849191326,0.8870805
0.49989718451914605,0.49990708
0.774375986652242,0.7329329
0.5270927229708411,0.5723312
0.8415167833120091,0.8457884
0.9250338635566031,0.9076809
0.555667699303237,0.5596507
0.725692201319694,0.77776116
0.579290503068505,0.52563155
0.530811423409106,0.52314264
0.499580511765055,0.4990631
0.501859342206393,0.5006014
0.500119604378338,0.4998253
0.9419021359679901,0.93764174
0.968326879639231,0.870342
0.503058335837557,0.49995077
0.49893805928350604,0.5002201
0.528873076474179,0.5422775
0.9377455683354441,0.93335813
0.500454067453571,0.50016046
0.502219522669616,0.5010412
0.499648936267201,0.49954903
0.507867837789421,0.51859623
1.0,0.9979366
0.499601202287469,0.49901697
0.499512079911519,0.49836126
0.501330282245546,0.5005907
0.951128441878866,0.9682578
0.500237754817213,0.5010388
0.49626525855393305,0.49965242
0.5376675399684231,0.5293695
0.49639825732088005,0.505882
0.5807203820485071,0.5782042
0.803293846710169,0.80971926
0.49906825143667205,0.5043721
0.9320439044789001,0.9411682
0.503433468170371,0.4991915
0.502587972714425,0.5022981
0.76005110196831,0.7932023
0.500573224566362,0.49889416
0.49915527454453507,0.49960786
0.5055182626590631,0.49887165
0.637664783427495,0.6854021
0.7392207242370931,0.6890733
0.9375,0.93147826
0.49333263125343,0.49956205
0.500949894442691,0.5027552
0.5609805236831611,0.6517018
0.5007841294916691,0.50428873
0.8754411307135911,0.8787946
0.909852245723046,0.9037341
0.5236497877122871,0.51751435
0.49989718451914605,0.4999659
0.8700617207750011,0.86749536
0.49763998039973306,0.49785057
0.8134436701509871,0.81301653
0.8582507401251821,0.8447042
0.49922349136945404,0.49920833
0.5029671218750751,0.501099
0.49676203921370704,0.49922532
0.720155021869447,0.7137563
0.862399931410449,0.8474114
0.5111701118524571,0.5125415
0.9801802394202481,0.97564447
0.507468888292967,0.508942
0.519668814539997,0.5125355
0.5020116578658751,0.49852037
0.75715465739354,0.75781447
0.9018854553952871,0.9014375
0.49995020160679104,0.50226474
0.500454067453571,0.50016046
0.506515281303632,0.49908623
0.5737800922774731,0.5915478
0.898899637002685,0.90836936
0.5139267285160061,0.5115343
1.0,0.99477535
0.9193527315577211,0.8955919
0.885861379661924,0.847885
0.501753034581885,0.4992986
0.500912125521858,0.49928516
0.9375,0.96463937
0.901591720682095,0.8808116
0.515158833846742,0.51291484
0.9000778278747901,0.90921783
0.791084154632397,0.80880475
0.504556372306183,0.505377
0.8879212046490451,0.875219
0.5029671218750751,0.5008449
0.686410211461141,0.5950894
0.5876867106076591,0.58791435
0.50002312641829,0.49943227
0.9650430038654211,0.9604019
0.49892143726581606,0.498747
0.766798185312852,0.81642544
0.49699818794582,0.5002499
0.8716344396090421,0.86574584
0.9019101425881081,0.8948628
0.9478842410400791,0.9421393
0.5027211194972561,0.4988927
0.49774319456414706,0.5001266
0.49639009663404005,0.5014261
0.90592226520827,0.9169973
0.885653209395849,0.9059334
0.8933440628806111,0.87742025
0.9201631354754011,0.92833936
0.9791847906418361,0.9778635
0.49893353652929906,0.49925953
0.49950405146004806,0.49975887
0.49763998039973306,0.49749762
0.49950405146004806,0.49975887
0.498263375631296,0.49851525
0.912110352974817,0.90567106
0.9282324738555071,0.92902774
0.49909013291806703,0.50120413
0.891636787126708,0.90149
0.7851524641131261,0.79173505
0.9239299263614401,0.9156211
0.495779074350491,0.5006558
0.5068812435942961,0.503007
0.5011898665562441,0.5009471
0.8862510311221711,0.85213715
0.8557669696603181,0.85003066
0.838731433970848,0.83664954
0.8175259245112181,0.8698435
1.0,0.96181965
0.49852733247435504,0.49785057
0.496432690081114,0.5047583
0.50422152083883,0.5017208
0.497209265584415,0.49817342
0.5160774408784571,0.4964754
0.499512079911519,0.49836126
0.49950405146004806,0.5010539
0.508815224332396,0.5060519
0.49781613799915103,0.49972183
0.503196042085449,0.6405307
0.658569785653864,0.6509334
0.49763998039973306,0.4979094
0.517989812475106,0.5060519
0.49889943051422503,0.49899253
0.845464896682365,0.8581836
1.0,0.9997985
0.8548219016288441,0.8699038
0.9970588235294111,0.99829453
0.5004044770249161,0.50002193
0.498263375631296,0.49851525
0.499827204468106,0.49942273
0.522308354559869,0.52635306
0.6402835828069471,0.61895794
0.9520518241690311,0.94055855
0.513653752825042,0.5282346
0.502530087366996,0.50676966
0.886024995837496,0.8863951
0.606040099664741,0.5847782
0.5002623458294411,0.50049967
0.504833853725716,0.50265414
0.499354866055418,0.49914864
1.0,0.9995679
1.0,0.9997792
0.49852733247435504,0.49785057
0.498561136895023,0.49924758
0.8902591936682841,0.88720906
1.0,0.9805387
0.984599528857479,0.99053174
0.503457767538198,0.49911156
0.49988837093825506,0.49909917
0.936077638653188,0.9318051
0.511906270181402,0.52032727
0.511714990926265,0.50347745
0.5027248442598691,0.5002793
0.5032126983955231,0.502738
0.505094109043253,0.5003489
0.5034841222921941,0.50823677
0.500296898109939,0.52563155
0.49521460941190903,0.49848774
0.5114105271475441,0.8457836
0.9417536677710401,0.92797357
0.49811173289433003,0.49957347
0.50002312641829,0.49969366
0.720430308931131,0.69230527
0.9686583092833091,0.9428466
0.8235471898302881,0.81897986
0.587224326975599,0.58859813
0.500558013856718,0.50136787
0.8633263625014861,0.86735725
1.0,0.9983794
0.49614197355154205,0.49880856
1.0,0.9998942
0.499827204468106,0.499126
0.49862299254934206,0.49869883
0.49947445958747605,0.4996544
0.6099693583365721,0.67187464
0.845805109897644,0.8536647
0.497659473213426,0.49626872
0.500464861698805,0.4991915
0.498409922024635,0.4995741
0.5035041265492091,0.50320196
0.49651688659367404,0.49917686
0.9245083988341901,0.9358828
0.500565197105398,0.49889246
0.499080687231277,0.5000581
0.5004044770249161,0.49998754
0.508666166205183,0.506871
0.5024638163107791,0.5005855
0.498769981174049,0.49869883
0.837812475802109,0.8431008
0.883691756272401,0.8941397
0.500380311865968,0.49995306
0.505361986613164,0.49919957
0.491387081349798,0.5004436
0.8499180783895961,0.81361914
0.49734644264454203,0.4990886
0.9646220069948881,0.97510093
0.49993347492712303,0.4982371
0.49284857254881903,0.5018934
0.5007841294916691,0.5052812
0.8879345722028651,0.8792226
0.9074847646046631,0.91114515
0.500079433225301,0.50064933
0.501298943348574,0.5003491
0.950512513848442,0.95208937
0.49970386444477105,0.4992269
0.8701371543887271,0.88373876
0.5093208771609941,0.5038207
0.49621292099906206,0.50148636
0.50121557909572,0.50730234
0.501103413035602,0.5026338
0.5112591306148571,0.50759053
0.49746080848296304,0.4974756
0.94711149791113,0.93822455
0.9123599214864321,0.8990351
0.9765066000866051,0.98236865
0.49774319456414706,0.5013629
0.940155228758169,0.9664278
0.6304640709547711,0.60748816
0.499580511765055,0.4993154
0.7721834466470611,0.74113005
0.49918770066295604,0.49990588
0.49712783114367204,0.5008888
0.8827484119095781,0.8883897
0.501298943348574,0.5002588
0.501573426604507,0.5006033
0.5002878058029441,0.49995306
0.5022111382681821,0.50134635
0.6402835828069471,0.6232393
0.500912125521858,0.49921227
0.8708833685566151,0.8779865
0.4968450207637,0.49932694
0.499580511765055,0.49884287
0.505293461477566,0.5066005
0.829231886431379,0.8056299
0.49654866135697806,0.499584
0.8134436701509871,0.8147355
0.8570080894544451,0.85279286
0.630250747642051,0.6822352
0.49979369971931603,0.50130904
0.7562270545435511,0.73264444
0.9190069782953011,0.91712373
0.7648944586881651,0.7047974
0.8226787360465471,0.8525284
0.49750156972143206,0.4991006
0.506346932000288,0.50136495
0.513769245447534,0.5181178
0.5158819914086771,0.5138809
0.8634375012057091,0.85834223
0.500810247184957,0.5023503
0.50001371170741,0.50037736
0.9373452130769271,0.94250906
0.501840850387248,0.50796455
0.49918770066295604,0.49990588
0.49792465016282106,0.506177
0.9205975941280451,0.9281831
0.5004070501062431,0.50156665
0.8485767023003771,0.84965616
0.8656265036483781,0.84966314
0.500558013856718,0.5003567
0.515010946907498,0.61806417
0.49657564110685104,0.4994583
0.49918770066295604,0.5000017
0.49892143726581606,0.49884304
0.504601772992541,0.49923238
0.502541133194019,0.50395185
0.498449413237162,0.50069207
0.893354843960182,0.88861984
0.5007841294916691,0.5141859
0.8841307866556871,0.87865937
0.500923933778572,0.49992496
0.509814662295469,0.5076406
0.49973610055538104,0.49711025
0.500565197105398,0.4991127
0.983340364274297,0.9769587
0.9136115137545031,0.91263634
0.63021669341894,0.6854021
0.97090687179055,0.9570711
0.9375,0.91503865
0.9845501671478081,0.9815411
0.9377492815393621,0.92222434
0.5004070501062431,0.4999329
0.49925020236184503,0.49951512
0.909687143740688,0.8984831
0.5023269048546071,0.5048939
0.49950405146004806,0.4998177
0.956411692504006,0.96451634
0.509191504917474,0.5088917
0.516983477406692,0.5085923
0.528701708264094,0.5674411
0.59519751082251,0.5722128
0.49750156972143206,0.4992866
0.7313114027993031,0.7251332
0.545382366506953,0.5356133
0.9521609638282591,0.9498706
0.601697521534585,0.64559245
0.506373244554416,0.5111465
0.658683242713897,0.67437726
0.499745275795049,0.49977505
0.49707614120036503,0.49933165
0.9848461630748371,0.97555894
0.8648213319685201,0.86419255
0.5000249731831891,0.49942526
0.54902622311146,0.5485497
0.902789053898522,0.8856566
0.500454067453571,0.50016046
0.499648936267201,0.49960786
0.506078157088062,0.49737874
0.5047226115804321,0.50347745
0.8866106623915081,0.8750654
0.947051167661854,0.9516427
0.49988837093825506,0.49953482
0.49926820304022906,0.5102236
0.9658592441780091,0.97344625
0.49971191282109806,0.49969313
0.917332579321471,0.92519045
0.9599756569294381,0.9807291
0.48275326649996103,0.50736725
0.792389776555072,0.78652966
0.833249354027878,0.8341595
0.926148769475106,0.9462786
0.572081006488672,0.5711554
0.5109583764516931,0.50434184
0.630057873830237,0.55754113
0.8658342466151151,0.8648105
0.636719483953476,0.65091705
0.91876205776327,0.9163657
0.49964134173464303,0.5014306
0.49931466886729203,0.50559074
0.49652035514771403,0.50000465
0.501393992169448,0.5048434
0.9651469843089341,0.9451515
0.9726133839271611,0.93135285
0.9798162246438101,0.9779402
0.800596482852838,0.8445814
0.500949894442691,0.5030552
0.498042911677041,0.4986078
0.874527620032974,0.8606483
0.500592018047819,0.49930006
0.615186025415951,0.5812067
0.9220897335454201,0.8984831
0.9918699186991871,1.0049945
0.86698167300143,0.8827738
0.49804523428894004,0.49767452
0.8858204232057321,0.8942366
0.49668821811807806,0.5012712
0.522454213922467,0.5168171
0.8060394614308131,0.84483504
0.502606975521402,0.5108674
0.7079587079587081,0.6872011
0.49742963110499905,0.4990886
0.982100956343197,0.9622086
0.498766552650148,0.5177645
0.49198630188903203,0.49594164
0.503066292975872,0.50345856
0.500511544482512,0.4983426
0.503571145042057,0.49864838
0.9550321871023221,0.9648343
0.499444879647826,0.4991006
0.50337933341758,0.5019325
0.9382569734847461,0.93075603
0.9826509655983231,0.97214633
0.8523589070741341,0.86313665
0.49893805928350604,0.49935558
1.0,0.9943112
0.500239914586007,0.4999932
0.8690488567234421,0.85658073
0.500931926227075,0.49929026
0.8604979659820301,0.84331363
0.7954491094457551,0.77515966
0.505777816720207,0.50852156
0.49781613799915103,0.50241345
0.500708693152706,0.50076276
0.7665896218725811,0.7866153
0.687309175379714,0.6628419
0.5022383890602771,0.49711025
0.974370729801267,0.97686905
0.501806880745989,0.5076803
0.49676203921370704,0.49781334
1.0,1.0010102
0.49198630188903203,0.49681142
0.567519550331125,0.6356163
0.512733096257451,0.5758343
0.9356254750524301,0.92519045
0.988774001840204,0.98199004
0.536250183052008,0.5518438
0.597775770303828,0.57185435
0.626862683020414,0.6207589
0.9861823361823361,0.9777647
0.557133261839392,0.51496124
0.511282243163253,0.61077815
0.5110732966072971,0.49865583
0.8402799537899761,0.8550112
0.964756493328051,0.95913225
0.671758960805869,0.6583268
0.6495816312610201,0.62082046
0.864814814814814,0.8922175
0.8534603556493191,0.85179335
0.5236497877122871,0.50530744
0.9164279492990761,0.9064659
0.941736694677871,0.940758
0.964705467529633,0.9767112
0.501077247973254,0.5008202
0.545372506874167,0.529755
0.7961849331008211,0.84127563
0.645246171944134,0.6329965
0.620896748377548,0.6049244
0.5291841731716,0.5337377
0.848104829654114,0.8550112
0.687257384857554,0.73330545
0.5153745760552191,0.5012562
0.8135140058315631,0.8272244
0.49717805727789005,0.4990856
0.8954060350676881,0.92445123
0.8309010724548591,0.8614223
0.637664783427495,0.6854021
1.0,0.9979366
0.854825425450462,0.87185776
0.932251335023007,0.92222434
0.9147504662198881,0.8785499
0.9267760860431701,0.88835686
0.504597780595268,0.50640625
0.496189498325092,0.5012711
0.8805640501906751,0.9076772
0.8320878054938111,0.8431008
0.841941885903532,0.82716227
0.5178228375645161,0.50014067
0.8824403358595021,0.9073768
0.497483394404772,0.49876493
0.502177479353709,0.51312166
0.9004120315295231,0.91692257
0.6458058741046441,0.84178835
0.500158014110567,0.49911156
0.5007017790807541,0.499802
0.516024673979219,0.5190325
0.942922380695097,0.9331
0.643083663989366,0.5544659
0.49931859161911,0.50061613
0.774230117510169,0.7894867
0.691363707395503,0.7364346
0.49187461855414305,0.49737602
0.894047580795679,0.8684869
0.9813587901933761,0.985671
0.515010946907498,0.6177302
0.864814814814814,0.86731094
0.7412204208884701,0.7178195
0.501229055294669,0.49908024
0.575526401090739,0.5968446
0.953029556185042,0.9527004
0.9695098808002031,0.97030264
0.78585772711527,0.77604806
0.49866589658526905,0.49803472
0.500454067453571,0.50021935
0.49823317499747805,0.49938992
0.49862299254934206,0.4992953
0.971532544346232,0.9871981
0.971201205793014,0.95658344
0.9692504409171071,0.98861724
0.9563184663536771,0.96515954
0.944363277250518,0.93680584
0.5020116578658751,0.4992264
0.7961849331008211,0.82333046
0.49882972481367205,0.5092749
0.500196483219839,0.50075626
0.9125594426005541,0.8944435
1.0,0.9863121
0.500912125521858,0.49893737
0.876315787180253,0.8601686
0.578991076495672,0.55280644
0.8233651436479481,0.80768627
0.50337933341758,0.50330293
0.92121982499316,0.92353517
0.9393298305713281,0.9503339
0.5132762899747161,0.525382
0.5788946641675781,0.5590762
0.973534338358459,0.9803072
0.49944698782481806,0.4995366
0.6276139315858941,0.6261385
0.8879345722028651,0.8843631
0.49855193896819605,0.5010852
0.852923599067216,0.9076772
0.5004070501062431,0.4999329
0.7732698906632841,0.76019853
0.8399652171174741,0.85605913
0.5004070501062431,0.4999329
0.5196491695616341,0.5370362
0.5947574740461771,0.59503573
0.502528758744563,0.49990046
0.49459843295655503,0.50024587
0.499512079911519,0.4983857
0.500728741052317,0.49800935
0.496236152162062,0.50226474
0.953588910829077,0.95324576
1.0,0.9772443
0.5072309593679281,0.5078302
0.49990608997482505,0.4988108
0.500454067453571,0.50021935
0.870311376583154,0.86018145
0.9918699186991871,0.99934655
0.9295792929754021,0.9273248
0.503058335837557,0.4997011
0.49971191282109806,0.49969313
0.500304302608046,0.505525
0.7506127450980391,0.70435625
0.5003770359124791,0.5012799
1.0,1.0057038
0.49826935142133,0.5018392
0.514745570515708,0.51671714
0.5037753590866291,0.5011708
0.531799048001926,0.52310234
0.517541285298294,0.5164931
0.502356911996059,0.501878
0.5004070501062431,0.5006232
0.501753034581885,0.49940816
0.54714346705657,0.54402846
0.500507886656388,0.49730316
0.499879448442118,0.49950343
0.7022680469505871,0.8641827
0.49945956534365404,0.49797958
0.9015894779574001,0.9001772
0.520364394770307,0.5148832
0.9319278831825261,0.9378559
0.506666231016178,0.50501424
0.8189630508380501,0.8831177
0.500538880838864,0.50133455
0.49876826102715605,0.5008449
0.9672793395026931,0.9558928
0.9493814430100601,0.9462642
0.7413690476190471,0.75269115
0.578727187472434,0.5807174
0.49862299254934206,0.49837628
0.50002312641829,0.49969366
0.9298521240757711,0.93343043
0.50624433826627,0.5082324
0.49075591968213006,0.50246614
0.600070483996859,0.6118478
0.8601882553476611,0.8306504
0.500345496894614,0.5077087
0.5666120253512801,0.5700402
0.49978739370589703,0.50043195
0.8286568785375621,0.85411173
0.501753034581885,0.50000465
0.544720073988048,0.5231254
0.897251839139778,0.90702266
0.501753034581885,0.49940816
0.9859382024007881,0.948634
0.500239914586007,0.4997879
0.503131481457717,0.5061523
0.5270317213423831,0.52803487
0.63247222320704,0.80470806
0.51260739513275,0.50745195
0.497122986143104,0.5027148
0.9290271675395361,0.9369401
1.0,1.0256178
0.7229973529950111,0.6999923
0.49966998600585,0.5005936
0.8728784626061241,0.85152256
0.49654191992128305,0.50188655
0.500912125521858,0.49953482
0.7413690476190471,0.7440817
0.49899321580348605,0.5054716
0.9817961359628021,0.98853624
0.7389077645037491,0.8611894
0.821470132470629,0.8385268
0.49934563800066806,0.4996544
0.9254051906445561,0.92797357
0.8132263396325891,0.8232097
0.49983992584833503,0.49990588
0.5002774823785691,0.50034803
0.9705152913000311,0.95800513
0.9579226474668261,0.8716183
0.7335562621585471,0.696006
0.606040099664741,0.6226653
0.792302944589476,0.7977088
0.502857016145411,0.4976257
0.49970386444477105,0.4988791
0.9261117202564491,0.92208964
0.505495127165774,0.50064933
0.49809563054404704,0.501653
0.700429400615968,0.7283144
0.828397550676171,0.823209
0.49995679887755,0.4995953
0.941736694677871,0.940564
0.49633240120074507,0.4990026
0.7251125119057821,0.72727066
0.499648936267201,0.49954903
0.9122220477225811,0.89857656
0.49947445958747605,0.49959558
0.5006955946478261,0.49934798
0.502384756963555,0.5058352
0.900119502134692,0.9142666
0.7571930748381861,0.7544483
0.941932500414124,0.94148624
0.5339102158586401,0.5186549
1.0,1.0020415
0.9288283045590031,0.92601204
0.989275421984355,0.9879464
0.9219658724815901,0.9356537
0.8316276997352691,0.8433864
0.8469366416728581,0.8504384
0.9648707353252801,0.956109
0.9310964999865111,0.92310435
0.9258141256179591,0.92299837
0.5188804462002821,0.5141006
0.804943299878899,0.83272
0.543277396214895,0.5942578
0.5007159010361171,0.5059831
0.7177993361288001,0.6992334
0.49938249211165303,0.5022102
0.503443445261438,0.50091606
0.501667976968812,0.49997497
0.9572992800159741,0.9528714
0.501496724308778,0.49931234
0.8499999999999991,0.8393633
0.499080687231277,0.49857843
0.935704927514567,0.94252765
0.9339728833820851,0.933342
0.9082395303428851,0.89503175
0.49915527454453507,0.49957347
0.9861823361823361,0.986476
0.499745275795049,0.49977505
0.7536642574579681,0.7295523
0.49811173289433003,0.49931204
0.9838039513057161,0.97240496
0.9480286738351251,0.9655192
0.9558623200321831,0.9489786
0.49483142422623105,0.5007783
0.5076013997616781,0.54908234
0.63021669341894,0.67838186
0.49868847657561305,0.49814475
0.505308865708156,0.5059205
0.500695032837249,0.50007564
0.50052093191691,0.5046844
0.513802770677756,0.51428914
0.9465042137191221,0.9377828
0.7962768396448621,0.79645556
0.9585377836942711,0.97248334
0.500565197105398,0.49918953
0.9701509971848181,0.97355
0.645233209569804,0.7597048
0.9005880540980831,0.90807974
0.8893252885881361,0.8835498
0.49971191282109806,0.49986798
0.5666380996977171,0.55574954
0.796260906460427,0.7928069
0.8003122283320591,0.8155258
0.49971191282109806,0.49975196
0.975724996311591,0.9741759
0.49990608997482505,0.49886963
0.497209265584415,0.49795005
0.9200855108254901,0.89676476
0.49652035514771403,0.4989725
0.499080687231277,0.49851644
0.49922349136945404,0.4989388
0.515010946907498,0.61770254
0.9417824698760411,0.94664514
0.8526800575254211,0.855177
0.520730006592208,0.51706713
0.630250747642051,0.67794806
0.498640900853885,0.4996508
0.509189749576412,0.5003038
0.49988837093825506,0.4994583
0.9476548389264511,0.95190114
0.50431563622755,0.50315285
0.9545900624269771,0.9481424
0.5386451394753431,0.523089
0.9449426731500211,0.95193964
0.921375866867654,0.92835796
0.521396788381688,0.52351165
0.5048016828482771,0.5014412
0.498713552170488,0.49904338
0.527264791478774,0.52383983
0.9586061507936511,0.9692429
0.9565439155844631,0.94657904
0.845536190292351,0.86721927
0.501502943472516,0.4998756
0.8592818677546391,0.8622821
0.515609451086123,0.5112416
0.519809385467758,0.5226518
0.5006955946478261,0.49934798
0.5148949553356851,0.51359993
0.9431767118087231,0.94243056
0.502387797838383,0.49928516
0.95056276971461,0.9451912
0.5014038141732581,0.50194716
0.49947445958747605,0.49959558
0.510152364719612,0.49663743
0.936330712961409,0.91816306
0.499879448442118,0.49940738
0.80858704723564,0.8076449
0.499879448442118,0.49940738
0.501730502596727,0.5020573
0.49895693491174103,0.5003654
0.847112279834294,0.84467876
0.6073679302974221,0.6446525
0.52151685834159,0.51069
0.5021451451704231,0.50110716
0.9167011496070201,0.93016833
0.5010501726757081,0.501653
0.49893805928350604,0.49925953
0.7393986952911591,0.8434359
0.9261740463486791,0.931782
0.497209265584415,0.49985635
0.5335952787287921,0.5418889
0.5046665428628,0.5071603
0.9410830632453171,0.86817837
0.63021669341894,0.68149465
0.501264148062127,0.5034753
0.5165424135362311,0.50837666
0.508204615446209,0.5088118
0.49823317499747805,0.49939856
0.5010281509304351,0.5018398
0.9323175954888071,0.8793381
0.49459843295655503,0.49976072
0.879849517618369,0.873041
0.931229878942983,0.9520003
0.49927350117714603,0.49960214
0.9598925381394141,0.9530614
0.9523165177789451,0.96028084
0.502659699267854,0.5078302
0.8417449052995201,0.83361435
0.500558013856718,0.5004527
0.971828764799411,0.97727674
0.503213475611169,0.5018398
0.49947445958747605,0.49959558
0.9031082819649711,0.8970805
0.6653625366004,0.6605889
0.9157468556374431,0.9122642
0.502924408777583,0.50678325
0.7365862258237591,0.76942074
0.8247894606549421,0.829829
0.49984831728131907,0.49971065
1.0,0.99034065
0.8261537520576641,0.8408734
0.5037753590866291,0.5011708
0.883646817350032,0.89384097
0.9860502079619721,0.9730129
0.49966439687565206,0.499584
0.8653546158998491,0.86574584
0.953078332043871,0.94943714
0.505198304146505,0.49903795
0.816054323167537,0.7547905
0.8683856166472801,0.86574584
0.504556372306183,0.5060149
0.9375,0.93147826
0.8711429646822221,0.86401165
0.885637475327803,0.9051444
0.49847476946715,0.49555624
0.5947574740461771,0.59932286
0.7432583314637,0.72177535
0.7117359000337721,0.70507497
0.9120514878221141,0.91677016
0.602987596001414,0.5504058
0.503832784231952,0.506871
0.49875491246527703,0.50148636
0.49852733247435504,0.49785057
0.6830496816238261,0.6631156
0.529198250523032,0.5261118
0.5329493290509111,0.56769234
0.9391405122655121,0.9206944
0.9845501671478081,0.97717285
0.49763998039973306,0.49785057
0.4968450207637,0.49932694
0.9749611174507651,0.90567315
0.49761776303578004,0.49841705
0.500316846678864,0.50005317
0.570829947924952,0.57399184
0.49771089423556203,0.49799085
0.9124021301170091,0.89579487
0.9412408222849181,0.9427707
0.740050524585889,0.7439887
0.510081507160103,0.4991915
0.500558013856718,0.50104725
0.884835533402323,0.8932912
0.9590823970037451,0.94126105
0.8906719721544941,0.90149
0.9438202247191011,0.91910934
0.49983537459501004,0.49911156
0.9214900420198471,0.9235078
0.8791660341657541,0.8803715
0.49750156972143206,0.50024587
0.49781613799915103,0.50241345
0.9433026531652291,0.9632021
0.5735409208265441,0.55624765
0.874766467156415,0.88721013
0.7406594379042081,0.7363668
0.6940280031897981,0.746434
0.87397842116152,0.8758679
0.8432254211182231,0.7945857
0.574874248645806,0.59353226
0.551792887914413,0.54402846
0.884805759967598,0.8997056
0.5003976673015961,0.50185007
0.49852733247435504,0.49144265
0.526518462345829,0.52247465
0.504556372306183,0.5068609
0.5004070501062431,0.4999329
0.502387797838383,0.5002445
0.7117243867243861,0.86940867
0.918427230046948,0.9162462
0.501502943472516,0.4998598
0.759785059064341,0.75135595
0.500573224566362,0.49889416
0.643263599938357,0.615846
0.90580506076191,0.9136722
0.63021669341894,0.6821402
0.9004120315295231,0.91658574
0.49801492621977905,0.4986626
0.9331491960071261,0.9406941
0.8499999999999991,0.80677193
0.561969569640261,0.56302005
0.9005466025834781,0.75622123
0.501193629267469,0.50077987
0.500240522569907,0.5072547
0.9573643668857541,0.93408203
0.506533557796432,0.5247408
0.5014360930007651,0.50173175
0.924508645733038,0.9160437
0.534095980345994,0.5130897
0.6669937240250561,0.5854183
0.8549523988735771,0.86574584
0.629278547352155,0.6706116
0.572081006488672,0.57208407
0.8989818320783871,0.90739465
0.8622396391596581,0.85948056
0.49892143726581606,0.498747
0.963895476948442,0.9434913
0.503058335837557,0.49962285
0.49429623167394404,0.50607985
0.501202416537546,0.499584
0.49288480608202306,0.49730316
0.499080687231277,0.4985196
0.9503383858439801,0.9523754
0.502405799874526,0.49858317
0.7058673469387751,0.7068926
0.499378615141481,0.4996022
0.495188167333284,0.50058424
0.500316846678864,0.50005317
0.49918770066295604,0.49990588
0.504574803220889,0.50504524
0.8113616780320411,0.83548045
0.9250338635566031,0.90801775
0.8698080885118741,0.8548323
0.8295233921786771,0.8230536
0.9480286738351251,0.94686735
0.822333195696609,0.833292
0.992878028404344,0.9961539
0.773751834667124,0.76125133
0.8902862319682171,0.8756518
0.8736173105732651,0.86258316
0.49970386444477105,0.5008888
0.529280394926088,0.5229232
0.504107468881411,0.50018865
0.504060008676797,0.5045101
0.499240349947895,0.49959558
0.9708995027960541,0.96964246
0.985907766163949,0.9774346
0.5037753590866291,0.4998024
0.895624125625174,0.9125245
0.500366546145096,0.49797094
0.548262038358709,0.5541789
0.508949375062921,0.50377166
0.663758203049005,0.59657645
0.508816183262746,0.50676966
0.5027219034810101,0.5012294
0.921800446860896,0.9340305
0.6260049743004611,0.64466417
0.85913090339702,0.85627633
0.522233878793395,0.51305926
0.543724480965139,0.54122657
0.5002623458294411,0.50049967
0.5822436625327141,0.6303699
0.499648936267201,0.49957347
0.9478883570930331,0.94682956
0.501573426604507,0.5005875
0.49915527454453507,0.49954903
0.5048256150179511,0.49785605
0.848204131182123,0.81361914
0.505668439832348,0.50356144
0.8286595363536611,0.8529606
0.499879448442118,0.4991704
0.511714990926265,0.50347745
0.499512079911519,0.49836126
0.49931859161911,0.50082046
0.496219894771151,0.50159776
0.976712304087847,0.9485654
0.5906495857545531,0.5693888
0.500196483219839,0.50075626
0.8487978393742971,0.85555804
0.939864793411695,0.83443826
0.50012240225198,0.4997612
0.503248091090534,0.50435174
0.500366546145096,0.49795514
1.0,0.9991988
0.90580506076191,0.9133354
0.49952382398589806,0.50363123
0.501730502596727,0.5025224
0.9868370064809401,0.9765169
0.9315400530430571,0.8865606
0.49811173289433003,0.49954903
0.826117153468632,0.8293652
0.9552994274959651,0.9516501
0.49855463791498306,0.49922314
0.5013120857916891,0.50082046
0.5130481566592361,0.5120885
0.9879400945874931,0.99307483
0.5196491695616341,0.5370362
0.495611661615788,0.49907964
0.500949894442691,0.5030552
0.49969987725430604,0.50083494
0.9686583092833091,0.9527499
0.8910597449520311,0.8896869
0.495188167333284,0.50058424
0.900508572362759,0.91398066
0.5129354376871921,0.5121764
0.5022111382681821,0.50142455
0.511242113238485,0.5095648
0.530839481269131,0.52803487
0.49932753335914004,0.49957666
1.0,0.9883873
0.50679451953681,0.6405307
0.945361163125478,0.94486153
0.9779786053839521,0.9826098
0.504362620318444,0.51494575
0.502872287807696,0.5022389
0.9335459523954851,0.9388154
0.7034772182254191,0.7479039
0.50337933341758,0.50330293
0.97003582218948,0.97764766
0.498890782814056,0.49930185
0.8908912572101421,0.8808356
0.49947445958747605,0.49969164
0.9633411596987761,0.958011
0.498713552170488,0.49916548
0.49676203921370704,0.49770346
0.986384976525821,0.9706158
0.7506127450980391,0.7386711
0.875676527801827,0.88886404
0.9861823361823361,0.98827153
0.586052466064073,0.5920173
0.9692504409171071,0.9892648
0.801436201206943,0.84017295
0.9654182674010671,0.95719683
0.5002623458294411,0.50055856
0.562378525604536,0.55515647
0.51887843089407,0.52043384
0.499879448442118,0.49940738
0.5002878058029441,0.50032574
0.5018468466511911,0.5026806
0.497659473213426,0.4980087
0.5084720497725831,0.5097021
0.6486203572338021,0.58317155
0.499080687231277,0.49857843
0.49763998039973306,0.49785057
0.9266070558273841,0.92870086
0.9130820926630011,0.9097725
0.903474862879146,0.91419196
0.487872102992473,0.49424323
0.7142020316360651,0.7402693
0.929853770739945,0.9290229
0.5007017790807541,0.50314575
0.500323675707262,0.49956784
0.621102293928055,0.61452806
0.49963142192520704,0.49924135
0.9617809160518751,0.9710848
0.49882972481367205,0.5112147
0.5061288564152321,0.5211512
0.507433805399761,0.507072
0.6612059204737121,0.71179265
0.49889943051422503,0.49899253
0.5004044770249161,0.49998754
0.501161544190443,0.50201243
0.5004227315494191,0.5019946
0.843033093947075,0.85910195
0.9588213113492091,0.9535955
0.5025585048859811,0.49707723
0.942600751352861,0.9338778
0.514887871122343,0.50281835
0.502725424389006,0.5013841
0.49873597925853,0.49896333
0.9036726353821941,0.91340065
0.8176377904171601,0.84079343
0.501762493715577,0.50203407
0.820921826326644,0.80661094
0.503683629772092,0.505882
1.0,1.0011858
0.9391405122655121,0.9331272
0.5105881384987281,0.5140638
0.9646312596894331,0.94423014
0.784550001333089,0.74738747
0.499648936267201,0.49976408
0.918427230046948,0.9258641
0.504082193788851,0.5000446
0.49811173289433003,0.49954903
0.5888835555823311,0.51656765
0.9052069330944821,0.9007719
0.501298943348574,0.50005335
0.5013446003806771,0.501878
0.9560347672951691,0.95524395
0.509270386400563,0.50559074
0.509910102598765,0.5010321
1.0,0.99034065
0.504089239106641,0.5016294
0.7096362414848211,0.74110293
0.508847345707461,0.50093365
0.852736712648628,0.8420812
0.5240356868106201,0.5236767
0.9101445812842881,0.914467
0.863630926042922,0.8674027
0.5016232342467101,0.5013817
0.49893353652929906,0.49925953
0.49514659565078906,0.49962324
0.500573224566362,0.49889416
0.772030930152757,0.83709687
0.7961849331008211,0.83571535
0.49885544970926204,0.5039119
0.8646962369656971,0.86735725
0.503429611890382,0.50210565
0.503749774589987,0.50210565
0.500196483219839,0.5007807
1.0,1.0020415
0.516024673979219,0.5149178
0.512280147643165,0.5142485
0.927542205161848,0.91461086
0.899359008789801,0.8923239
0.9357888013902531,0.92832196
0.5049700113765171,0.5080096
0.49915527454453507,0.5007268
0.497659473213426,0.49902332
0.505155180432599,0.49929026
0.8328515628674741,0.8288805
0.9256714374129861,0.9376996
0.9664258596814511,0.9755811
0.520812486233047,0.52666974
0.5692107631951381,0.5850643
0.7413690476190471,0.75216645
0.49333263125343,0.49956205
0.709857507214472,0.69044584
0.9204052786337271,0.921803
0.49990608997482505,0.4988108
1.0,1.0002201
0.5015458071336281,0.49825972
0.5006955946478261,0.49934798
0.8688699616857191,0.86375624
0.9452966681910311,0.92327046
0.5842932052384271,0.58625567
0.9529736504271431,0.9558928
0.9175471218219711,0.9247775
0.495188167333284,0.50161767
0.505523239257324,0.5025724
0.503429611890382,0.4996542
0.9861132149938381,0.9670577
0.492634696383396,0.50287825
0.49944447405080905,0.49528155
0.613561020569389,0.6047004
0.505821191673363,0.49930298
0.498640900853885,0.5007798
0.506310944728611,0.50328267
0.49855463791498306,0.4990886
0.9487887771632351,0.9359618
0.502088980303765,0.5012921
0.786538707793478,0.8232097
0.49645676428022906,0.5009471
0.501418997162556,0.49964222
0.5021934746739201,0.5001942
0.497356705623326,0.49799085
0.6355221823607731,0.63307536
0.8457345230412651,0.84581447
0.9793087313355421,0.9782132
0.7711839995130131,0.77927387
0.8292593290948861,0.8278361
0.563641709340396,0.56021124
0.561897725436328,0.5692474
1.0,0.98103607
0.505495127165774,0.50125355
0.49963142192520704,0.49924135
0.49932753335914004,0.5001993
0.505724108803936,0.50650126
0.500949894442691,0.5030552
0.5002623458294411,0.5005241
0.9756459278613441,0.9792821
1.0,0.99909854
0.49676203921370704,0.49751627
0.956685576632131,0.95463586
1.0,1.0223714
0.792572823230382,0.81531394
0.49801935757019605,0.5001266
0.8112535612535611,0.85452664
0.787687383744836,0.65707195
0.48852418588796204,0.50758433
0.5004227315494191,0.503432
0.838124378793566,0.82675
0.504082193788851,0.50034034
0.5004044770249161,0.4999631
0.507247798075759,0.4988927
0.7191269101187111,0.66830313
0.569301355004153,0.6470504
0.9544753064311671,0.94055855
0.9224035053628561,0.93127203
0.504315391092799,0.51013094
0.500323675707262,0.49946904
0.5034877628119611,0.5028282
0.61826446520194,0.6060393
0.49963142192520704,0.49924135
0.5020116578658751,0.4992264
0.510730487049202,0.51011395
0.8908912572101421,0.8755514
0.9648629148629151,0.96171975
0.7700870314256261,0.7688146
0.782469426823103,0.796377
0.963300165300455,0.9757032
0.513001876614493,0.5208673
0.498713552170488,0.49916548
0.501502943472516,0.4998598
0.8471885816318531,0.86792594
0.6093915636560481,0.645671
0.49835246090225205,0.49918735
0.501549133847647,0.50054544
0.49906825143667205,0.50850224
0.5150450162774101,0.51395303
0.498713552170488,0.49872282
0.5094758426478541,0.51380396
0.9599756569294381,0.9809872
0.49934563800066806,0.49959558
0.8601488095238091,0.8854231
0.49811173289433003,0.49954903
0.49619140048702304,0.49893913
0.873220817643054,0.8879991
0.505654235387066,0.50802207
0.511714990926265,0.502485
0.496194063647011,0.5006014
0.915155048427262,0.9037341
0.49333263125343,0.4983665
0.5028536296709181,0.51441944
0.825475110524981,0.82849246
0.508875024437721,0.49894604
0.93485998325216,0.92777973
0.49950778109993804,0.5009762
0.837929958314351,0.84257084
0.9109462429732491,0.9100788
0.501035434220469,0.49968356
0.50001371170741,0.49968705
0.9246370583572071,0.92672426
0.967846850207789,0.9692115
0.772030930152757,0.8362759
0.803622146564763,0.7928069
0.5784543218640641,0.57900834
0.830131676285341,0.84334785
0.9528502584385321,0.94286424
0.7058673469387751,0.7045297
0.49983992584833503,0.49990588
0.5298109019199081,0.6691053
0.9759092372437931,0.97666425
0.503079944968279,0.49973685
0.6319862090638261,0.66463166
0.8158559285471371,0.8317715
0.50052093191691,0.5046844
0.497659473213426,0.49626872
0.8838599457216231,0.8848859
0.49983992584833503,0.49990588
0.5042355641935,0.5029847
0.946776990552288,0.94055855
0.8167567063869331,0.8383143
0.512402079358678,0.496477
0.57069834127745,0.5640772
0.8362799239610971,0.8271448
0.498409922024635,0.4995741
0.49854734973614906,0.49737602
0.49861386754551706,0.49887466
0.5044915963063561,0.50243187
0.621873684599621,0.66548866
0.499354866055418,0.49947655
0.500642846832961,0.50128365
0.499244204140023,0.49989894
0.514200338433747,0.5094335
0.50002312641829,0.49966925
0.905250371552739,0.8821034
0.5028966862326061,0.49916282
0.5124262633911421,0.50962436
0.49893353652929906,0.49925953
0.495611661615788,0.49893954
0.498409922024635,0.49965113
0.515010946907498,0.6177302
0.9020170057651941,0.89466274
1.0,1.0013007
0.912113728769752,0.92578
0.947856866569552,0.90971506
0.49823317499747805,0.49937412
0.506902461127813,0.5036621
0.687309175379714,0.666002
0.5340020018069941,0.54812366
0.8382864103941121,0.82122755
0.506902461127813,0.5048075
0.49886676557566406,0.5001795
0.864814814814814,0.9004254
0.8608973914206951,0.850817
0.5017722185225371,0.50135964
0.976324545935577,0.97389704
0.9784844579063341,0.97919637
0.9086240144348211,0.9102447
0.764632309722824,0.7622863
0.500916349419921,0.4975492
0.487872102992473,0.49337345
1.0,0.87642866
0.496682386908857,0.49889994
0.501296629358374,0.5033157
0.9617348627093371,0.88975173
0.500976717881447,0.5310698
0.49763998039973306,0.49785057
0.500687922686139,0.49887466
0.8688460787404251,0.8766871
0.9234004164218551,0.9218652
0.49983992584833503,0.49990588
0.501229055294669,0.4991585
0.5104663200551041,0.50706595
0.49863013576295806,0.50576687
0.5248012601566351,0.5174009
0.9335038028816871,0.93796057
0.95053650049572,0.92885494
0.49626525855393305,0.49965242
0.5004044770249161,0.4999631
0.5010454538107141,0.49751616
0.9055725875953111,0.9245371
0.49175242167297406,0.5041393
0.9861823361823361,0.96993655
0.49941293093065103,0.50501424
0.956391314757794,0.9729155
0.964565295815296,0.98381215
0.856623081529803,0.85100555
0.9503708238581261,0.95409906
0.533755867688099,0.52665335
0.49922349136945404,0.4992866
0.5169146135274,0.5260172
0.9016154518707781,0.9248752
0.498036659797612,0.49849817
0.509918241864469,0.4991915
0.832620248150952,0.8414611
0.572081006488672,0.57208407
0.9277874529649991,0.9412666
0.8682276154734561,0.86608356
0.8584153832581171,0.8523022
0.592976387855713,0.63690776
0.9665437262032991,0.95720816
0.9097353286435541,0.90397954
0.5177395233947061,0.5100629
0.507088372589073,0.518656
0.7964875959361261,0.765835
0.5218110593110591,0.56260294
0.499827204468106,0.49917307
0.5007177389584461,0.50117147
0.8946755982951231,0.9077488
0.49234655042052006,0.5040808
0.796816158824285,0.80285853
0.50001371170741,0.49968705
0.926419602061024,0.9219955
0.622301343616655,0.63703436
0.500695032837249,0.49981424
0.947486201441141,0.9468584
0.499240349947895,0.49959558
0.49675294502618206,0.4975499
0.501047084685711,0.49989572
0.5053469557967321,0.5127151
0.500659396564038,0.49971527
0.6366742551354091,0.65370715
0.5138293481436861,0.5198676
0.5041389892275611,0.5093375
0.942216646683911,0.94121796
1.0,1.0002201
0.9574250513775121,0.9796044
0.500511544482512,0.4983426
0.500565197105398,0.49893954
0.5012948228396791,0.48645094
0.8112535612535611,0.83687985
0.8175666430935691,0.8286688
0.49932753335914004,0.49940166
1.0,0.99902695
0.49893805928350604,0.49925953
0.49892143726581606,0.498747
0.9097490682977171,0.91398066
1.0,0.9976103
0.49612913845605705,0.5041352
0.500368344483629,0.499584
0.495611661615788,0.49936506
0.5068251245199561,0.507642
0.9438202247191011,0.92016494
0.5016448866728,0.50284314
0.510616629382825,0.50556326
0.9429578235166991,0.94883037
0.5029671218750751,0.50134635
0.961716427553831,0.9649921
0.515566606389391,0.5382289
0.5157655583731571,0.5623517
0.9202630205508701,0.9411682
0.9590823970037451,0.9244885
0.487872102992473,0.49608764
0.8347020991435361,0.85853577
0.49847476946715,0.5017568
0.49993347492712303,0.4983772
0.9265494932922741,0.92353517
0.9087935100130221,0.89897794
0.5612837382143461,0.517798
0.50001371170741,0.49968705
0.9686605405806671,0.97507894
0.9220508722461741,0.9233144
0.5004052662650771,0.499584
0.692828316835669,0.6655627
0.9019101425881081,0.90116537
1.0,0.99900943
0.500827474773271,0.50226474
0.8417138493420661,0.85100555
0.519491270653702,0.5173842
0.518148341244012,0.51415664
0.507395884228653,0.51169044
0.947903059902189,0.9564864
0.9395833333333331,0.916487
0.7933078199463741,0.81965125
0.5021451451704231,0.5021406
0.9278885696354571,0.9411682
0.798793165168165,0.80363584
0.863097485028628,0.89484864
0.49866589658526905,0.49922863
0.499085430419937,0.50607985
0.50453527926525,0.5072235
0.5020116578658751,0.49838027
0.50014723271575,0.50041837
0.497209265584415,0.49811363
1.0,0.9805387
0.49759714044130104,0.5002499
0.704397864429377,0.6997384
0.849396135881462,0.8460071
0.49333263125343,0.4968839
0.9350627810466101,0.93408203
0.956427235176273,0.95351475
0.9354322907445731,0.94763
0.8611262378151421,0.8629423
0.911583649761538,0.8953456
0.499161289745196,0.5009471
0.499512079911519,0.49812427
0.8288267880822381,0.7629081
0.648681584580151,0.6110066
0.7905920742950101,0.80285853
0.49876826102715605,0.5006589
0.49921964899393206,0.4988675
0.49632471191387906,0.6344385
0.7058673469387751,0.7045297
0.580782135059701,0.57980293
1.0,0.99611634
0.852817223153108,0.8590855
0.500642846832961,0.50102234
0.511040367818107,0.49894604
0.52353271165223,0.50501424
0.49227132232751303,0.4965885
0.805444482096464,0.79002357
0.5000070911811201,0.49987113
0.497887008795708,0.50201243
0.49918770066295604,0.49990588
0.9604668454850551,0.97314763
0.50399813453422,0.50640625
0.5007772343574101,0.49971065
0.500511544482512,0.4983426
0.9890742363139841,0.9969048
0.9553741015982571,0.9398185
0.9034312095388781,0.8958351
0.8161724479654291,0.81903344
0.573676223490562,0.58951795
0.49947445958747605,0.49959558
1.0,0.9967334
0.500033000362297,0.5005936
0.9836489720882031,0.97537625
0.805119184205033,0.8082259
0.726442071805904,0.8919769
0.772794251804322,0.7393997
0.5056218246562301,0.5057984
0.9260683760683761,0.9230809
0.519725779621613,0.51515466
0.884805759967598,0.89936876
0.894776793269144,0.889351
0.49198630188903203,0.49681142
0.5012948228396791,0.48639116
0.936562909175887,0.9468353
0.9507749186680771,0.9427035
0.548189501504825,0.50781024
0.893296120182511,0.90753484
0.650516502561538,0.6292126
0.9344092448694951,0.9386601
0.941254340569569,0.9495625
0.498263375631296,0.49851525
0.8657031388156241,0.8494413
0.49813759343838804,0.50093365
0.49333263125343,0.4983665
0.87827274361047,0.8819713
0.500757065297619,0.5013208
0.508249434237319,0.5105463
0.49927350117714603,0.49964342
0.49514659565078906,0.49865046
1.0,0.9695569
0.500659396564038,0.50074863
0.903647683080503,0.88833696
0.90224904847663,0.9240316
0.497652576874736,0.5017664
0.49932753335914004,0.49940166
0.588358318018763,0.61555433
0.9103205628741591,0.8985434
0.923879009681815,0.9341242
0.6873608520764101,0.6353351
0.499648936267201,0.49957347
0.5004070501062431,0.4999329
0.8991219461095981,0.9099406
0.49900207084731,0.5010852
0.5006407417551351,0.49890983
0.5004044770249161,0.50002193
0.776372205075144,0.7750072
0.500708693152706,0.50076276
0.8555969693551471,0.835354
0.49947445958747605,0.49959558
0.49908561318925704,0.5063644
0.49652035514771403,0.49940816
0.9446048710341671,0.9473345
0.49527758172628006,0.49901563
0.605487190634389,0.59719074
0.516024673979219,0.51151764
0.49528512531366603,0.4997825
1.0,1.0013007
0.51534897023822,0.51359993
0.8558222532578431,0.8561443
0.5004070501062431,0.4999329
0.9813207561339381,0.98236865
0.8765812427063471,0.8766871
0.49806361374627006,0.49965113
0.501573426604507,0.5005875
1.0,0.9909394
0.9501964341437441,0.95675
0.49990608997482505,0.49880764
0.52026791283948,0.5433215
0.498769981174049,0.49837092
0.746096109551249,0.74085957
0.504740465822162,0.50580305
0.496219894771151,0.50185007
0.49854347189868004,0.50339824
0.498409922024635,0.49887785
0.9587181691688791,0.97191787
0.82111289687455,0.7963324
0.9036726353821941,0.9130638
0.5001223941650711,0.4984203
0.5088858308942951,0.5040069
0.965196845240274,0.90959734
0.9087935100130221,0.89894325
0.505651815038445,0.5102999
0.49963142192520704,0.49924135
0.497604531158823,0.50144845
0.7953089934749671,0.7853048
0.500239914586007,0.4997879
0.500237754817213,0.501023
0.503391126068324,0.4977637
0.7930262863925851,0.7916712
0.49943205509064903,0.5012005
0.498263375631296,0.49851525
0.630860649681657,0.6215058
0.499378615141481,0.4996022
0.9601715686274501,0.97337866
0.5063412936089561,0.5051376
0.49893353652929906,0.49925953
0.9428574436876511,0.9589717
0.854621830853561,0.8176803
0.5039915038293621,0.499584
0.5001444302225551,0.50549066
0.501762493715577,0.5009762
0.799708175451567,0.76735425
0.9218902187794171,0.9411366
0.5822087202792591,0.5500136
0.496349282877429,0.5002499
0.492458183597253,0.51102287
0.749108674878176,0.69444704
0.6315951665888071,0.59400654
0.8461324073671991,0.8314326
0.5119932991843741,0.5149145
0.8814686269964781,0.86401165
0.49717805727789005,0.50000465
0.904357572919642,0.9029132
0.49676203921370704,0.49721557
0.49781613799915103,0.50080913
0.510373119419272,0.52883625
0.500672748462896,0.49962658
1.0,1.0008905
0.501298936759786,0.49987936
0.8882926174548921,0.87113655
0.503363555704562,0.50498
0.49459843295655503,0.4991006
0.497637390281559,0.5094106
0.902549165265312,0.8220989
0.500912125521858,0.49971065
0.5299269054971071,0.54208523
0.508464207388395,0.5094167
0.969352179965387,0.97778535
0.9615495933547511,0.9690526
0.493204008775297,0.49887165
0.5013120857916891,0.50082046
0.761727947195293,0.78122896
0.9879353233830841,0.99032307
0.496682386908857,0.4992225
0.5706504097621571,0.5807183
0.49484753277226906,0.49779084
0.6706031899541001,0.6545378
0.918312897683594,0.9620508
0.49651688659367404,0.49915242
0.8933440628806111,0.88500744
0.5002878058029441,0.50072575
0.9918699186991871,1.0002791
0.502895922392361,0.5023244
0.5002878058029441,0.49995306
0.8516412751333571,0.8515277
0.8953778003121781,0.8406727
0.611393838823152,0.6133421
0.835459207581245,0.85176456
1.0,0.9999101
0.9793870917871871,0.9767403
0.501411783808094,0.499584
0.559280703499997,0.52351165
0.500573224566362,0.49889416
0.716162383069309,0.66660386
0.500119604378338,0.50025064
0.500558013856718,0.50041556
0.503742349992312,0.49862233
0.5007841294916691,0.5132079
0.499827204468106,0.4995986
1.0,0.9992525
0.9312240468768831,0.9459038
0.8408031568239921,0.833292
0.504556372306183,0.505377
1.0,0.97823596
0.503745156109463,0.502528
0.8041650686749391,0.79800785
0.5103780292634781,0.5036179
0.570829947924952,0.57490766
0.5260479067970351,0.5508947
0.869114138936788,0.87134343
0.6830496816238261,0.67785764
0.5154006930502331,0.51370835
0.49717805727789005,0.4991585
0.8742839411955661,0.8465525
0.49774319456414706,0.5001266
0.517053184768109,0.5060519
0.49993298366737504,0.49959558
0.5008933554242181,0.49997497
0.6871711588718681,0.69444704
0.9611140753731251,0.9468584
0.5012948228396791,0.48645094
0.978875283446712,0.9851023
0.49706711810160203,0.49678427
0.7095630551787561,0.71382254
0.645212830968611,0.63914746
0.49674203845581805,0.4996842
0.9970588235294111,0.99852294
0.945240878885738,0.96076304
0.961058038489053,0.96239805
0.49811173289433003,0.49957347
0.49983373386925406,0.50095546
0.501610266277696,0.4997216
0.49963802310328304,0.49780354
0.49950778109993804,0.5007731
0.9744976896112091,0.94518167
0.921911448066787,0.9428304
0.511469070080739,0.5127557
0.498968339374296,0.50083494
0.50001371170741,0.49961388
0.5138293481436861,0.5258803
0.683584032368687,0.6925997
0.680371503161167,0.56010354
0.49856532731203707,0.50110805
0.558996136813813,0.55458814
0.49570325416230104,0.4983665
0.8395005040476161,0.84306294
0.8201095657668741,0.8410149
0.557174102469945,0.52566487
0.8631534895978551,0.8569408
