true_mean_similarity,predicted_mean_similarity
0.9393776256088371,0.9411225
0.4968450207637,0.49828562
0.5033328337667,0.50203097
0.947873681873682,0.9394869
0.9456821339043051,0.9411225
0.5153745760552191,0.5053057
0.513284405554135,0.51752824
0.506998487683013,0.5052026
0.5008933554242181,0.5000719
0.49963142192520704,0.49917012
0.7832128581897451,0.80790365
0.880513167540196,0.8613234
0.5059716310969551,0.5126807
0.855483492664699,0.8335742
0.8194429528804531,0.8350528
0.500380311865968,0.5005497
0.503391126068324,0.5032315
0.49781613799915103,0.49939218
0.542082864614377,0.5405264
0.9705695289882541,0.8965335
0.515010946907498,0.6295516
0.8680199587595471,0.84912723
0.496682386908857,0.4989404
0.499444879647826,0.49875647
0.687918600651341,0.6403841
0.540605356418506,0.5426515
0.8112535612535611,0.8255575
0.7186277892799631,0.694961
0.9724884531411041,0.9769394
0.8839092997284391,0.8865622
0.49845784180388203,0.5027183
0.9375,0.9418842
0.502419648188839,0.50036186
0.499381135713136,0.49991304
0.502892746368039,0.50082976
0.497214065344852,0.50043917
0.500565197105398,0.49882635
0.8112535612535611,0.8267542
0.496748941012416,0.51012003
0.899718413463176,0.8915767
0.5528084480377531,0.62204754
0.49918770066295604,0.50043243
0.9375,0.938397
0.7518525379677561,0.7447208
0.9101379731461361,0.9173667
0.501590801559402,0.502403
0.918427230046948,0.9144763
0.49521460941190903,0.49808916
0.5117977892087541,0.50560814
0.49963142192520704,0.49923262
0.905109159165917,0.9177373
0.587559208116699,0.5889917
0.499216590530812,0.50202143
0.591977578312594,0.53288335
0.873220817643054,0.8896963
0.575526401090739,0.58106136
0.504060008676797,0.49885136
0.49990608997482505,0.49923262
0.500237754817213,0.50163764
0.9650879180178831,0.9769394
0.583230389958409,0.5389419
0.973534338358459,0.97605735
1.0,0.99964315
0.555187261607894,0.5621631
0.9621707757585921,0.97018
0.8418377521201981,0.84358543
0.5139032650062451,0.5176658
0.49915527454453507,0.49941286
0.8162328719050731,0.8252676
0.503749774589987,0.5015159
0.49983992584833503,0.49984193
0.49927350117714603,0.49991256
1.0,0.9998422
0.5052373247055041,0.5018367
0.5637745289164461,0.5572084
0.9694796617914301,0.96790034
1.0,0.9972021
0.584367750885172,0.5731235
0.49988837093825506,0.49999246
0.6332789160988731,0.62734085
0.7996957467869331,0.8004246
0.5835441141630321,0.57921606
0.503204806454132,0.50072277
0.943106605733763,0.9352678
0.9688404510501091,0.9549701
0.5474410753246051,0.5434159
0.5956979231314781,0.5921448
0.8448049547106391,0.8469036
1.0,1.0006813
0.9487840915508341,0.94654816
0.9375,0.94454336
0.502223017268784,0.5021065
0.5129133641797771,0.51111734
0.956779526295592,0.96411735
0.50182620290123,0.501918
0.8507505584201591,0.8365183
0.9205993653804051,0.92233247
0.497532833861179,0.5011459
0.869571707043253,0.8727556
0.88260290461067,0.90778375
0.504060008676797,0.49921525
0.9313719760601741,0.979355
0.8909710301307031,0.90770555
0.5245749639724181,0.52361614
0.5004031956281041,0.49826494
0.8887916533136311,0.8844885
0.9338771770182871,0.9272367
0.9311015846141211,0.9311413
0.500672748462896,0.5006063
0.504080370892107,0.5049682
0.500558013856718,0.50017977
0.579802321257461,0.56205297
0.500316846678864,0.49917012
0.5956513095335021,0.6218287
0.510416826133754,0.50712
0.504481530931859,0.5052026
0.5158661292727731,0.5200374
0.49895693491174103,0.500251
0.5089050586929,0.49611923
0.49950778109993804,0.5003528
0.5002878058029441,0.5006622
0.7917877708027301,0.8050457
0.49852733247435504,0.49760118
0.501129102107093,0.5054756
0.572460876532335,0.6682228
0.7058673469387751,0.7056639
0.653662802526633,0.7535211
0.502090650697258,0.5010908
0.8869985048658301,0.88575107
0.942659667051681,0.9294135
0.828187197002468,0.8443735
0.6901695316927681,0.66183823
0.5004044770249161,0.49987084
0.5127845601073301,0.52428794
0.5001564666570131,0.49879485
0.9815000115515661,0.9735806
0.932769360676288,0.93530345
0.928841003745526,0.9426062
0.50052093191691,0.502595
0.501073859387226,0.5000719
0.7186277892799631,0.694961
0.513050703884202,0.5129638
0.500380311865968,0.50208557
0.5007841294916691,0.50433743
0.49892143726581606,0.49873638
0.498409922024635,0.49958563
0.497593727196508,0.49897358
0.951859727859728,0.9491542
0.88370234309075,0.8895022
0.7890398174116541,0.80454993
0.580782135059701,0.5787169
0.564890569566141,0.55292696
0.8908042089691101,0.8138848
0.5035755022638091,0.5004861
0.511714990926265,0.50723886
0.49876826102715605,0.5015159
0.502088980303765,0.5005438
0.515722418903195,0.52507895
0.5024952815700411,0.5007794
0.495183647340915,0.5028081
0.7413690476190471,0.7413815
0.49198630188903203,0.5040578
0.9121714048342681,0.93029124
1.0,1.0010834
0.506526992377176,0.5027217
0.51887843089407,0.52610344
0.49893805928350604,0.49876207
0.501035434220469,0.5004519
0.500380311865968,0.5005497
0.8398718752740381,0.8444001
0.711904792049846,0.7260916
0.988365412890097,0.97984815
0.5450338890503761,0.5443133
0.903449900993556,0.9065403
0.498263375631296,0.49873638
0.49781613799915103,0.49939218
0.8831069358480501,0.8880555
0.5128665457775821,0.5044977
0.9651266909614231,0.9513961
0.6804814044860851,0.6432428
0.935761783717947,0.9463141
0.830905505952206,0.850641
0.49824434824434705,0.5192056
0.9558228500345141,0.9549194
1.0,0.9960782
0.507419432419432,0.5469358
0.498640900853885,0.5006892
0.496878083137183,0.5013202
0.49854734973614906,0.4995922
0.5039343467878831,0.5024773
0.508385695965164,0.50174236
0.6963604446040571,0.67937833
0.5938193060511271,0.6018534
0.500209470734033,0.4997196
0.49556636023272904,0.5078877
0.500695032837249,0.50090593
0.524886038826013,0.5339581
0.49886676557566406,0.49954557
0.7586366626195631,0.7288061
0.8622306768233821,0.8916036
0.9754436179970171,0.9768258
0.5045311973494211,0.5014502
0.49459843295655503,0.49867228
0.856928496083144,0.82062835
0.8210765908413811,0.8699067
0.501298943348574,0.5015511
0.725286206217654,0.7376157
0.500848401244755,0.5207256
0.5082562574949601,0.5061886
0.49963142192520704,0.49917012
0.509039871774789,0.50040776
0.947873681873682,0.93832874
0.48472799246608705,0.50854516
0.49893805928350604,0.4991244
0.9620123942307041,0.9656246
0.500316846678864,0.49917012
0.8930981267522421,0.8999514
0.49648499410418806,0.50098675
0.806616293428793,0.8165113
0.500775568265259,0.5005718
0.9949677430222171,0.98646617
0.5003810968100031,0.49970835
0.500708693152706,0.50011075
1.0,0.99883395
0.8143192587687431,0.84001535
0.49971191282109806,0.4997245
0.49844358586777904,0.500283
0.5046270154587751,0.50101686
0.9673204806435801,0.9707356
0.5002878058029441,0.5006622
0.7602212222679781,0.768473
0.50337933341758,0.50183606
0.5055182626590631,0.49755293
0.8734401245668431,0.8809102
0.9599756569294381,0.97674984
0.591977578312594,0.53288335
0.498263375631296,0.4989921
0.927755749806335,0.9291365
0.5004070501062431,0.5001301
0.498769981174049,0.49921525
0.50617551969551,0.5079899
0.833171633274809,0.8454071
0.841292144690394,0.8810768
0.857943787339653,0.8533273
0.500366546145096,0.49850404
0.5151300189385241,0.5197692
0.499648936267201,0.4997577
1.0,0.99962014
0.500708693152706,0.50042325
0.8771601573164831,0.864699
1.0,1.0013741
0.49703101345695705,0.5014732
0.499240349947895,0.4997231
0.8141318887105401,0.81397915
0.5019614770753831,0.5019761
0.965128998545361,0.96340346
0.9590823970037451,0.94473594
0.500708693152706,0.50054204
0.5018953537527511,0.5008371
0.587559208116699,0.5847199
0.506526992377176,0.5027217
0.49950405146004806,0.4997245
0.9179927477620701,0.9096494
0.499444879647826,0.4989148
0.502057555576312,0.50189304
0.499080687231277,0.49948275
0.501573426604507,0.5015511
0.86226984290699,0.86589754
0.501502943472516,0.50120175
0.9129340155648501,0.91673326
0.49763998039973306,0.49825495
0.49922349136945404,0.4997453
0.853981573106478,0.8469735
0.498042911677041,0.49924415
0.553530481569084,0.54861
0.5078200745761381,0.5137064
0.8114520975126891,0.8218147
0.745250777294428,0.71888506
0.9628526382494631,0.9698099
0.5067145830277561,0.50063366
0.9826561373385391,0.97121304
0.8958157675975721,0.8982779
0.7862602092563921,0.7470793
0.862989302679926,0.842056
0.792778526075658,0.8252676
0.957333584170695,0.95191437
0.9702300488193021,0.961695
0.8612982287573641,0.8593085
0.49459843295655503,0.49867228
0.9622599767837351,0.9552056
0.9082583003444961,0.9158417
0.5059746407716791,0.50040066
0.937466265613742,0.9451037
0.49405649757381703,0.49807042
0.5368294586212451,0.5300625
0.597715505555226,0.56596166
0.574856296806553,0.6500154
0.5014056929986911,0.5009992
0.49651688659367404,0.49828467
0.867212189859734,0.8865622
0.8468338399189461,0.8492975
0.968392356942777,0.9724267
0.8742495583171861,0.86089844
0.7855934977880771,0.68481237
0.8545893719806761,0.88061917
0.501762493715577,0.50073636
0.988488863287249,0.9853042
0.505179601415907,0.503226
0.49915527454453507,0.50003856
0.7506127450980391,0.7504213
0.914505185944225,0.9242524
0.9191161176716601,0.9096494
0.572081006488672,0.577182
0.986384976525821,0.9671094
0.9608940919324611,0.95250416
0.8278290972352911,0.82143635
0.8499999999999991,0.8302099
0.509189749576412,0.50098234
0.9181222559945961,0.9539504
0.572081006488672,0.577182
0.500380311865968,0.5005497
0.8532246476701061,0.8652997
0.7034772182254191,0.69126827
0.49750156972143206,0.49913883
0.501035434220469,0.5004519
0.499745275795049,0.4997231
0.8980545835986411,0.9045035
0.5562472803235721,0.5623131
0.5042031056822001,0.49983928
0.50337933341758,0.5015294
0.5012948228396791,0.5005294
0.5001348147140401,0.5054756
0.9438202247191011,0.93179744
0.504873433214457,0.50677675
0.5075043154690161,0.5080224
0.512647812427223,0.51037323
0.523328088657601,0.54510605
0.5002623458294411,0.5004853
0.49844358586777904,0.500283
0.49990608997482505,0.49928108
0.77513677142432,0.6978826
0.9504494527254681,0.9422175
0.9369666401811331,0.9381272
0.5045189655443191,0.5082764
0.49651688659367404,0.49828467
0.5565600834819651,0.57921606
0.50337933341758,0.5015294
0.838147038439211,0.85865885
0.9397277881959221,0.92984986
0.9661630811377001,0.9966175
0.500511544482512,0.49953908
0.5040744962950531,0.50502676
0.535457428502324,0.5249668
0.9150303947651871,0.9177373
0.49882972481367205,0.5017027
1.0,0.9981306
0.881814413169093,0.8938203
0.524150319505521,0.59452325
0.502503087408384,0.50165224
0.49717805727789005,0.4994059
1.0,0.9994758
0.49993347492712303,0.49913192
0.9646151388355381,0.96298
0.592272885596498,0.66881335
0.9047290160133871,0.91161454
0.9339782918033691,0.9763473
0.502883416936856,0.5032218
0.86448499882311,0.87182885
0.5397995900229821,0.5486658
0.49989718451914605,0.5019134
0.49962751847823206,0.5007683
0.8483674453348411,0.87044346
0.9192931769279761,0.92483735
0.9874031007751931,0.9886495
0.500312096715272,0.5009503
0.49852733247435504,0.49760118
1.0,0.997525
0.8606459051587321,0.8739091
0.9694444444444441,0.9253708
0.49893353652929906,0.49857682
0.8622195405076021,0.8636745
0.499649106007011,0.50248766
0.49528512531366603,0.49940035
0.945240878885738,0.95406044
0.9824527660726081,0.9794091
0.500573224566362,0.50006473
0.706732128333392,0.6930834
0.923701733958026,0.9227917
0.49563445526456706,0.5007079
0.49893805928350604,0.49869296
0.5947574740461771,0.5932252
0.5055012830004411,0.497649
0.502088980303765,0.50353277
0.947931181536323,0.93787545
0.512054929071461,0.5160899
0.506440628696415,0.50156516
0.5036433589507291,0.5048618
0.9824198690955981,0.9819478
0.50001371170741,0.5001731
0.9648707353252801,0.95310426
0.8242580677369561,0.8020797
0.553047927405079,0.58109504
0.5039663022806561,0.5124455
0.809510902493154,0.7100861
0.497209265584415,0.4982811
0.517347529021572,0.5262261
0.49990608997482505,0.49917012
0.9565676398453111,0.9581818
0.9733946604604171,0.97354555
0.501540660075945,0.49960148
0.49777428022484205,0.49807724
0.832427452644059,0.83914334
0.837897334938949,0.8410797
0.49514659565078906,0.4989348
0.605830828471284,0.61558837
0.49866589658526905,0.49890554
0.927703672799943,0.92214316
0.5006955946478261,0.50014615
0.9519189570242521,0.96738124
0.812711530893348,0.7565834
0.5753086615168781,0.57723594
0.49850894791787603,0.49530497
0.508146071122479,0.5069953
0.9628155789793261,0.9522479
0.902615302548571,0.90644896
0.59584798065737,0.59610337
0.6234959681746101,0.56970644
0.630250747642051,0.63426155
0.505769292249949,0.5005763
0.648931643269622,0.62209016
0.513301601867706,0.5039644
0.9228226254328181,0.92649716
0.909589720875516,0.8909697
0.499879448442118,0.49804336
0.5012948228396791,0.50011057
0.8468338399189461,0.8492975
0.895577761461224,0.86196744
0.501762493715577,0.50073636
0.49971191282109806,0.4997245
0.8287198523702841,0.83442575
0.5299961313748071,0.5300286
0.500912125521858,0.49964198
0.502216332264773,0.4984527
0.9523165177789451,0.9533208
0.9042189008824201,0.88527983
0.580966223698781,0.6170909
0.9231587255483831,0.92430043
0.751666666666666,0.93823594
0.49852733247435504,0.49792165
0.500511544482512,0.49953908
0.502541133194019,0.50422204
0.500573224566362,0.49959353
0.7893072590989261,0.8571899
0.49835246090225205,0.4992518
0.9330254677592931,0.9274062
0.534857024601064,0.54397297
0.5010245116463821,0.5033128
1.0,1.0002571
0.8164821641097111,0.7811419
0.9704092315699321,0.9769394
0.502269076380052,0.49872932
0.9480286738351251,0.9458222
0.8132263396325891,0.80790365
0.49459843295655503,0.4988498
0.884293585199559,0.88230664
0.502741840418519,0.4956002
0.49945956534365404,0.49871358
0.49750156972143206,0.4994803
0.49970386444477105,0.4988723
0.9803536035454871,0.9776568
0.87299637785795,0.8883505
0.964028405330944,0.94629264
0.49821450771152404,0.50410163
0.497967164304757,0.49918664
0.504825813688346,0.5105666
0.953116093688764,0.9549194
0.504060008676797,0.49885136
0.501667976968812,0.5000719
0.49988837093825506,0.49998346
0.884128387782336,0.8852713
0.501867510462608,0.49963117
0.651648417712068,0.688375
0.837754421212014,0.8240225
0.5002556446296961,0.5124455
0.9485331064212911,0.89776605
0.8638829608075641,0.89023703
0.9585818810231891,0.9549194
0.9686583092833091,0.9540527
0.497483394404772,0.49882206
0.497483394404772,0.4984032
0.49970386444477105,0.49879485
0.9433691088356261,0.9422487
0.49893805928350604,0.49869296
0.518139534345597,0.5148883
0.784550001333089,0.76984656
0.49781613799915103,0.49939218
0.49947445958747605,0.4998226
0.681834929259698,0.7310105
0.49652035514771403,0.49906316
0.49922349136945404,0.4995328
0.7397924490667931,0.7611366
0.5014244411815301,0.50318533
0.8991219461095981,0.9096494
0.5264665627955251,0.6151737
0.49873105257614003,0.50149095
0.49801623027393804,0.49713504
0.841358682133839,0.84420234
0.8309402242349261,0.82762486
0.495733118730651,0.54056334
0.8839092997284391,0.8856772
0.8703718146797,0.85745853
0.924966528375441,0.9091146
0.9395833333333331,0.93697995
0.89616812150038,0.8895963
0.8488246021840471,0.8421439
0.819739805130093,0.8229507
0.500079433225301,0.5014323
0.7179198354432,0.730778
0.5042144337518311,0.49526381
0.501959045419878,0.49978128
0.500079433225301,0.5010908
0.530737433884217,0.59307307
0.506724738675958,0.5967591
0.49963142192520704,0.49923924
0.5998951321994881,0.66937506
0.517850466733881,0.50627196
0.917981763782422,0.9207459
0.8753816702707631,0.8941747
0.5388489817413961,0.53100646
0.541316298885624,0.53974617
0.49934563800066806,0.49846095
0.49652035514771403,0.49924314
0.5004031956281041,0.49826494
0.9452890405791001,0.9352803
0.499381135713136,0.49991304
0.9108844027860951,0.90644896
0.8900907865130351,0.88182366
0.9682229504659411,0.97007763
0.501229055294669,0.49906316
0.6764382587173731,0.6549714
0.486409362116054,0.5019365
0.646579831204599,0.64585894
0.524474700365358,0.52236986
0.9920495873461341,0.9819478
0.9841097868760451,0.97730124
0.503749774589987,0.5020516
0.51887843089407,0.5249157
0.501073859387226,0.5000719
0.49834918344438106,0.4991003
0.498042911677041,0.49977356
0.8885245496076051,0.9166466
0.69499840650333,0.64038897
0.51869526615518,0.51714087
0.8247054250124921,0.8007789
1.0,0.9868822
0.498727156351751,0.5044435
0.5218810035019761,0.52361614
0.7885963055542761,0.79048336
0.5012948228396791,0.5024285
0.5331620314481711,0.5390627
0.49934563800066806,0.4985719
0.517492497494336,0.51781625
0.503791330313322,0.5034609
0.8383762314649731,0.82706964
0.497209265584415,0.49833527
0.49971191282109806,0.5015263
0.51887843089407,0.5262154
0.87005274775713,0.8446857
0.8531779401433651,0.8589206
0.7829734959020841,0.81108505
0.499580511765055,0.4996106
0.9663236540630831,0.94865817
0.5330497990017621,0.53049946
0.49893805928350604,0.4988039
0.8383662012191311,0.8438327
0.529689800707075,0.5268485
0.503058335837557,0.4984745
0.522623598549792,0.51928407
0.751666666666666,0.9385776
0.502904196947717,0.50189745
0.976324545935577,0.9776568
0.49962812188890804,0.5036594
0.500237754817213,0.50163764
0.585578042033664,0.59441847
0.692906155772497,0.671499
0.9186138945233571,0.91818017
0.507128539256697,0.50882566
0.49690886747065205,0.5003325
0.6288813634817351,0.63797086
0.8128606072372551,0.8217972
0.500639462668055,0.5022029
0.5000402802899451,0.5000719
0.9830246504469821,0.98106694
0.5002623458294411,0.5004853
0.501229055294669,0.49924314
1.0,0.9951174
0.498766552650148,0.5107205
0.49927350117714603,0.49991256
0.50216019937624,0.5041846
0.798919550792059,0.80731773
0.49717805727789005,0.4994059
0.8144613023413411,0.81314206
0.8621503705197431,0.8558977
0.499879448442118,0.49810585
0.500079433225301,0.50055516
0.504761457652537,0.50264823
0.9815024006542861,0.8189067
0.5008236370590881,0.5002392
0.9580986566349321,0.93843114
0.49811173289433003,0.49945283
0.858767478035202,0.8636745
0.5178228375645161,0.51035094
0.9517795370083421,0.94460005
0.5099332062232791,0.51709557
0.5339102158586401,0.5239676
0.926697022835095,0.94632065
0.9861823361823361,0.9763558
0.592009687674937,0.59452677
0.6653625366004,0.66224647
0.9745285486740841,0.9679898
0.49858243160115107,0.49946007
0.9754546682490851,0.95844126
0.5024329781500451,0.4974352
0.588017347236097,0.5828837
0.49675294502618206,0.49651453
0.49893353652929906,0.49851638
0.918427230046948,0.935172
0.8612091890949181,0.8502618
0.5166778381600621,0.51146203
0.501667976968812,0.5001838
0.501073859387226,0.5000719
0.500728741052317,0.49885136
0.49931859161911,0.5001974
0.49994078746352205,0.49859056
0.49915527454453507,0.49941286
0.8693182380098271,0.85867655
0.9387251999760251,0.9231458
0.958184752807942,0.95086825
0.5004044770249161,0.49987084
0.8552904017656021,0.86370367
0.49260178355186907,0.49651453
0.8196819647725111,0.82124597
0.50361339539577,0.4998116
1.0,1.0045389
0.500239914586007,0.49924415
0.9556241269533681,0.8403429
0.500049712042373,0.50274235
0.49717805727789005,0.4992259
0.500119604378338,0.49924314
0.8959284100961191,0.885462
0.49675294502618206,0.49828562
1.0,0.9997851
0.496682386908857,0.49782187
0.8231359292578591,0.83294594
0.49893353652929906,0.4988988
0.499512079911519,0.49937624
0.502069128920366,0.49879485
0.8517702491436511,0.8274942
0.8400089054202611,0.85503846
0.8547908735073301,0.8499137
0.49918770066295604,0.50043243
0.515062559632273,0.51039344
0.5095834444722961,0.5007907
0.49852733247435504,0.49755934
0.49983373386925406,0.5000719
0.8302961590425281,0.84436935
0.9039419594151761,0.8844885
0.49965957597160304,0.49890554
0.8077485284199051,0.8008715
0.984707314649175,0.954703
0.504715041902541,0.5265296
0.49876826102715605,0.50239307
0.487872102992473,0.49573362
0.49835246090225205,0.4992518
0.975733783152789,0.97426957
0.6166667305115491,0.67341346
0.500642846832961,0.5004853
0.9286415700914721,0.91590524
0.8877902483633611,0.88280463
0.5236497877122871,0.5175255
0.6827128118794781,0.6897812
0.922559082550585,0.92114997
0.925444766778399,0.9136557
0.9231027673263411,0.89972246
0.8354056519768851,0.78128725
0.978679276588684,0.973149
1.0,1.0031453
0.50002312641829,0.49987417
0.500728741052317,0.49885136
0.919593707552486,0.90345556
0.5016448866728,0.50547326
0.970149064020509,0.96511954
0.5002878058029441,0.5006622
0.49676203921370704,0.49834383
0.8275928615222831,0.82633936
0.500239914586007,0.49924415
0.951189780275258,0.9400713
0.49918770066295604,0.50043243
0.9344092448694951,0.92622805
0.5002878058029441,0.5006622
0.8669004377043661,0.8823694
0.9567200125076271,0.9490088
0.500511544482512,0.49953908
0.49811173289433003,0.49986267
0.50216019937624,0.50422335
0.5368688869751751,0.5409338
0.5008236370590881,0.5011914
0.5004070501062431,0.5001301
0.8507456376113771,0.8492855
0.499080687231277,0.49917012
0.5007573911272101,0.50132203
0.9435703086271631,0.94643646
0.873555489141262,0.88345486
0.5027219034810101,0.50337595
0.8972841336903841,0.8786167
0.7506127450980391,0.75022846
0.499449140651375,0.49641335
0.9477332944630751,0.93372124
0.49133636263816405,0.5061274
0.828606243630249,0.8354975
0.982368548048649,0.9864862
0.50236262417097,0.5007079
0.97160420387579,0.97354555
0.5002623458294411,0.5004853
0.522293155400642,0.52270377
0.504481530931859,0.5052026
0.502261347221173,0.50040066
0.49889195026633404,0.5025816
0.49993298366737504,0.50018406
0.500380311865968,0.5005497
0.6980402939934931,0.7439909
0.8219393917377871,0.83462054
0.9260061643319131,0.9237909
0.49989718451914605,0.50196195
0.63021669341894,0.6306005
0.49742291262251204,0.5012763
0.5463401293421191,0.61832666
0.49521460941190903,0.49808916
0.500672748462896,0.50064504
0.508028582376976,0.50141305
0.508529127967635,0.50675833
0.49970386444477105,0.4988723
0.677784428482752,0.6826441
0.505559209215174,0.50720054
0.50002312641829,0.49987417
0.5006030186379921,0.49918765
0.49893353652929906,0.49864593
0.642189370533298,0.6050611
0.934427760461714,0.90805817
0.785963896193676,0.75439155
0.5002878058029441,0.50072455
0.8884588215260021,0.88823295
0.960322786225384,0.9737118
0.5122169176453231,0.5121574
0.571192543159454,0.5525115
1.0,0.9906368
0.9497072990914511,0.89301634
0.7980122981333081,0.83590496
0.940792473197078,0.94679195
0.500380311865968,0.50066054
0.500695032837249,0.500533
0.958793167842455,0.9670531
0.49855943950207804,0.5235587
0.9656155407682491,0.95999795
0.6402835828069471,0.62555885
0.8495357923027561,0.8457784
0.499304703760638,0.51026636
0.9088315335769471,0.89279115
0.5029253622266711,0.50375473
0.877407456711183,0.8692508
0.9097304894179891,0.90381825
0.500554905299309,0.49881154
0.49963142192520704,0.49917012
0.5080708013770551,0.5017304
0.49717805727789005,0.4994059
0.940157604527557,0.94603693
0.487872102992473,0.49800688
0.499157705003604,0.49978173
0.9385417840500221,0.94120985
0.5008108803001451,0.5020305
1.0,0.978502
0.832003262464261,0.8441795
0.503760568871786,0.5076027
0.989886219974715,0.9916821
0.9523165177789451,0.9533208
0.509701808319815,0.5053057
0.7413690476190471,0.7413815
0.49892143726581606,0.49862975
0.9845411861036861,0.9685651
0.86763528120879,0.883976
0.971395607658991,0.9707356
0.6552402704272281,0.7150334
0.9441319208516591,0.9460435
0.86698167300143,0.88541085
0.49994656236074503,0.49938765
0.8008894545259421,0.8032696
0.498263375631296,0.49873638
1.0,0.99832153
0.8725118975933841,0.87693274
0.515010946907498,0.628568
0.497324240497488,0.5011488
0.841292144690394,0.8782834
0.49892143726581606,0.49873638
0.763068122582337,0.65209854
0.59757886321621,0.60878897
0.49947445958747605,0.4997536
0.500113101644535,0.49590442
0.503815015844245,0.50264823
0.9495351955415461,0.9529974
0.49970576313588105,0.4984527
0.8862514763883511,0.8878879
0.830774987156431,0.8229507
0.5037179264391181,0.5044435
0.500642846832961,0.5004853
0.49947445958747605,0.4997536
0.786538707793478,0.80936915
0.49676203921370704,0.49823704
0.49872768328390704,0.4984527
0.9122712318521611,0.9087185
0.49909013291806703,0.4998924
0.498769981174049,0.49885136
0.9094595585856781,0.91856486
0.503857000750013,0.50470215
0.9480286738351251,0.95548934
0.502924408777583,0.5088576
0.8627956338664061,0.8491148
0.883691756272401,0.8599616
0.500594869429494,0.5416713
1.0,0.9963805
0.503540713397657,0.50670916
0.5019976111109671,0.50245416
0.8883589342756021,0.90709525
0.954952119551682,0.9487881
0.751666666666666,0.9385788
0.790889043466629,0.79159164
0.499580511765055,0.49966478
0.49965957597160304,0.49883312
0.49983992584833503,0.49984193
0.499580511765055,0.49986696
0.49887800524122206,0.49805924
0.500573224566362,0.49959353
0.605776254808832,0.59449553
0.8091633817550481,0.7922214
0.516207602807641,0.5013202
0.8509182415402331,0.83590496
0.6795587583646261,0.6536258
0.864814814814814,0.86479944
0.989275421984355,0.98749727
0.499381135713136,0.50088525
0.492952068076894,0.5054377
0.49994165254558504,0.4983519
0.501103413035602,0.50155634
0.5008394265524541,0.5066577
0.574428151440466,0.59058917
0.500511544482512,0.49953908
0.5108585142348301,0.49983928
0.6950652542189351,0.81470406
0.874766467156415,0.88989556
0.8899031420363951,0.8800904
0.500454067453571,0.5001479
0.501549133847647,0.50132203
0.9516716256294301,0.94504887
0.971690327091917,0.7857067
0.49998051952632505,0.50022095
0.942290051714971,0.9691867
0.497209265584415,0.49826
0.496682386908857,0.49879047
0.8468338399189461,0.8492975
0.7739649513837571,0.7100861
0.49983373386925406,0.5000719
0.8758354003224401,0.8648848
0.5029671218750751,0.5020163
0.9289779746669141,0.94054013
0.9395833333333331,0.940532
0.5807203820485071,0.58106196
0.49882526449478803,0.5018468
0.500119604378338,0.49934784
0.918509651293636,0.91399044
0.7412204208884701,0.75534546
0.864814814814814,0.8645631
0.500079433225301,0.5010556
0.992878028404344,0.97510767
0.503749774589987,0.5020163
0.9860502079619721,0.9505941
0.708731519987388,0.7457525
0.640520712929993,0.6693998
0.615186025415951,0.59047097
0.8022944186995831,0.7860004
0.6269353367158701,0.63574195
0.500933190170417,0.50219136
0.505214809901687,0.50463325
0.9648707353252801,0.95310426
0.7701205517749261,0.7120715
0.49608867493714204,0.5005184
0.502880004967662,0.5038456
0.9154144249235191,0.92592645
0.5667485132879501,0.55840683
0.850347336522121,0.83656585
0.5028540413116961,0.49872932
0.895126464051698,0.8831641
0.49657564110685104,0.49852374
0.7517585887092231,0.8013787
0.500380311865968,0.500612
0.701720000521947,0.7098884
0.49970386444477105,0.49879485
0.905253017504944,0.91129047
0.5004227315494191,0.50066656
0.49651688659367404,0.49828467
0.506902461127813,0.4957965
0.500949894442691,0.5028062
0.500728741052317,0.49906388
0.6928573927874011,0.79664946
0.49972096481360606,0.5010679
0.88839448517099,0.89023703
0.8249122950272371,0.8564847
0.5061101343955441,0.5006653
0.735021130625474,0.7494522
0.502141820088805,0.50189215
0.5139032650062451,0.51885414
0.502979235916934,0.5024882
0.972553160657849,0.95623106
0.8760266982700441,0.8875087
0.49629283972373905,0.49864578
0.613561020569389,0.60156834
0.49966439687565206,0.49929732
0.5019054264316231,0.49919316
1.0,0.99967307
0.9661630811377001,0.9920872
0.8959848394761301,0.89834595
0.524091118316374,0.52171504
0.49963142192520704,0.49928108
0.873923999877635,0.8712852
0.8105262497798671,0.80370504
0.498409922024635,0.49959466
0.500119604378338,0.49924314
0.5036114954664831,0.502595
0.9637495955109141,0.9440557
0.5280614461944501,0.559503
0.497659473213426,0.5009503
0.502420118759145,0.49771184
0.50346462164643,0.5081987
0.507576496184435,0.5071577
0.506902461127813,0.5092307
0.49922349136945404,0.4997453
0.5004227315494191,0.5019771
0.8273458803418561,0.8088231
0.8297922693993841,0.8271538
0.9454303742751231,0.9466097
0.507741617147314,0.5105666
0.499648936267201,0.5004223
1.0,1.0004673
0.983314591472988,0.97723114
0.8474317454671491,0.83742243
0.500493830725221,0.5007287
0.863742798547058,0.8535111
0.497209265584415,0.4982811
0.508848474799532,0.5097593
0.50002312641829,0.49987417
0.50002312641829,0.49987417
1.0,0.9996642
0.497637390281559,0.5019365
0.5086778957991911,0.49713504
0.7783257561819521,0.78546196
0.8542706874481181,0.8186468
0.964060016564081,0.95736104
0.9019321936481071,0.88726574
0.9440297572335251,0.9510399
0.9648707353252801,0.954805
0.8473415827078511,0.8426345
0.49893353652929906,0.5005323
0.5050529703881841,0.50611234
0.9844637855142061,0.98951006
0.499080687231277,0.5014885
0.853394629333805,0.87536037
0.960793216116069,0.95827556
0.630250747642051,0.6346088
0.9533752173483561,0.94708854
0.5046270154587751,0.5006543
0.5055182626590631,0.5004861
0.49620370484067805,0.49936652
0.9760362013197911,0.9719543
0.499378615141481,0.5004519
0.963733259701481,0.9627125
0.49983943169461703,0.50018483
0.496682386908857,0.4989404
0.49861589478299906,0.4988237
0.49800001508366204,0.49771184
0.928975963843308,0.9138838
1.0,0.99967307
0.501573426604507,0.5015511
0.6129724597298121,0.65134954
0.8259958153422061,0.80920154
0.503058335837557,0.4984956
0.499240349947895,0.4997231
0.502924408777583,0.504085
0.5684758850021511,0.5807164
0.539190017328092,0.5130028
0.49717805727789005,0.4992259
0.8171186727057831,0.86287856
0.5004227315494191,0.50066656
0.5082562574949601,0.5061886
0.49918770066295604,0.50043243
0.9539365555536871,0.9490088
0.6596129634092831,0.6293602
0.5007841294916691,0.5050302
0.782495732543465,0.8030744
0.497483394404772,0.4984032
0.702031163186104,0.67922235
0.8507038094529391,0.84566635
0.5008544908032271,0.505048
0.49260178355186907,0.49794605
0.521919052465452,0.5609719
1.0,0.9977157
0.545978130433717,0.5609719
0.507851600697334,0.5007696
0.499493726163573,0.50431913
0.480957706886499,0.5049588
0.5002915497759031,0.49929732
0.502296318579392,0.50238013
0.7136459082572261,0.70895445
0.502405799874526,0.4998427
1.0,0.9910717
0.49963142192520704,0.49917012
0.8634095713706371,0.8775709
0.716162383069309,0.6924688
0.9583988513696731,0.9649531
0.8512407740991821,0.8536644
0.50001371170741,0.50017977
0.8418443897177691,0.83899784
0.632029723844438,0.60937923
0.49891723216811507,0.49706748
0.498042911677041,0.49959466
0.813738276688558,0.8343259
0.845774880424707,0.85357916
0.526384561248313,0.528333
0.6734334572261561,0.6962555
0.901187386942606,0.9096494
0.500558013856718,0.50011075
0.833101554836367,0.8443985
0.498263375631296,0.49862313
0.9193670797544701,0.8022879
0.8066711421082731,0.8491148
0.497483394404772,0.4984032
0.8955436009829311,0.8990461
0.49915527454453507,0.50003856
0.9250823158834821,0.92051715
0.8418197305024241,0.8031752
0.9596949681607051,0.95412457
0.983314591472988,0.9801265
0.87158826992617,0.86457783
0.9727954748138171,0.9505197
0.49763998039973306,0.49897078
0.865453065783048,0.87027687
0.556532478587186,0.580063
0.49835246090225205,0.4992518
0.9590686522516171,0.95646244
0.626813921513061,0.62071145
0.8130204711268011,0.6513406
0.630250747642051,0.63426155
1.0,0.98687017
0.500695032837249,0.49989402
0.730100434429334,0.7652242
0.502457290475805,0.5077281
0.500565197105398,0.4988446
0.499444879647826,0.49875647
0.928781180227584,0.93818337
0.480957706886499,0.5049588
0.5293865056265681,0.5224035
0.501035434220469,0.5004519
0.9039419594151761,0.8865622
0.5059570411374901,0.49771184
0.49893353652929906,0.4988988
0.955341364409312,0.9510399
0.6560923718506431,0.63451517
0.500380311865968,0.5006187
0.49835246090225205,0.4992518
0.9520243980691191,0.9505761
0.734865578832119,0.75050294
0.560751604717121,0.5528069
0.5374666543701511,0.5344832
0.763072142083518,0.79274464
0.5012948228396791,0.50011057
0.948047498374551,0.9486106
0.8838474686658131,0.8820209
0.5007841294916691,0.5038425
0.49835246090225205,0.4996043
0.863540974711381,0.8631249
0.9580155703860781,0.94358516
0.499648936267201,0.49986959
0.7862602092563921,0.7728113
0.9645184153167041,0.9563822
1.0,1.0002605
0.5093220955680401,0.50807583
0.49876826102715605,0.5015159
0.970779435097691,0.9768258
0.9257139416868081,0.9256776
0.5005912469110491,0.49889877
0.5073952322253641,0.506911
0.49932753335914004,0.50133383
0.504556372306183,0.5011709
0.8948067632850241,0.9036694
0.720153729124369,0.7313835
0.51958308166569,0.52361614
0.49459843295655503,0.49901375
0.9579435540858701,0.96043605
0.5237511264937731,0.517483
0.937593083999334,0.94414884
0.8693182380098271,0.85836333
1.0,0.9991866
0.500642846832961,0.5004853
0.9563184663536771,0.9647366
0.49333263125343,0.49651453
0.50001371170741,0.5002216
0.49963142192520704,0.49960148
0.8395543702593371,0.84580225
0.50064859365642,0.5012612
0.9918699186991871,0.99628353
0.5004044770249161,0.49987084
0.500695032837249,0.49989402
0.957676074574455,0.97914994
0.9259787858746191,0.9206411
0.614360509157111,0.581707
0.858600125233399,0.8458327
0.49652035514771403,0.49906316
0.9095772532999781,0.74259955
0.9470311730538111,0.9465416
0.743930739661355,0.7866068
0.9581229464244051,0.95623106
0.854025972409565,0.8504209
0.49989718451914605,0.5018511
0.5242534946205211,0.50466317
0.500454067453571,0.5002588
0.8688234080877131,0.87306887
0.500196483219839,0.500833
1.0,1.0015
0.487872102992473,0.4966834
0.9823753991392471,0.97522074
0.501229055294669,0.49924314
0.8851908263089401,0.8792576
0.7529649524625951,0.75842804
0.502315307103474,0.5007079
0.500033000362297,0.5010598
0.49970386444477105,0.4989265
0.501273107894004,0.5019365
0.553530481569084,0.5524279
0.500044385706863,0.49918664
0.556814552200649,0.58374584
0.8813239184562711,0.8917225
1.0,0.99029577
0.630250747642051,0.63426155
0.5000402802899451,0.5000719
0.9565784904943421,0.95457584
0.499634347883031,0.49889237
0.8593634979412511,0.87149036
0.498409922024635,0.49924415
0.499634347883031,0.4989221
0.921806961603546,0.93044287
0.566723690515279,0.57795525
0.949168977271259,0.9338361
0.504389555201746,0.5013202
0.9298050049800191,0.926382
0.9601715686274501,0.9604184
0.9280490466117801,0.9138838
0.7724225868133561,0.76120996
0.49906577464204005,0.5016237
0.9720374307619931,0.97354555
0.515010946907498,0.6295516
0.8925992009232291,0.9045585
0.8920643475671741,0.89309824
0.49895693491174103,0.500251
0.6003705449804041,0.58065313
0.5004730773766181,0.49970716
0.5772991418377971,0.5339011
0.680877867662196,0.69292265
0.7787416806253851,0.7675316
0.498042911677041,0.49924415
0.5006955946478261,0.5000772
0.49988837093825506,0.5001715
0.499444879647826,0.49896646
0.499512079911519,0.49937624
0.787487506867093,0.7823087
0.501069492221199,0.50229186
0.864814814814814,0.86460185
0.525530089639848,0.5435976
1.0,0.99935526
0.5191643577215961,0.6736662
0.8350384489027071,0.8589995
0.503749774589987,0.50239307
0.500912125521858,0.5003657
0.574280866853326,0.6007396
0.498713552170488,0.4985573
0.49963142192520704,0.49923262
0.508737747738299,0.500157
0.506369955455378,0.5007079
0.500642846832961,0.5009429
0.5740481023316061,0.5780999
0.517841270006662,0.5141773
0.7413690476190471,0.7413815
0.501298943348574,0.5015511
0.517492497494336,0.5207624
0.506630847299889,0.5054377
0.5019623456198931,0.50059617
0.6832493592440441,0.688375
0.5138826164647861,0.52197635
0.49925020236184503,0.49949828
0.5567223290320631,0.5633287
0.635160901075693,0.59282213
0.500316846678864,0.49923924
1.0,0.99967307
0.506677355206939,0.49872932
0.5556507322456661,0.6057423
0.952074998746225,0.94993526
0.49866589658526905,0.49885136
0.810408555644312,0.8350528
0.5510968284976271,0.5643198
0.499381135713136,0.49991304
0.501035434220469,0.5004519
0.501949755440659,0.497649
0.8704638629749331,0.86251116
0.7725955813216531,0.78653765
0.519042142290948,0.5205933
0.942387382879436,0.9462062
0.9777573334588071,0.9687005
1.0,1.0023172
0.832471539843872,0.8364124
0.720111448834853,0.81547266
0.641630462299387,0.5463083
0.8447999643365751,0.8346911
0.5119384970264821,0.5054377
0.682065787319727,0.69012153
0.943485392820929,0.94189805
0.913299340764097,0.91211945
0.8315914890978271,0.81838846
1.0,0.9997851
0.795345217211445,0.8196821
0.509955598769667,0.50409675
0.623886532690591,0.65209854
0.49636430917023405,0.5006774
0.9648707353252801,0.95310426
0.504942964659282,0.50522786
0.9244199755412571,0.9094261
0.499444879647826,0.49896646
1.0,0.99044764
0.8707097846350411,0.8594687
0.500380311865968,0.500612
0.499879448442118,0.49804336
0.49971191282109806,0.5021513
0.542739143018668,0.5370987
0.912634625688239,0.86697435
0.9145973774027171,0.90644896
0.515010946907498,0.60331684
0.5087189550551621,0.542578
0.504481530931859,0.5052026
0.911230163039582,0.88286304
0.9168698561445421,0.91129047
0.515010946907498,0.6297444
1.0,0.9997669
0.7079587079587081,0.7339744
0.496682386908857,0.49782187
0.9364531481968211,0.9472585
0.503857000750013,0.5052874
0.9811502991238841,0.9819478
0.49971191282109806,0.5011558
0.872411989719682,0.8809584
0.8687044727760881,0.87757283
0.9228811846142361,0.9447666
0.8141673772355591,0.83297384
0.498769981174049,0.49921525
0.5028495167789601,0.5055895
0.950933519354845,0.949879
0.49972332591331703,0.50061506
0.767594381427104,0.7852078
0.5339102158586401,0.52835906
0.49338125545624606,0.49811196
0.872299478486925,0.8698052
0.50052093191691,0.5025597
0.505495127165774,0.50390786
0.503250030980359,0.4992302
0.864814814814814,0.86479944
0.8102799188278661,0.807403
0.8622874330575001,0.8758914
0.9803112049417471,0.9869747
0.8562579216254451,0.86604834
0.8214941897750231,0.8446193
0.5307554479334511,0.52765495
0.6495816312610201,0.6525263
0.49895693491174103,0.5010556
0.8967627082426941,0.90431744
0.751666666666666,0.93759525
0.5007841294916691,0.50433743
0.9030013623034131,0.9065403
0.9259787858746191,0.9314485
0.500558013856718,0.50011075
0.500558013856718,0.50011075
1.0,0.9957471
0.9019101425881081,0.90512925
0.6795587583646261,0.6460894
0.528594073223215,0.53493124
0.7804619581141311,0.76651764
0.636975218774808,0.6124009
0.501229055294669,0.49906316
1.0,0.99911124
0.49855463791498306,0.49921742
0.937964663636053,0.9237288
0.8386763982376471,0.85346395
0.623863286329247,0.5942478
0.49924533922289505,0.5019365
0.500695032837249,0.5010673
0.500558013856718,0.50011075
0.49963142192520704,0.49917012
0.49495200888929003,0.54054576
0.980739928976705,0.9867926
0.8466168085216521,0.83899784
0.500923933778572,0.5004853
0.500492959193035,0.5077281
0.500565197105398,0.49889877
0.8988528264528831,0.88403517
0.502785405714973,0.49890554
0.89360296538163,0.9359586
0.500366546145096,0.49850404
0.968392356942777,0.9725542
0.49889943051422503,0.4996921
0.496862097183462,0.49841306
0.9583025560298281,0.9698866
0.500708693152706,0.50017977
0.5022111382681821,0.5020516
0.500196483219839,0.500833
0.8750148918837891,0.8599758
0.516024673979219,0.51579046
0.796154056864096,0.7796044
0.504082193788851,0.50228244
0.892507888403663,0.9130111
0.502405799874526,0.49807042
0.7313114027993031,0.7791494
0.9343604108309991,0.9341862
0.49934563800066806,0.49853006
0.9569735054153131,0.95999795
0.7877469822109161,0.7277352
0.9949677430222171,0.988771
0.49834145866504304,0.49921197
0.5012948228396791,0.50028557
0.5736638534673391,0.53772885
0.497685388722554,0.49958462
0.956084044337511,0.94767743
0.8839092997284391,0.8844885
0.49925020236184503,0.4996862
0.499304703760638,0.5114382
0.498713552170488,0.49851033
0.506821247985781,0.5010908
0.87158036253055,0.87786746
0.668930293004916,0.692287
0.855454830375011,0.83578414
0.499512079911519,0.49937624
0.956784178525477,0.9413217
0.864814814814814,0.8645631
0.598244503614853,0.6148633
0.908694334981019,0.9138838
0.5299933675166201,0.5211744
0.498263375631296,0.49873638
0.9366988657667181,0.9288031
0.503749774589987,0.5020516
0.498042911677041,0.4992259
0.500893605598554,0.499431
0.49651688659367404,0.49828467
0.9785402147104271,0.96921366
0.533156944433405,0.52937406
0.500323675707262,0.49924415
0.49763998039973306,0.49972147
0.49993347492712303,0.49928328
0.495611661615788,0.49669272
0.5023269048546071,0.5030534
0.49990608997482505,0.49960148
0.523496397387044,0.5253948
0.5717260049824241,0.54088444
0.49717805727789005,0.4992259
0.9844637855142061,0.9876672
0.49660948561314006,0.6045997
0.66759598336559,0.6701609
0.49347498894968206,0.49776784
0.9635606674775341,0.8951788
0.49187461855414305,0.4993349
0.5004070501062431,0.5005912
0.49932753335914004,0.49928725
0.8686479232051221,0.8754395
0.49652035514771403,0.49924314
0.82530532621226,0.8275094
0.49947445958747605,0.50006604
0.499580511765055,0.499698
0.858655031464934,0.83654827
0.83194971501694,0.8110559
0.49716482455190303,0.49942908
0.49975057879967805,0.49890554
0.497398273832706,0.50083196
0.49099737823918305,0.5059897
0.5096745992214641,0.5089094
0.499381135713136,0.49991304
0.864814814814814,0.85639554
0.935450461001854,0.94198054
0.49528512531366603,0.49940035
0.8920894773517801,0.898776
0.500728741052317,0.49921525
0.5258567300750691,0.52962035
0.846057789355762,0.8363507
0.9119066312377541,0.9097642
0.500312096715272,0.5009503
0.49983992584833503,0.49995285
0.9395833333333331,0.972333
0.911952867302501,0.9156396
0.496690542083272,0.5044253
0.5068537395442091,0.5017553
0.532555802776656,0.5266245
0.49918770066295604,0.50043243
0.49852733247435504,0.49755272
0.9504859127656481,0.92319334
1.0,0.9983238
0.886460931597804,0.8800904
0.500196483219839,0.500833
0.7715764290623971,0.7436558
0.49950405146004806,0.4997245
0.8377924994578251,0.8643231
0.94482180451632,0.9457846
0.517541285298294,0.5128735
0.941743816658097,0.9451037
0.516024673979219,0.51579046
0.8902104069426781,0.86733997
0.6718605339685481,0.6755441
0.838904768466443,0.84085023
0.5698428756071691,0.5704398
0.9654344881735061,0.9806006
0.50087136346048,0.5122344
0.9419781280579341,0.959394
0.9579015928222271,0.9533208
0.5609156411852491,0.5717775
0.932367899823584,0.94755435
0.9145809309308891,0.93818337
0.750226574649375,0.86159384
0.907893780065224,0.89301634
0.502766212174373,0.4984527
0.49915527454453507,0.501344
0.5043461699854921,0.5036446
0.50337933341758,0.5015294
0.5117695778198841,0.5106175
0.504481251059143,0.50723547
0.5004227315494191,0.50066656
0.532983473519223,0.52327967
0.9927693395365801,0.9861852
0.5008236370590881,0.49954557
0.499879448442118,0.49810585
0.63021669341894,0.6306005
0.957207257832811,0.9412825
0.9708457393350161,0.96790034
0.891259397573509,0.86962664
0.491724624786024,0.5032315
0.5022162440276571,0.5010908
0.5006955946478261,0.50038964
0.505523239257324,0.5004252
0.941941412768707,0.9459995
0.502639362891784,0.50264907
0.8514889172574831,0.89776605
0.5768722859382861,0.7468243
0.5024383097839941,0.50734144
0.846045992968485,0.8323311
0.945781010714362,0.9413071
0.9784844579063341,0.9801265
0.9663522909833631,0.98057353
0.5010249790934861,0.50915426
0.8942880066783381,0.8655442
0.9181282000508451,0.91953355
0.498769981174049,0.49906388
0.9625025003998261,0.96426195
0.900584384167983,0.8750646
0.834830901369193,0.8824039
0.503441868308949,0.50709516
0.566738914582627,0.5580826
0.499444879647826,0.4987023
0.9266416821112271,0.90369236
0.5004070501062431,0.5005615
0.9588213113492091,0.95409864
0.5002878058029441,0.5006622
0.5053915659760451,0.50431913
0.9557681906987341,0.9491542
0.535389311011717,0.5741062
0.778182327320993,0.8004246
0.885433417369149,0.8775215
0.5027884282206511,0.49552262
0.8823810136769701,0.88605165
0.9395833333333331,0.940532
0.855910844416594,0.8474857
0.499879448442118,0.49804336
0.8643208139567461,0.87445986
0.9296820115945401,0.92430043
0.5004070501062431,0.5001925
0.547823610175451,0.5299576
0.8541259167034161,0.8501327
0.48462567186067,0.5076226
0.8359309235441761,0.82143635
1.0,0.99895024
0.8847390199039311,0.9130111
0.85143920134891,0.83787984
0.49892143726581606,0.49873638
0.502834955459427,0.49568754
0.8958677609826861,0.91211945
0.49676203921370704,0.49823704
0.9924626222220361,0.9878607
0.503060451783494,0.50126374
0.5013120857916891,0.50058097
0.499512079911519,0.4994853
0.9252939832527881,0.9237909
0.540034134636407,0.54690254
0.5815438642980361,0.5819732
0.9149447360528881,0.9223709
0.8904722558215201,0.8664035
0.9141286937859001,0.9139675
0.945240878885738,0.95406044
0.8879345722028651,0.8876783
0.863709656727866,0.8749375
0.9229450496082631,0.90737253
0.971046650855451,0.9776568
0.750558964663517,0.6951934
0.5068055120434051,0.5124455
0.5002623458294411,0.5004853
0.517541285298294,0.51272935
0.8439865988367221,0.86190516
0.7117243867243861,0.6870594
0.8781558191952411,0.8695841
0.572081006488672,0.577182
0.49187461855414305,0.4986209
0.5007573911272101,0.50132203
0.49971191282109806,0.4997245
0.8522066269376051,0.82788587
0.558017004144651,0.548481
0.49945956534365404,0.49871358
0.499827204468106,0.4989404
0.6126854183303541,0.5725276
0.498769981174049,0.49885136
0.49852733247435504,0.4991325
0.9879353233830841,0.9825439
0.981170207254009,0.94075185
0.5019054264316231,0.49882007
0.5019054264316231,0.49846956
0.9075354243261441,0.8896963
0.63021669341894,0.6306005
0.49625372964696,0.499755
0.49950405146004806,0.50003695
0.6354621770664091,0.6304688
0.504481530931859,0.5052026
0.545967189404853,0.533201
1.0,0.9980498
0.5438136658960461,0.541471
0.5009064503845541,0.5244851
0.501073859387226,0.5000719
0.49882972481367205,0.5003045
0.501610266277696,0.50019276
0.5029671218750751,0.5015159
0.501656857862605,0.50005305
0.497685388722554,0.49924314
0.8693900126654021,0.8706099
0.8687044727760881,0.8747794
0.500454067453571,0.50021696
0.504076243592137,0.49568754
0.9590823970037451,0.94097656
0.501502943472516,0.50120175
0.8932751407988361,0.9383384
0.9280630492688801,0.9215437
0.49835246090225205,0.4992518
0.498030539805744,0.49918765
0.7830250339191871,0.7675815
0.49652035514771403,0.49906316
0.854362936153634,0.84259903
0.983202368702436,0.96298
0.731752257423114,0.7100839
0.566723690515279,0.5675103
0.8750229954809611,0.8752224
0.946470151021041,0.9311413
0.540888072196121,0.52961576
0.971239765631914,0.9632869
0.501917048358487,0.49946007
0.9348228277738101,0.9177508
0.9259787858746191,0.9169183
0.63021669341894,0.63305295
0.8502914085044291,0.8664035
0.523642728543254,0.5241862
0.49950405146004806,0.4997735
0.6804814044860851,0.65150255
0.508146071122479,0.5078179
0.897812349616749,0.8982779
0.543322971063827,0.53100646
0.504060008676797,0.49921525
0.506860141789381,0.5050745
0.9450433211629411,0.98683864
0.8809503138493591,0.8880555
0.49763998039973306,0.49825495
0.500511544482512,0.49953908
0.49993347492712303,0.49928328
0.501760443386096,0.5037728
0.961202049403549,0.9442931
0.519111959764289,0.50939476
0.910066082438813,0.9177508
0.9254632268958031,0.9080409
0.9023472411826341,0.92233753
0.964671340187333,0.9411225
0.864814814814814,0.8645631
0.500912125521858,0.49964198
0.940941360508679,0.94599724
0.502088980303765,0.5012374
0.992878028404344,0.9915258
0.49972792679134503,0.50230765
0.946214982633477,0.9427892
0.500239914586007,0.49924415
0.9874031007751931,0.9897383
0.499240349947895,0.4997231
0.508973004310737,0.7220065
0.640294923248522,0.6879902
0.7413690476190471,0.74287516
0.857773035092641,0.83697784
0.854624553127976,0.8396629
0.9625485505121141,0.945434
0.8416374470112781,0.8373055
0.9397909276430411,0.94033146
0.7573233670510391,0.7138698
0.499444879647826,0.49868405
0.9113027604672461,0.9355267
0.8628744416538741,0.85406697
0.5032767425251451,0.5023687
0.500237754817213,0.50163764
0.7856179569239921,0.8204935
0.5272119965398651,0.5205937
0.530869091697146,0.5577697
0.9632432658488761,0.94607186
0.8468338399189461,0.8492975
0.49927043294628703,0.4992302
0.501730502596727,0.50155634
0.885433417369149,0.8819934
0.614795325263057,0.5889506
1.0,0.99141496
0.5057431534766931,0.5019761
0.49989718451914605,0.5018511
0.513525168304465,0.50623363
0.815388754371805,0.8168511
0.630356449070198,0.6963494
0.5227587722437811,0.5283145
0.9138852840353351,0.9112873
0.9820130354170651,0.9767439
1.0,0.99604404
0.9095830301346941,0.9267292
0.9600277723393301,0.95006645
0.49676203921370704,0.49823704
0.961475323287823,0.9626906
0.852364443871777,0.8607442
0.49994587467974505,0.501083
0.9561627390269771,0.96085495
0.8181571978982161,0.8240225
0.557644359359176,0.5489513
0.8899157962538241,0.89087653
0.815388754371805,0.8057224
0.5093539944605701,0.5053125
0.5006298083277491,0.49978605
1.0,0.99488395
0.9109836806096241,0.8919875
0.49950405146004806,0.50003695
0.8039262281859281,0.7968126
0.49947445958747605,0.4998159
0.49988837093825506,0.49962375
0.94784221220401,0.9411225
0.501738269514131,0.500303
0.498263375631296,0.49873638
0.745922268329389,0.7786956
0.9428574436876511,0.9520257
0.501762493715577,0.50073636
0.8917735460192011,0.8838879
0.868858469938763,0.8712852
1.0,0.99117047
0.511625096090194,0.5097593
0.49994656236074503,0.4993848
0.71970027514456,0.7460274
0.8686145794485151,0.8859818
0.984599528857479,0.9863039
0.5947574740461771,0.5932252
0.6706031899541001,0.6445949
0.5010020432359751,0.4993135
0.498042911677041,0.49958563
0.7799375710994291,0.7524252
0.502895922392361,0.5038507
0.49990608997482505,0.49923924
0.9713495356648881,0.96262264
0.500565197105398,0.49793017
0.505523239257324,0.5004252
0.7479233785563141,0.7447304
0.5342080078469761,0.5334416
0.9597102688977681,0.9652401
0.967760179092204,0.9719543
0.8933146605066371,0.8792576
0.5666120253512801,0.56938976
0.8175002918729871,0.8354765
0.49862299254934206,0.49890554
0.9073781913636021,0.92094415
0.5021745927094511,0.5047766
0.501177342223983,0.50253624
0.859220970228712,0.83612454
0.95515787739917,0.95827556
0.91313414962178,0.92121804
0.573429419489769,0.541375
0.500366546145096,0.49850404
0.49811173289433003,0.49945283
0.49889943051422503,0.4996921
0.8463389737964151,0.84270257
0.49528512531366603,0.49940035
0.831886827726738,0.8458327
0.528383295340632,0.5367924
0.65393614093036,0.6086909
0.626689129492867,0.6117053
0.5057216938824131,0.5019365
0.5093064265928411,0.5094357
0.7395069612785231,0.79137385
0.49763998039973306,0.4983918
0.511457617999422,0.5094169
0.988033766233766,0.9847235
0.8137363829144011,0.8217972
0.9521129372273581,0.9581308
0.9906773869590321,0.98763955
0.5019054264316231,0.49919316
0.506354397926953,0.5234713
0.9304749873847791,0.9139515
0.8056837869222411,0.79159164
0.5011828155593401,0.49734885
0.7413690476190471,0.7413815
0.5579308918872531,0.5406806
0.8281923190174071,0.8323311
0.5012948228396791,0.50026447
0.494192583088766,0.49918664
0.9724937996031741,0.9874947
0.521588724548958,0.5148883
0.49528512531366603,0.49940035
0.9554102302925831,0.9386307
0.968710168502903,0.9647121
0.523652053120194,0.5203163
0.947873681873682,0.93832874
0.499745275795049,0.5000356
0.973534338358459,0.97584176
0.911527787389359,0.92545104
0.7610645160877311,0.77324176
1.0,0.99799997
0.540137159392674,0.53478515
0.502387797838383,0.49964198
0.5630757780859731,0.54822725
0.96639738818383,0.9581818
0.659800895899032,0.6580199
0.5152787149751691,0.5101849
0.770943224585929,0.78662324
1.0,0.9954554
0.5029671218750751,0.5015159
0.5038721572259061,0.50069886
0.5006955946478261,0.49997595
0.52143988558679,0.5012429
0.8586893255692121,0.8277271
0.580782135059701,0.57838875
0.5523827592795021,0.6032496
0.8626350888523581,0.85442656
0.982910868575073,0.972795
0.49823317499747805,0.49913508
0.6653625366004,0.5473932
0.5011807159693831,0.5235587
0.9720724965024701,0.9627125
0.499363200916949,0.5017576
0.831155640134512,0.8336772
0.5004227315494191,0.5013602
0.508429373249788,0.5064859
0.9377023678881051,0.9371893
0.9511928916702611,0.93715954
0.501869244134717,0.5021058
0.501073859387226,0.5000719
0.9583025560298281,0.9699691
0.8282331900795581,0.84001535
0.503967010416522,0.50630105
0.7921760015713301,0.83802104
0.500949894442691,0.5020738
0.7303221520857841,0.7562727
0.9241531667572641,0.93029124
0.51989378123741,0.5314015
0.49580429112956403,0.50083196
0.5004031956281041,0.49818966
0.8717930694604301,0.8686024
0.500380311865968,0.50098103
0.8141673772355591,0.86201364
0.7385316686774871,0.73105013
0.505511731443679,0.50678873
0.49918770066295604,0.5007449
0.501610266277696,0.50054586
0.502214215399421,0.50562
0.5012948228396791,0.50011057
0.9622817624348831,0.95852417
0.5074067477021691,0.51229197
0.499354866055418,0.4984055
0.514492301549752,0.50040776
0.49544246709068,0.49815252
0.499827204468106,0.4988237
0.9905576132400291,0.9841009
0.49918770066295604,0.5007449
0.500239914586007,0.49959466
0.924993206490039,0.95162845
0.636885592324922,0.6110443
0.5014627197810271,0.502204
0.5032152820695001,0.49918664
0.898185340651069,0.86733997
0.6653625366004,0.66303
0.9524622208236241,0.94178545
0.8342475917312311,0.85029095
0.8259601981962671,0.81088954
0.885604813552699,0.8513327
0.9686828515170791,0.9730122
0.500912125521858,0.49999246
0.49886676557566406,0.49954557
0.499240349947895,0.4998339
0.9777032828282821,0.97951955
0.873555489141262,0.88314164
0.488907066545037,0.5003629
0.497685388722554,0.49906316
0.8734742923024911,0.88300014
0.49918770066295604,0.50043243
0.9433261651493351,0.93451655
0.865459374060301,0.87298065
0.49647876201804503,0.5013674
0.827834130967608,0.76819515
0.902291422464594,0.9117338
0.744704157166278,0.75202703
0.5030921692193541,0.5049682
0.500565197105398,0.4988446
0.8721392917126131,0.86461896
0.49675294502618206,0.49651453
0.8902591936682841,0.8809584
0.89612617792086,0.90533024
0.502895922392361,0.5038507
1.0,0.9987525
0.500352929692589,0.49918664
0.5004070501062431,0.5001992
1.0,0.9967211
0.9386594982890861,0.93225026
0.53101193435669,0.8107455
0.886762604814454,0.86287856
0.500708693152706,0.50011075
0.8874261605654741,0.8664035
0.5088777754722711,0.50982463
0.870311376583154,0.8366764
0.502088980303765,0.5005438
0.8495385394042001,0.80866534
0.8468338399189461,0.8494585
1.0,0.978502
0.495611661615788,0.49669272
0.8866876616230891,0.8807521
0.5169717932041871,0.5186714
0.5342017052917231,0.52926505
0.521747679690143,0.51638883
0.501502943472516,0.50120175
0.516983477406692,0.5019365
0.516881945324844,0.54021597
0.5376675399684231,0.53944755
0.591779748463349,0.6117792
0.51019166487273,0.5061217
0.646055680114462,0.5839202
0.515010946907498,0.6297444
0.844311635903905,0.85311466
0.5000249731831891,0.49855223
0.49918770066295604,0.50043243
0.5028326229006861,0.50022095
0.9391405122655121,0.92196083
0.9848987222909631,0.9730122
0.49924123131947606,0.50219136
0.81757986621941,0.8477638
0.504556372306183,0.49969232
0.502369715283243,0.49946007
0.49922349136945404,0.4995328
0.505557291124902,0.5020898
1.0,0.9882964
0.8236190465344461,0.7946831
0.909693124412509,0.8812886
0.49823317499747805,0.49913508
0.515566606389391,0.51865923
0.524878468753468,0.5207024
0.917857146923238,0.9214105
0.9375,0.9442801
0.510411296162614,0.559503
0.5270317213423831,0.52850544
0.781697873324086,0.8020612
0.5010415671261821,0.5061445
0.9052931964939571,0.8844594
0.501502943472516,0.5019182
0.495188167333284,0.4989703
0.5045565464128631,0.5062698
0.8631936285407591,0.83590597
0.514787487796179,0.51126873
0.9252153106040211,0.92649716
0.887516556738406,0.8854971
0.499515142560905,0.507844
0.502513551067235,0.5028081
0.9590823970037451,0.91701716
0.519848193044207,0.51563364
0.502387797838383,0.49964198
0.49906825143667205,0.5072132
0.5807203820485071,0.58106196
0.5595294255082951,0.54090464
0.751666666666666,0.93798023
0.500949894442691,0.5020738
0.500733123672065,0.501013
0.499580511765055,0.49966478
0.500536419020265,0.5008532
0.49893805928350604,0.49869296
0.50500233100233,0.5167174
0.9239918786225291,0.9297102
0.49945956534365404,0.49871358
0.5091365244285581,0.50753397
0.7159806868009061,0.76870626
0.9145178771639221,0.92161614
0.8748905536248601,0.8826827
0.854408024565374,0.8485359
0.559453328540894,0.6057423
0.849528685649913,0.85462284
0.502528758744563,0.50030017
0.963939276079332,0.9819478
0.49925020236184503,0.4991568
0.50002312641829,0.4999861
0.5708362951915961,0.61062276
1.0,0.9997863
0.535051840531657,0.5261062
0.503749774589987,0.5020516
0.8801983549533161,0.8679571
0.8920894773517801,0.89483243
0.49566712909998006,0.49815425
0.49474996850988506,0.50111353
0.499745275795049,0.4997231
0.494334354882186,0.49918664
0.676988215968479,0.6344611
0.5029671218750751,0.5020163
0.8881663205254821,0.84346175
0.50762224920442,0.50719047
0.941736694677871,0.9387134
0.8917667643838051,0.92503
0.8230340181189001,0.79373115
0.9035278064823381,0.8830826
0.708277820810117,0.7239377
0.5021469565472471,0.5077281
0.8676122314209691,0.883976
0.504525411328203,0.4994108
0.50361339539577,0.49989197
0.49889943051422503,0.4996921
0.85553368428951,0.86677355
0.549603496446981,0.5414041
0.500558013856718,0.50042325
0.9362204767372031,0.9369007
0.8662778209728451,0.8682774
1.0,0.9992576
0.758454912970109,0.79664946
1.0,0.9979861
0.49945956534365404,0.49871358
0.502895922392361,0.5038507
0.9711047254150701,0.97004884
0.49521460941190903,0.49808916
0.9716533611366591,0.9611208
0.5007772343574101,0.49958548
0.495611661615788,0.4980944
0.898069256067869,0.90115607
0.49989718451914605,0.5021635
0.504481530931859,0.5052026
0.503149399798907,0.50615656
0.500380311865968,0.5005497
0.49889943051422503,0.4996921
0.5021614422087151,0.5024876
0.5115246150643761,0.6045997
0.516483626215627,0.51156956
0.5117476120133301,0.5155545
0.85319063094791,0.83824015
0.8109390530507311,0.8013787
0.7202744685287941,0.7179233
0.683751421102049,0.6445949
0.51788292632958,0.5004149
0.49950405146004806,0.4997245
0.5054245389486131,0.49879485
0.903535459631924,0.8830087
0.51887843089407,0.5249157
0.5604224484031171,0.5529302
0.9375,0.94401467
0.500079433225301,0.5010908
0.497532833861179,0.50148064
0.499281639805824,0.4991737
0.9601715686274501,0.9651181
0.5443771609082501,0.5358255
0.50001371170741,0.5002216
0.9395833333333331,0.9405332
0.9480286738351251,0.94694144
1.0,1.0035822
0.5048796601417841,0.5105666
0.5783245911524191,0.7408106
0.9695573060470101,0.9654426
0.49930033341530805,0.49897358
0.812711530893348,0.78828526
0.500565197105398,0.49793017
0.851182392657983,0.82706964
0.501460164601713,0.5017177
0.499354866055418,0.49882206
1.0,0.9979752
0.536129471738506,0.5279193
0.5093208771609941,0.5100254
0.5052246039975821,0.5008668
0.9395833333333331,0.9405332
1.0,0.99571997
0.785478131078978,0.79048336
0.751666666666666,0.9385776
0.9575001705470451,0.97359806
0.8780379222116861,0.9166466
0.928616352201257,0.94156057
0.5949103500665991,0.620199
0.502503087408384,0.50165224
0.49717805727789005,0.4995106
0.500454067453571,0.5001479
0.617732059099462,0.7621677
0.49799317202414206,0.49946007
0.5047848604998371,0.5022942
0.9791847906418361,0.9776568
0.914548069396051,0.9387267
0.500573224566362,0.49959353
0.5056720782955331,0.50482935
0.5007841294916691,0.50433743
0.500695032837249,0.49989402
0.7255187074054521,0.5776272
0.501817703774455,0.5027509
0.7769205120475521,0.7869654
0.8468338399189461,0.84933627
0.8809140646617991,0.8810768
0.8871457600692151,0.88383704
0.500558013856718,0.50011075
0.9395833333333331,0.9404038
0.875538555752273,0.8607442
0.527996556976938,0.5105666
0.5513646315995551,0.53936285
0.5096559537938821,0.5078877
0.500949894442691,0.5020738
0.501715042662901,0.5009902
0.8233575606525031,0.8264312
0.9391415446172141,0.94985276
0.5088489145311711,0.5107567
0.629278547352155,0.6329237
0.49927350117714603,0.49991256
0.500119604378338,0.49906316
0.49638186056019407,0.50098234
0.504082193788851,0.50228244
0.501659843439972,0.50030017
0.500316846678864,0.49923262
0.9731509543963001,0.9720679
0.498042911677041,0.49977356
0.5291433972024561,0.5976762
0.812681448046188,0.8323311
0.5109124818066001,0.51490194
0.5656657467820261,0.5504458
0.5051912352932221,0.50593585
0.49970386444477105,0.49907643
0.573163068043213,0.7781386
0.49893805928350604,0.49900562
0.5108387053570961,0.5143528
0.550990645536196,0.53952867
0.5000249731831891,0.49821076
1.0,0.99738777
0.5046270154587751,0.5006543
0.498874373076289,0.50152767
0.499240349947895,0.4997854
1.0,0.9996642
0.9297742784424791,0.91261613
0.888744004017281,0.9130111
0.8996279311524531,0.91856486
0.8499999999999991,0.82982284
0.505495127165774,0.50440824
0.886219167204205,0.8812886
0.49514659565078906,0.49774843
0.49866159281932904,0.49597245
0.955621796930857,0.9497356
0.49983373386925406,0.5000719
0.9533649551877551,0.94120985
0.8468338399189461,0.8492975
0.49494969636367103,0.49815252
0.49497986311616904,0.5037471
0.49989718451914605,0.5018511
0.5229151885301341,0.5196245
0.5000402802899451,0.5000719
0.9153049869871731,0.91211945
0.510805258832787,0.50560814
0.497483394404772,0.4984266
0.5645694329776221,0.5653387
0.810153844146825,0.7651539
0.495188167333284,0.4989703
0.501486968280562,0.49892223
0.49763998039973306,0.49825495
0.497685388722554,0.49934784
0.5140280780201321,0.5356374
0.980392666528037,0.992523
0.5062307227599181,0.50622094
0.891243868821419,0.874402
0.6673576713646401,0.64195436
0.502503087408384,0.50165224
0.900567705092814,0.90805817
0.9038531603818311,0.8881748
0.499060556297497,0.50119585
0.5280177128128241,0.53557456
0.5062609589197651,0.5010679
0.9438202247191011,0.9356661
0.5000249731831891,0.49893436
0.5002878058029441,0.50109357
0.497470761912836,0.5019365
0.49732266931324,0.49812764
0.49947445958747605,0.4997536
0.500923933778572,0.5004853
0.57711117796345,0.56844765
0.790691811475388,0.79409534
0.630250747642051,0.63426155
0.5022111382681821,0.5020516
0.8141318887105401,0.8153393
0.500695032837249,0.49989402
0.720111448834853,0.73936146
0.505737251426302,0.5008254
0.49477006983059,0.49879485
0.499827204468106,0.4987363
0.505161168960227,0.50278294
0.49990608997482505,0.49917012
0.849996395123061,0.86565965
0.509061072432562,0.5006897
0.790277377370962,0.70455784
0.49963142192520704,0.49948275
0.503733820832397,0.5012859
0.6723914732203321,0.6138187
0.5143130856488201,0.5193601
0.53718861064426,0.5441047
0.610563657605787,0.58463746
0.500380311865968,0.5005497
0.506006671597484,0.50053746
0.958716219989706,0.9455452
0.508301574289984,0.50680476
0.8669149985247101,0.8709372
0.49734644264454203,0.49921742
0.587453767680248,0.57576656
0.501762493715577,0.50073636
0.6051839009247431,0.6645206
1.0,1.0031322
0.49989718451914605,0.50192016
0.8549913865852781,0.8607442
0.49893805928350604,0.49875546
0.501730502596727,0.50080425
0.8664179820241671,0.87711674
0.9629836986055301,0.95852417
0.8610309855238061,0.87536037
0.781697873324086,0.7989149
0.5339102158586401,0.52835906
0.49652035514771403,0.49924314
0.975906544435956,0.9839008
0.63021669341894,0.63047993
0.943876158266793,0.9511034
0.8564642337268231,0.8631249
0.497209265584415,0.49810606
0.8193559830883761,0.81433904
0.5082562574949601,0.5061886
0.526137031467732,0.52816856
0.5532575520063601,0.5426777
0.9196871002923591,0.9123306
0.49994587467974505,0.5029702
0.9693891640817771,0.9707356
0.937049981262782,0.93733037
0.502600199132773,0.4992249
0.499444879647826,0.4986812
0.500345496894614,0.50183815
0.535459983997096,0.5358255
0.501762493715577,0.50143
0.9480286738351251,0.9565908
0.5300758095246231,0.60452366
0.500699004349489,0.5016697
0.50002312641829,0.49987417
0.6073679302974221,0.6514728
0.950943060776622,0.9488706
0.49934563800066806,0.49846095
0.6776479970005681,0.67699355
0.50014337970787,0.498514
0.989886219974715,0.9907596
0.760677305084822,0.7329538
0.563246544330194,0.56880236
0.49862299254934206,0.49906388
0.9967467467467461,0.9881979
0.7527525965717331,0.7394678
0.49614197355154205,0.49942136
0.5138293481436861,0.5105293
0.636885592324922,0.6225809
0.9781145391093921,0.9714585
0.6811321557911151,0.6174991
0.918427230046948,0.9260999
0.5047226115804321,0.50576144
0.5047612707442051,0.50615656
0.505495127165774,0.50390786
0.7980102672264101,0.766862
0.497610614119848,0.500043
0.931058868775069,0.93429124
0.502753217669832,0.50228614
0.498287694222926,0.49672937
0.50002312641829,0.49987417
0.497685388722554,0.49924314
0.918238270398761,0.9190321
0.9073781913636021,0.9283332
0.49922349136945404,0.49971032
0.500196483219839,0.500833
0.486228932538222,0.4984527
0.8676122314209691,0.8850137
0.81264592036214,0.8369767
0.51887843089407,0.52541065
0.9879353233830841,0.99205756
0.499826605909008,0.5017553
0.9816964767142701,0.96236706
0.9756396937787911,0.9908807
0.8660626410626411,0.87165797
0.5052246039975821,0.5008668
0.8664187488167081,0.8756621
0.501610266277696,0.50024694
0.9691175218095691,0.9772669
0.511714990926265,0.50723886
0.8147099152420191,0.8055107
0.900119502134692,0.91129047
0.918427230046948,0.93627346
0.953116093688764,0.9550019
0.964565295815296,0.9777568
0.8141552738699901,0.8365183
0.49521460941190903,0.49808916
0.9782373354276,0.9927797
0.496682386908857,0.49879047
0.49989718451914605,0.5022823
0.5297517479207331,0.58575416
0.981324802221573,0.9733205
0.782424527633768,0.8055107
0.501298943348574,0.5015511
0.498096079743974,0.5002317
0.8687788987999081,0.89309824
1.0,0.9953616
0.499354866055418,0.4984266
0.498263375631296,0.49873638
0.9358316229215371,0.9310123
0.6591594716269681,0.66208446
0.504060008676797,0.49885136
0.8601488095238091,0.88226885
0.49950405146004806,0.49983543
0.847512230496239,0.84637064
0.6653290773941151,0.65894127
0.9054817732263021,0.9158417
0.502387797838383,0.49999246
0.9025099252552361,0.87996143
0.8846970450239041,0.8938203
0.9402420761949251,0.949879
0.986384976525821,0.9710117
0.5082562574949601,0.5061886
0.9465567771100131,0.95206404
0.496682386908857,0.4987152
0.8495672496474581,0.86251116
0.9322298311522441,0.92094415
0.8031603739996991,0.79159164
0.5029671218750751,0.5020516
0.590349216057048,0.5811537
0.828426609820864,0.8258878
0.9344092448694951,0.9237585
0.931852143474546,0.9382337
0.959603579369326,0.9706591
0.499508824916345,0.5054377
0.918427230046948,0.9100472
0.49866589658526905,0.49883312
0.49817116629641706,0.49958548
0.499444879647826,0.4987023
0.49811173289433003,0.4998053
1.0,0.992329
1.0,1.0059172
0.513589621769874,0.5073508
0.6395296167247381,0.6872469
0.9365803231721691,0.93733037
0.50547158644015,0.5021058
0.9570001278328011,0.95351857
0.586612299825227,0.5813976
0.920474733966797,0.9123442
0.9718644910790921,0.9817523
0.759785059064341,0.7593616
0.663958187675986,0.6695682
0.49934563800066806,0.49852344
0.500050277734842,0.5008837
0.530624109345275,0.5408613
0.9888980113118041,0.9802798
0.5735409208265441,0.56922674
0.9785265266832701,0.96566266
0.8888723255092791,0.89016616
0.9477324910007541,0.9338361
0.509195575666164,0.5027217
0.9572675749663181,0.9733205
0.7789365904167931,0.7642778
0.49993298366737504,0.5000356
0.9367555440688481,0.9422487
0.500728741052317,0.49883312
0.5088513599376271,0.5013202
0.9610156988367491,0.9659618
0.499240349947895,0.4997231
1.0,0.99659055
0.497316292883663,0.49549705
0.687517837133626,0.64063793
0.8917735460192011,0.88285017
0.49934563800066806,0.49877357
0.6653625366004,0.66303
0.8688460787404251,0.88344187
0.49893353652929906,0.49857682
0.5100629488570381,0.49815252
0.8650319921495351,0.8673014
0.49915527454453507,0.49941286
0.839628741350203,0.85643595
0.837690841325034,0.84471124
0.9646220069948881,0.966436
0.5019054264316231,0.49882007
0.8813239184562711,0.88689107
0.697595006051266,0.7352084
0.539190017328092,0.5274165
0.498713552170488,0.4985573
0.5176220804124051,0.512226
0.502064968152203,0.5039443
0.577033093130219,0.58473396
1.0,0.9996653
0.503058335837557,0.49921733
0.5007841294916691,0.5038425
0.5027299320060701,0.49638766
0.49854734973614906,0.49914774
0.923211026013611,0.9265236
0.751666666666666,0.9385776
0.509815770398118,0.5106414
0.501762493715577,0.5028863
0.8287230605690621,0.8275215
0.502895922392361,0.5038507
0.5005028064219751,0.498514
0.8459774332431411,0.8013787
0.880340952887372,0.8792576
0.6582727383543261,0.6513406
0.8468338399189461,0.8492975
0.502239977580721,0.50024694
0.925518237350991,0.924542
0.5006955946478261,0.50038964
0.5105574080521991,0.5057601
0.9414275249656431,0.9235886
0.5067822963758041,0.5109588
0.515010946907498,0.62920874
0.742764716142816,0.77816635
0.98745587255521,0.9774171
0.49959763625281706,0.50085425
0.500511544482512,0.49953908
0.49788746067645906,0.5000087
0.873817283203911,0.86089844
0.50048112905997,0.4984527
0.8874766694669181,0.86515456
0.8781998727044401,0.87941897
0.8553692976666961,0.8565119
1.0,0.9887896
0.876290310424056,0.8682733
0.5001205909509351,0.5056229
0.9019101425881081,0.9004593
0.49985077149785506,0.5017498
0.5062450842673321,0.50671446
0.5020116578658751,0.49919283
0.49187461855414305,0.4986209
0.504060008676797,0.49919283
0.5062449652765151,0.50369936
0.5037753590866291,0.49996662
0.9803112049417471,0.9888176
1.0,0.9925323
0.500316846678864,0.49917012
0.8096773337954251,0.8240225
0.500119604378338,0.49906316
0.5016842884379901,0.5011488
0.49742963110499905,0.49942136
0.51908216831096,0.5122551
0.501035434220469,0.5004519
0.692828316835669,0.65150255
0.49994587467974505,0.50111276
0.8879345722028651,0.8957258
0.513589621769874,0.50723886
0.49459843295655503,0.49867228
0.9138900906205031,0.9253033
0.5006298083277491,0.4998158
0.5071314516936111,0.5052026
0.5007657497283611,0.50810534
0.5011135057978411,0.5010908
0.495611661615788,0.49804023
0.5064708395444211,0.5060699
0.630250747642051,0.63426155
0.9408071947485471,0.9387267
0.49934563800066806,0.49846095
0.49521460941190903,0.49808916
0.49760964521620504,0.5016321
0.5004227315494191,0.50181574
0.853484228988267,0.84797156
0.850424178102526,0.81232995
0.49906825143667205,0.50762445
0.743810185357464,0.680006
0.499974726855396,0.50342804
0.5002878058029441,0.50138026
0.8884957152874721,0.875635
0.894776793269144,0.8829217
0.8959232687784751,0.922842
0.49927350117714603,0.49991256
0.500454067453571,0.50046045
0.499879448442118,0.49804336
0.49932753335914004,0.49928725
0.8110246187986261,0.7776299
0.627332621686367,0.69339746
0.9547903578257311,0.9706591
0.966180717596901,0.9596002
0.498042911677041,0.49977356
0.517965138227091,0.5169068
0.933428933173956,0.94518894
0.956685576632131,0.9510399
0.5003948110181641,0.50253236
0.8686145794485151,0.8871705
0.8646858306270171,0.8879781
0.934019921005486,0.92071813
0.49566712909998006,0.49815425
0.5047226115804321,0.50576144
0.8375829017321431,0.8042494
0.49892143726581606,0.49862313
0.504592951289593,0.50125986
0.49989718451914605,0.5018511
0.49781613799915103,0.49939218
0.500511544482512,0.49953908
0.498723076699055,0.4959211
0.9889156853749721,0.95852417
0.49604834869520903,0.50071543
0.49657564110685104,0.49852374
0.9086240144348211,0.91129047
0.5620392378485141,0.6951934
0.471673444400717,0.5347219
0.499381135713136,0.49991304
1.0,0.9972213
0.49651688659367404,0.49828467
0.500923933778572,0.5004853
0.826012749612105,0.8495045
0.7711983536807471,0.7815873
0.8694262415477411,0.8501359
0.6272215413199,0.6512187
0.5004227315494191,0.50222725
0.49854732099418503,0.50153124
0.8638829608075641,0.88580793
0.939951236136163,0.9423
0.491724624786024,0.502395
1.0,0.99466556
0.90218863896817,0.89842546
0.799634555393948,0.7922214
0.503058335837557,0.49921733
0.9225235509535961,0.9349919
0.616937782664369,0.6087419
0.962639443148354,0.9581308
0.881887277274867,0.8637543
0.8399155464494411,0.84471124
0.5023343281153501,0.49970835
0.9259787858746191,0.93128353
0.9751624244246491,0.9819478
0.517541285298294,0.51647276
0.50316300115053,0.50051916
0.49929887854478705,0.49942908
0.49979369971931603,0.5005438
0.49750156972143206,0.49931636
0.49763998039973306,0.4981282
0.500912125521858,0.49964198
0.5025840175632851,0.5235587
0.49932753335914004,0.49928725
0.5138293481436861,0.5105293
0.5062443348992111,0.5260382
0.49925020236184503,0.4991568
0.847150217524078,0.84420234
0.49750156972143206,0.49935135
0.49652035514771403,0.49958462
0.903535459631924,0.88317126
0.8486812810526021,0.8259272
0.502088980303765,0.5016553
0.5039779357026221,0.5053983
0.5019110941665871,0.49815252
0.503168575906466,0.50389093
0.500708693152706,0.50011075
0.50002312641829,0.50017583
0.499580511765055,0.49959236
0.8576420979759861,0.8695841
0.49983373386925406,0.5000719
0.9187699857016751,0.91690785
0.9064927957110601,0.9096494
0.501296629358374,0.5013572
0.5021155773265,0.49569333
0.500695032837249,0.49989402
0.5805028247359191,0.64331955
0.500316846678864,0.49917012
0.49925020236184503,0.49921098
1.0,0.91471386
0.582395530677973,0.5812799
0.49893805928350604,0.49869296
0.49804523428894004,0.49943632
0.49620370484067805,0.49808916
0.597715505555226,0.5629092
0.864120196178196,0.85009545
0.49995679887755,0.49954557
0.901706114279178,0.9073084
0.8425112754891381,0.8693886
0.9395833333333331,0.940532
0.505036738168411,0.50060683
0.5188018151695121,0.50698674
0.773759790565621,0.79159164
0.49915527454453507,0.49941286
0.6474644457653651,0.62451154
0.500511544482512,0.50001025
0.7058673469387751,0.70763344
0.5070102645659901,0.5074093
0.5913838336103391,0.59221256
0.51887843089407,0.52541065
0.4968450207637,0.49651453
0.500323675707262,0.49929833
1.0,1.0002605
0.500642846832961,0.5004853
0.51423052730128,0.51203984
0.500237754817213,0.50163764
0.49657564110685104,0.49852374
0.49970386444477105,0.49922603
0.511079073043987,0.51157373
0.5020668253272921,0.5014089
0.499381135713136,0.49991304
0.49490697627526403,0.5019365
0.49750156972143206,0.4993346
0.5024831771111831,0.50507927
0.9532631340259451,0.9440557
0.730789957999549,0.68058264
0.50337933341758,0.5015294
0.592788456118245,0.58341026
0.505495127165774,0.5044435
0.49823317499747805,0.49913508
0.5202608711662491,0.5199113
0.8561854489139801,0.84358543
0.5012201279771861,0.4992844
0.9060531349718971,0.9097126
0.8535077898589901,0.8673014
0.8440893765590871,0.83861387
0.516681617427392,0.520705
0.499387746438519,0.5007771
0.502301683615703,0.5004455
0.4968450207637,0.49651453
1.0,0.99791926
0.49993347492712303,0.49913192
0.5004070501062431,0.5024487
0.503717404153812,0.50389093
0.939831034222221,0.9501441
0.989886219974715,0.9909864
0.5586295202190891,0.5830188
0.499827204468106,0.4987363
0.5807203820485071,0.58106196
0.49484753277226906,0.5032315
0.9695453550813231,0.95945877
0.8022666665654271,0.80394953
0.9241332450416141,0.91007596
0.49652035514771403,0.4992249
0.499879448442118,0.49835598
0.658683242713897,0.6593815
0.49982674148993206,0.4971542
1.0,0.9976459
0.614013238112956,0.63463664
0.9290356598447951,0.9318392
0.49676203921370704,0.49829122
0.986384976525821,0.9671094
0.822868303787271,0.80819935
0.502924408777583,0.5088576
0.522757218707647,0.5110253
0.9039419594151761,0.8856772
0.8805843605404321,0.8643488
0.9294917973069341,0.78128725
0.49985884297577504,0.4967804
0.502153329268993,0.5007091
0.7050223964622001,0.69166976
1.0,0.9913699
0.49918770066295604,0.50043243
0.49484753277226906,0.5032315
0.933483898792117,0.8840717
0.49896120994984305,0.49918664
0.5047226115804321,0.50576144
0.9019698091955001,0.9242925
1.0,0.9988028
0.529379642809335,0.51325417
0.7841024984373771,0.8031345
0.521550783882577,0.53167343
0.500323675707262,0.49924415
0.82377097486263,0.85812396
0.49675294502618206,0.49777824
0.49459843295655503,0.4988848
0.9328377716656461,0.9323829
0.9397989516360111,0.93429124
0.9343604108309991,0.936561
0.499827204468106,0.4988237
0.707198078176936,0.7056158
1.0,1.0045165
0.49717805727789005,0.4992259
0.527896370637015,0.61113375
0.9064927957110601,0.9096494
0.5055560236311321,0.50593364
0.97427945512792,0.9627125
0.49544764361390203,0.49807724
0.524474700365358,0.52151746
0.503209438019771,0.50588447
0.498409922024635,0.49924415
0.9829346533455691,0.9723304
0.49798341981472205,0.50879735
0.8102510483344161,0.80936915
0.8112535612535611,0.8255575
0.5998731469784061,0.5399644
1.0,0.9984287
0.8834026051922641,0.87867695
0.498409922024635,0.4992259
0.500573224566362,0.499946
0.945240878885738,0.95406044
0.498713552170488,0.4985573
0.751666666666666,0.94008124
0.501753034581885,0.4994059
0.86763528120879,0.8850137
0.503098355351955,0.50507927
0.499648936267201,0.4999787
0.49835246090225205,0.4992518
0.505495127165774,0.5044435
0.842587712857624,0.85605705
0.510609142104126,0.5154464
0.504556372306183,0.5011709
0.9380949697803451,0.9502266
0.573259415768126,0.58162504
1.0,0.99895024
0.5030715089893091,0.5010936
0.924320098304474,0.8941435
0.708731519987388,0.74259955
0.9147161004716761,0.918127
0.971243791654902,0.9608615
0.9412492368742361,0.95762867
0.497209265584415,0.4983685
0.9543769007931121,0.9510399
0.5179471441238911,0.58635473
0.9650430038654211,0.9550019
0.967617707064582,0.9522479
1.0,0.99466556
0.9967467467467461,0.98948586
0.63021669341894,0.6306005
0.5339102158586401,0.5239676
0.5690546247561491,0.5750491
0.499827204468106,0.49865884
0.49989718451914605,0.5018511
0.752914279130594,0.79274464
0.7717376454497771,0.7802257
0.617281142925841,0.6381865
0.867212189859734,0.8856772
0.560751604717121,0.5516318
0.986384976525821,0.9791445
0.886852043984899,0.8824039
0.8642919176649331,0.8072282
0.988065883059634,0.9455072
0.721763797270887,0.72267115
0.501315735108548,0.50327903
0.49676203921370704,0.49792495
0.5009778353463821,0.5004849
0.49763998039973306,0.49814168
0.493204008775297,0.4989723
0.830233738379717,0.861423
0.499444879647826,0.49896646
0.5410784852710421,0.60692656
0.9700895136998441,0.9768258
0.5352229377464001,0.5204198
0.686194120508375,0.5252143
0.511802154244536,0.5087089
0.49889943051422503,0.4996921
0.49548735066005706,0.5011335
0.843472788853954,0.84912723
1.0,0.99060094
0.9890974212579251,0.9809577
0.580966223698781,0.6086909
1.0,0.99967307
0.503779922716406,0.50083196
0.637664783427495,0.67587996
0.8238012158000171,0.82022846
0.955627188793378,0.96482563
0.498909147957992,0.497649
0.9375,0.95502657
0.5568113287690171,0.5381172
0.677784428482752,0.70857924
0.8608299191691741,0.86957955
0.49699818794582,0.49967206
0.5037753590866291,0.5013649
0.8803332485089561,0.8662837
0.9188939535235431,0.88501114
0.5020613459467941,0.50431913
0.831094837759993,0.81764287
0.512733096257451,0.5646488
0.5225847955791031,0.4978836
0.8421125546783601,0.8456178
0.9661630811377001,0.9904205
0.8948067632850241,0.8993273
0.530624109345275,0.5319159
1.0,1.0035735
0.9404836503446081,0.923695
0.49614197355154205,0.49942136
0.8564490170255841,0.85887146
0.5034158148726671,0.5107872
0.507200816116617,0.51393914
0.500573224566362,0.4997444
0.8819745088219371,0.8391722
0.49950405146004806,0.4997245
0.49333263125343,0.49651453
0.979354189163508,0.97417307
0.9630761144291471,0.9670531
0.5807203820485071,0.58106196
0.501268900103441,0.5022029
0.49989718451914605,0.5019134
0.500033000362297,0.5022734
0.502895922392361,0.5038507
0.5080634650179671,0.50723493
0.9294381432401381,0.92774016
0.9215428039769651,0.9106812
0.905599656427395,0.91783285
0.7255187074054521,0.5776272
0.49945956534365404,0.49871358
0.503457767538198,0.49929833
0.9705571329645951,0.9768258
0.9485402916823881,0.9353036
0.9320644735539311,0.94460005
0.7413690476190471,0.7413815
0.9528535517797381,0.96141994
0.5963174468493431,0.583535
0.501332773531122,0.5016506
0.9606447063849761,0.95162845
0.501128996288158,0.5008089
0.8965355390177041,0.90704066
0.500708693152706,0.5012409
0.495188167333284,0.4989703
0.744619785083645,0.71007806
0.9557938394556851,0.96371233
0.962932981065967,0.9529765
0.471673444400717,0.5411795
0.8831069358480501,0.8859818
0.5008957689835081,0.5017686
0.499834939522852,0.5041182
0.500454067453571,0.5002103
0.49925020236184503,0.4996862
0.501938070138762,0.53735226
0.500810247184957,0.500157
0.55393379841154,0.54753536
0.9138797104408961,0.9237909
0.8922052059412061,0.90644896
0.504481530931859,0.5052026
0.49893805928350604,0.4988039
0.5234185045080021,0.5145427
0.498713552170488,0.4985573
0.515361186787991,0.5206382
0.9342982598004421,0.8471358
0.496682386908857,0.4987363
0.499648936267201,0.4997577
0.507491712229548,0.5123875
0.501610266277696,0.50019276
0.501573426604507,0.5015511
0.502857016145411,0.49948752
0.7566990935529241,0.675781
0.9455379968508151,0.9426062
0.9039405572354411,0.9069481
0.535252123329777,0.5449552
0.9090525793101981,0.90563834
0.7685856388212241,0.7924113
0.522230257544336,0.52261347
0.5775985597202541,0.5323749
0.51967807680529,0.5171515
0.49970386444477105,0.49879485
0.9682229504659411,0.9702932
0.505260927943026,0.50059617
1.0,0.99999475
0.926385115062714,0.91776043
0.5022745879455001,0.5010679
0.504205843490497,0.49706748
0.505021559809518,0.50415736
0.49872768328390704,0.49794605
0.563656078829859,0.5627834
0.7711983536807471,0.7828851
0.5175239306142121,0.51422316
0.810360507863047,0.7896531
1.0,0.9997851
0.594550263131811,0.59250164
0.49804523428894004,0.4998808
0.5025550416243061,0.4991737
0.499240349947895,0.4997231
0.9073781913636021,0.92921823
0.5236228295994511,0.52281225
0.49983992584833503,0.50015444
0.49823317499747805,0.49913508
0.957530320691885,0.8838562
0.709371014949789,0.7313179
0.824705179914591,0.8062093
0.9048774457276201,0.9177373
0.8843877312113261,0.8667832
0.9635867256011531,0.9511919
0.5128866395834061,0.51563364
0.50002312641829,0.5001273
0.572081006488672,0.577182
0.506902461127813,0.50872326
0.7881536853414891,0.7666175
0.50346784771038,0.5067256
0.5048796601417841,0.50939476
0.504362620318444,0.5105062
0.589675248705666,0.58449244
0.515875445360739,0.5148319
0.50337933341758,0.5015294
0.5020116578658751,0.49906388
0.747863034857521,0.7524159
0.910066461145509,0.924542
0.9564380860063021,0.9469028
0.574769873109032,0.5829643
0.9361442942154551,0.93608534
0.5118027846530491,0.50818104
0.502387797838383,0.49958548
0.9393704834162481,0.9283096
0.9830397602953991,0.9835988
0.5325737521074201,0.5124171
0.49776183344279407,0.50059617
0.84581949761381,0.84150016
0.9551401947633421,0.9738199
0.8740566682976231,0.86370367
0.8486980151604251,0.86712337
0.8650501481770031,0.8771234
0.959427592827198,0.95232403
0.971532544346232,0.9872503
0.500196483219839,0.500833
0.9391405122655121,0.9327682
0.7630927099308521,0.7436558
1.0,0.99962014
0.49971191282109806,0.4997245
0.49947445958747605,0.4997536
0.505094109043253,0.5029989
0.9322298311522441,0.92886174
0.9506930834474411,0.9503791
0.9813452917966321,0.972795
0.8862514763883511,0.8858142
0.8809503138493591,0.8859818
0.500511544482512,0.49953908
0.9890742363139841,0.9929075
0.63021669341894,0.6306005
0.49075591968213006,0.5013361
0.504927000497842,0.49872932
0.7514926891001391,0.7164632
0.975261341992089,0.9794091
0.9322094370422861,0.96053267
0.517541285298294,0.51647276
0.8906531016722311,0.8771234
0.9485008278677831,0.94225526
0.511744115627351,0.6736662
0.720111448834853,0.74028873
1.0,1.0115876
0.909874094483167,0.8791933
0.501092098721804,0.50132203
0.49835246090225205,0.49966162
0.9607044704835771,0.947486
0.866718618445327,0.86078674
0.502503087408384,0.50165224
0.499354866055418,0.4985405
0.9019596638638131,0.90575665
0.500398249251331,0.4991737
0.753437828826037,0.84335226
0.510733362103018,0.50775063
0.588017347236097,0.5898453
0.5112591306148571,0.5043162
0.8636962748483661,0.8736429
0.8448394718020671,0.83742243
0.49390182875117505,0.4984527
0.5018200750285,0.5026492
0.5029536444288281,0.4996216
0.498713552170488,0.4985573
0.9295111532941501,0.92809016
0.903471278461452,0.8827544
0.5099332062232791,0.5168074
0.505021559809518,0.5038507
0.9260683760683761,0.9269462
0.50001371170741,0.50011075
1.0,0.9973349
0.8387343089101451,0.8495045
0.580782135059701,0.5787169
0.493326504266453,0.5050745
0.5133099273658921,0.5159178
0.49983992584833503,0.5002733
0.6495816312610201,0.62963456
0.5298109019199081,0.64331955
0.9891727629346541,0.97394836
0.7529649524625951,0.73240846
0.8694757529607091,0.8582092
0.8020036222954721,0.80216163
0.500558013856718,0.5001731
1.0,0.9966392
0.9683648232867591,0.9777779
0.8230497666048261,0.82481605
0.5019781258522611,0.5042991
0.9563202634484471,0.9548017
0.502267238072829,0.49892223
0.49963142192520704,0.49923924
0.8356402381651641,0.8274942
0.503391126068324,0.5020329
0.526456264678531,0.5312628
0.936283345757787,0.94460005
0.5002878058029441,0.5007111
0.6584295453851281,0.63934135
0.8505368928479351,0.8660103
0.498042911677041,0.49922305
0.49876826102715605,0.5015159
0.49198630188903203,0.50183815
0.501946226955819,0.5026081
0.5007659801462511,0.4991737
1.0,0.9890191
0.8834026051922641,0.8781232
0.499580511765055,0.4996106
0.519111959764289,0.5105666
1.0,0.9840455
0.627869096140647,0.75250167
0.505881711703422,0.50677675
1.0,0.9996887
0.5339102158586401,0.5239676
0.9692504409171071,0.98282593
0.526457452553178,0.5059969
0.8740296186716561,0.86457783
0.8216104549876581,0.80829823
0.5036114954664831,0.502595
0.49227132232751303,0.4951035
0.8404061907024101,0.8448552
0.5198895485113191,0.5028081
0.751666666666666,0.9296704
0.49459843295655503,0.49867228
0.49198630188903203,0.50178456
0.9561627390269771,0.96093744
0.8468338399189461,0.8492975
0.5057980306834761,0.5412335
0.8468338399189461,0.84933627
0.500573224566362,0.4997444
0.5020116578658751,0.49885136
0.49994569297694,0.49959105
0.825943219085689,0.83994985
0.49972792679134503,0.50230765
0.49983992584833503,0.50015444
0.499444879647826,0.49904376
0.5138293481436861,0.51102424
0.903754150755929,0.91590524
1.0,1.0013089
0.819881155620591,0.79581046
0.9434367527305961,0.9356
0.549733612696504,0.54371005
0.617281142925841,0.6381865
0.968566729878317,0.97018
0.920233511591875,0.9256776
0.503832784231952,0.50492626
0.501590801559402,0.50243276
0.518621927035802,0.5172345
0.504481530931859,0.5052026
0.911372466550822,0.9225981
0.7413690476190471,0.7413815
0.500708693152706,0.50011075
0.504044355538605,0.5029707
0.500695032837249,0.50015384
0.853701631346769,0.8541601
0.499444879647826,0.4987023
0.8424491320391471,0.8457784
0.9830253432040491,0.9849217
0.49963142192520704,0.49917012
1.0,0.9991866
0.5427847066128311,0.5736093
0.504481530931859,0.5052026
0.49187461855414305,0.4986209
0.677784428482752,0.8002155
0.49862299254934206,0.49919283
0.531523439076185,0.7094699
1.0,1.001068
0.9049007921566361,0.9123306
0.9650054780198931,0.9200904
0.9076784002300231,0.89947605
0.9249476973364521,0.9340082
0.49854734973614906,0.49914774
0.502062897954442,0.5026632
0.49983992584833503,0.49984193
0.49459843295655503,0.49867228
1.0,0.9984287
0.8856022803566461,0.8911363
1.0,0.9978342
0.557049715673409,0.5475887
0.5007676472741031,0.50018406
0.49932753335914004,0.4993982
0.5005691022568051,0.5011488
0.515566606389391,0.51734066
0.8090025863932511,0.8325261
0.544245502235409,0.58374584
0.5333406608335001,0.5277563
0.9656280518961031,0.9510399
0.501215931720999,0.49765292
0.512156150495723,0.50139254
0.631280818043319,0.6234038
0.50052093191691,0.5025597
0.505331827352291,0.50680274
0.5020350151434491,0.5022029
0.5115398037911291,0.49551767
0.9296014096875711,0.9139515
0.683751421102049,0.6536258
0.5006955946478261,0.5000772
0.5055182626590631,0.49755293
0.5046660595808781,0.5048618
0.8255509584187171,0.82833564
0.9125679045424471,0.913211
0.7832128581897451,0.8106613
0.781491985078806,0.8045817
0.49907442754778303,0.49678162
0.953503584538067,0.9582095
0.49463047658701004,0.49890116
0.8511688431751211,0.8660158
0.97804877791425,0.9819478
0.9075354243261441,0.89073396
0.7183062560429391,0.77262276
0.892578888087296,0.8865622
0.50551443769323,0.51225257
0.500323675707262,0.49959466
0.8739179674439701,0.8631988
0.9630907759196341,0.9413071
0.866904326620138,0.8469036
0.500949894442691,0.5020738
0.503594669896798,0.49912888
0.928226718065683,0.92582387
1.0,0.99942607
0.500593670732559,0.5075275
1.0,0.99111533
0.86080090326779,0.86386985
0.5146045033205671,0.51064664
0.500380311865968,0.5005497
0.9667537238009761,0.9513961
0.5007841294916691,0.50433743
0.9206908238189261,0.9071739
0.9425432545315101,0.93451655
0.498640900853885,0.5006892
0.5178228375645161,0.51035094
0.500565197105398,0.49793017
0.5666120253512801,0.5688948
0.5047226115804321,0.50576144
0.5004656722059301,0.49890554
0.7806429467318141,0.8034181
0.506511254134493,0.5232126
0.9323790974989841,0.74480855
0.811829408529229,0.8359149
0.5008236370590881,0.50103
0.914732730331931,0.92193806
0.5328629065698031,0.53595096
0.497483394404772,0.4984266
0.500558013856718,0.50011075
0.508737747738299,0.5005196
0.5033678279953331,0.5060471
0.8877902483633611,0.8838407
0.5047416691188601,0.50136364
0.502951589537463,0.5260382
0.5646324625332251,0.5518406
0.958343218034664,0.9533887
0.847509168640973,0.8254925
0.94225232972377,0.9505761
0.49835246090225205,0.4992518
0.498640900853885,0.5006892
0.495188167333284,0.4989703
0.50002312641829,0.5016244
0.8661518684088501,0.83654827
0.512344387880562,0.559503
0.502039568903058,0.4992302
0.9375,0.9364638
0.5109430142565501,0.5114443
0.49844358586777904,0.500283
0.9384652789567951,0.9330829
0.495611661615788,0.4980944
0.9692597655475451,0.9662134
0.990008827773533,0.98927283
0.9308911101044891,0.9327158
0.508737747738299,0.49937195
0.49852437581774406,0.50136364
0.501502943472516,0.50120175
0.8900907865130351,0.8816611
0.577902000742601,0.5510725
0.9713495356648881,0.9611109
0.9681260423758471,0.96120673
0.9560808671166051,0.9631038
0.509004405993547,0.50712
0.502223017268784,0.501695
0.927779073321863,0.9164552
0.7880475567072741,0.80829823
0.5004070501062431,0.5001992
0.9535810280174921,0.9520257
0.500237754817213,0.50163764
0.8721994080151501,0.8803191
0.7849047983926991,0.7062436
0.9551395258621971,0.9733205
0.7796503797592491,0.7648798
0.5021790684457921,0.50264907
0.904998911471484,0.90805817
0.83877360196408,0.85342807
0.500454067453571,0.500609
0.9433975527049521,0.9501609
0.499745275795049,0.4997854
0.500119604378338,0.49906316
0.500239914586007,0.49924415
0.921956199249308,0.93096924
0.8096258261559011,0.7832788
0.500079433225301,0.50055516
0.49651688659367404,0.49828467
0.892178852536442,0.8790866
1.0,1.005495
0.49922349136945404,0.49978274
0.59519751082251,0.595007
0.497685388722554,0.49924314
0.97592350513153,0.9728632
0.539247479135314,0.5380435
0.502088980303765,0.5005438
0.6963604446040571,0.67736775
0.499512079911519,0.49937624
0.49474996850988506,0.50282854
0.503058335837557,0.49921733
0.8601488095238091,0.8661347
0.5020536940263091,0.502595
0.8814882035250841,0.8876323
0.9286360983529691,0.9365772
0.929204623964006,0.93733037
0.956511087963237,0.9491542
0.9255399959412831,0.9312462
0.7914861620036131,0.835104
0.498409922024635,0.49977356
0.501140570138344,0.5024501
1.0,0.9835502
0.574390058266896,0.5625811
0.9816964767142701,0.95727915
0.518203520172286,0.5206465
0.501193881350131,0.51544887
0.5228956069825861,0.52566326
0.9702251409558521,0.97354555
0.50001371170741,0.50011075
0.533181737505045,0.53671545
0.517541285298294,0.5128735
0.5118278295651211,0.51207167
0.49736077073831103,0.5005332
0.530869091697146,0.54189706
0.5005804941940041,0.49862385
0.547879095098968,0.63559777
0.501573426604507,0.5015511
0.5038135358080821,0.4987742
0.561549374376421,0.5828375
0.5003770359124791,0.5001838
0.843496082141523,0.8548423
0.670401188517312,0.6421723
0.9667449150328941,0.96894443
0.9480286738351251,0.93866557
0.8249122950272371,0.85679793
0.49932753335914004,0.49971864
0.496816700064643,0.49912888
0.499378615141481,0.5004519
0.49855463791498306,0.49921742
0.49405649757381703,0.49807042
0.499512079911519,0.49978605
0.9860502079619721,0.9521973
0.501680188029744,0.50668794
0.5002878058029441,0.5025686
0.6346130203004651,0.60937923
0.498713552170488,0.4985573
0.49763998039973306,0.4985106
0.5002878058029441,0.5007731
0.497192361998659,0.5014502
0.801665118573877,0.766976
0.76371269368226,0.71461976
0.520495547241081,0.5198651
0.97373050710477,0.9706591
0.8465354273886021,0.8254925
0.49918770066295604,0.50054336
0.7893072590989261,0.861045
0.8529240321736551,0.85269904
0.9406934067486561,0.9446066
0.504859966817932,0.50680274
0.49811173289433003,0.49945283
0.896093305358538,0.90575665
0.49993347492712303,0.49928328
0.8702331118093081,0.86308295
0.49927350117714603,0.49991256
0.49763998039973306,0.49825495
0.49995679887755,0.49954557
0.501610266277696,0.50019276
0.95891409406557,0.9707356
0.79816102598254,0.8354474
0.8273606966354331,0.8750646
0.5035372265235261,0.50332004
0.565709277238403,0.6008119
0.49866589658526905,0.49919283
0.793800198524922,0.7719575
0.500695032837249,0.49989402
0.49563445526456706,0.5007079
0.8013150295409971,0.83569497
0.501229055294669,0.49924314
0.500511544482512,0.49989152
0.5051645238485231,0.4935011
0.499080687231277,0.49948275
0.49931128500171706,0.50627196
0.9830246504469821,0.9781716
0.8429421440428051,0.8457784
0.49814316432429506,0.50179297
0.49834036752300204,0.5125136
0.984658944488871,0.97487587
0.500366546145096,0.49850404
0.971540593909014,0.9864862
0.5055182626590631,0.4987393
0.538992275086024,0.54030883
0.8407653210534831,0.8546613
0.886708634418206,0.8666103
0.9311164034267271,0.9237909
0.9375,0.95554805
0.941736694677871,0.9334674
0.499080687231277,0.49917012
0.504169691068119,0.5057222
0.49950405146004806,0.5011558
0.5947574740461771,0.5932252
0.580782135059701,0.57838875
0.528422135239428,0.5223561
0.751666666666666,0.9173418
0.495188167333284,0.4989703
0.9655016433861491,0.95666325
0.49963142192520704,0.49917012
0.842314390664437,0.8443985
0.912585773319953,0.906511
0.5061835653782181,0.50926155
0.49925020236184503,0.49921098
0.8809140646617991,0.8782834
1.0,0.9900524
0.500454067453571,0.5001479
0.935052840105092,0.9294135
0.54158417414241,0.53891224
0.5002878058029441,0.5006622
0.51887843089407,0.52541065
0.801718022358587,0.8121268
0.49717805727789005,0.4994059
0.5178228375645161,0.51035094
0.920175469102203,0.92984986
0.9112168500202461,0.9237909
0.498409922024635,0.49922305
0.7492184475006081,0.7353519
0.499512079911519,0.49937624
0.552069543470955,0.5603876
0.50002312641829,0.5005388
0.9232129007569041,0.93225026
0.7058673469387751,0.7056639
0.497483394404772,0.49882206
0.9533800299478251,0.95109576
0.674497520453403,0.65672386
0.9743955975547931,0.9522479
0.7514926891001391,0.73058015
0.97958277354829,0.9729898
0.5559099849829331,0.5656585
0.963604162074125,0.9502509
0.593800514209135,0.6199953
0.9647761017358211,0.9534505
0.954936610497196,0.95094746
0.9480286738351251,0.94703877
0.5088777754722711,0.5099469
0.49932753335914004,0.49928725
0.924160877827881,0.93357235
0.572081006488672,0.5775101
0.49978298597268106,0.50154877
0.49227132232751303,0.4951035
0.50002312641829,0.49987417
0.546571461297021,0.5318534
0.973717948717948,0.9348989
0.8338276742795581,0.8446314
0.9438202247191011,0.92646605
0.630579931962532,0.6078236
0.9354481833696421,0.9366998
0.972657084347018,0.94629264
0.9884415775288791,0.9876109
0.7862602092563921,0.7360163
0.9375,0.9390645
0.8527455270841671,0.8594192
0.9505229782900381,0.95504713
0.49255071992397703,0.50257677
0.5020224242407161,0.49969617
0.500565197105398,0.49793017
0.520326820911159,0.5375965
0.500119604378338,0.49958462
0.9344986357791281,0.9387267
0.9343604108309991,0.91177636
0.9499019134845901,0.9893019
0.515245434267221,0.50519073
0.5666120253512801,0.5688948
0.49629177508381306,0.4992302
0.5105574080521991,0.51279974
0.49915527454453507,0.50064516
0.887675579564948,0.9094261
0.49750156972143206,0.49877083
1.0,0.9982238
0.502405799874526,0.5000087
0.507460749446718,0.50854605
0.7124972195792031,0.74254096
0.500695032837249,0.5001151
0.5006955946478261,0.5000772
0.503098355351955,0.50389093
0.5983424152172331,0.5830188
0.6928770762740221,0.62941265
0.49474996850988506,0.5006272
0.49665556236740505,0.5020954
0.867212189859734,0.8844885
0.502725424389006,0.5011834
0.49950405146004806,0.4997245
0.502387797838383,0.49964198
0.5015516624991511,0.5026724
0.49514659565078906,0.5006816
0.962472969821875,0.94358516
0.9700869737433581,0.910129
0.49965957597160304,0.49890554
0.77173241721186,0.7739916
0.49614197355154205,0.49942136
0.575522067403978,0.56944644
0.6486203572338021,0.5930867
0.88370234309075,0.89038724
0.630250747642051,0.63426155
0.524497724497724,0.52613837
0.909420849191326,0.90222263
0.49989718451914605,0.50192016
0.774375986652242,0.7062436
0.5270927229708411,0.55424297
0.8415167833120091,0.8444232
0.9250338635566031,0.91129047
0.555667699303237,0.5496575
0.725692201319694,0.7936453
0.579290503068505,0.53842413
0.530811423409106,0.52449644
0.499580511765055,0.4995895
0.501859342206393,0.498932
0.500119604378338,0.49934784
0.9419021359679901,0.94054013
0.968326879639231,0.85186255
0.503058335837557,0.4984956
0.49893805928350604,0.49974424
0.528873076474179,0.54266787
0.9377455683354441,0.9381931
0.500454067453571,0.5001479
0.502219522669616,0.5005817
0.499648936267201,0.4997577
0.507867837789421,0.5017304
1.0,0.9934847
0.499601202287469,0.5009694
0.499512079911519,0.49937624
0.501330282245546,0.5016732
0.951128441878866,0.9538325
0.500237754817213,0.50163764
0.49626525855393305,0.49848077
0.5376675399684231,0.53009164
0.49639825732088005,0.50627196
0.5807203820485071,0.58106196
0.803293846710169,0.80993444
0.49906825143667205,0.5078369
0.9320439044789001,0.9337227
0.503433468170371,0.49713504
0.502587972714425,0.49761108
0.76005110196831,0.7852092
0.500573224566362,0.4997026
0.49915527454453507,0.49941286
0.5055182626590631,0.49755293
0.637664783427495,0.62718093
0.7392207242370931,0.73097754
0.9375,0.93878406
0.49333263125343,0.49651453
0.500949894442691,0.5020738
0.5609805236831611,0.6487441
0.5007841294916691,0.5038425
0.8754411307135911,0.8746552
0.909852245723046,0.9126243
0.5236497877122871,0.5175255
0.49989718451914605,0.5018511
0.8700617207750011,0.86395144
0.49763998039973306,0.4981483
0.8134436701509871,0.8046083
0.8582507401251821,0.8443985
0.49922349136945404,0.4995328
0.5029671218750751,0.5015159
0.49676203921370704,0.49832448
0.720155021869447,0.68441135
0.862399931410449,0.84586185
0.5111701118524571,0.50277627
0.9801802394202481,0.9768258
0.507468888292967,0.50539446
0.519668814539997,0.50369936
0.5020116578658751,0.49885136
0.75715465739354,0.7342624
0.9018854553952871,0.90549684
0.49995020160679104,0.50268257
0.500454067453571,0.5001479
0.506515281303632,0.4984527
0.5737800922774731,0.57985973
0.898899637002685,0.90934986
0.5139267285160061,0.5110253
1.0,0.9955829
0.9193527315577211,0.9182269
0.885861379661924,0.84586185
0.501753034581885,0.4994059
0.500912125521858,0.49998346
0.9375,0.9434241
0.901591720682095,0.90741295
0.515158833846742,0.559503
0.9000778278747901,0.90709525
0.791084154632397,0.8100343
0.504556372306183,0.5010905
0.8879212046490451,0.8730599
0.5029671218750751,0.5020516
0.686410211461141,0.6364913
0.5876867106076591,0.59387237
0.50002312641829,0.49987417
0.9650430038654211,0.9549194
0.49892143726581606,0.49873638
0.766798185312852,0.8007188
0.49699818794582,0.49967206
0.8716344396090421,0.8656086
0.9019101425881081,0.8990922
0.9478842410400791,0.9492965
0.5027211194972561,0.5017553
0.49774319456414706,0.4984391
0.49639009663404005,0.5016237
0.90592226520827,0.91129047
0.885653209395849,0.90140665
0.8933440628806111,0.8786167
0.9201631354754011,0.925629
0.9791847906418361,0.9751977
0.49893353652929906,0.49878
0.49950405146004806,0.4997245
0.49763998039973306,0.4985106
0.49950405146004806,0.4997245
0.498263375631296,0.49873638
0.912110352974817,0.84477913
0.9282324738555071,0.92545104
0.49909013291806703,0.5005615
0.891636787126708,0.898759
0.7851524641131261,0.77324176
0.9239299263614401,0.897345
0.495779074350491,0.5014089
0.5068812435942961,0.5010679
0.5011898665562441,0.5017614
0.8862510311221711,0.86078674
0.8557669696603181,0.8527008
0.838731433970848,0.8460065
0.8175259245112181,0.89753735
1.0,0.9795323
0.49852733247435504,0.497666
0.496432690081114,0.5124455
0.50422152083883,0.5036446
0.497209265584415,0.4982811
0.5160774408784571,0.5009107
0.499512079911519,0.49937624
0.49950405146004806,0.5021513
0.508815224332396,0.51138484
0.49781613799915103,0.49939218
0.503196042085449,0.54271734
0.658569785653864,0.6492897
0.49763998039973306,0.49825495
0.517989812475106,0.5083922
0.49889943051422503,0.4996921
0.845464896682365,0.8643231
1.0,0.998989
0.8548219016288441,0.8746552
0.9970588235294111,0.9998711
0.5004044770249161,0.49987084
0.498263375631296,0.4986716
0.499827204468106,0.4987363
0.522308354559869,0.5318286
0.6402835828069471,0.6418495
0.9520518241690311,0.9501609
0.513653752825042,0.50145876
0.502530087366996,0.5034069
0.886024995837496,0.87125915
0.606040099664741,0.60561943
0.5002623458294411,0.5004853
0.504833853725716,0.50450283
0.499354866055418,0.4984266
1.0,0.99967307
1.0,0.9990066
0.49852733247435504,0.49755272
0.498561136895023,0.49972808
0.8902591936682841,0.8809584
1.0,0.9961443
0.984599528857479,0.9886088
0.503457767538198,0.49929833
0.49988837093825506,0.49999246
0.936077638653188,0.92631394
0.511906270181402,0.51299715
0.511714990926265,0.50723886
0.5027248442598691,0.5014089
0.5032126983955231,0.50196785
0.505094109043253,0.50296015
0.5034841222921941,0.5143046
0.500296898109939,0.52441365
0.49521460941190903,0.49808916
0.5114105271475441,0.7468243
0.9417536677710401,0.9371953
0.49811173289433003,0.4996037
0.50002312641829,0.500134
0.720430308931131,0.70506394
0.9686583092833091,0.9540527
0.8235471898302881,0.81108505
0.587224326975599,0.57973874
0.500558013856718,0.5012409
0.8633263625014861,0.86082965
1.0,0.99798775
0.49614197355154205,0.49942136
1.0,1.000256
0.499827204468106,0.49865884
0.49862299254934206,0.49885136
0.49947445958747605,0.4997536
0.6099693583365721,0.679389
0.845805109897644,0.85520434
0.497659473213426,0.5019
0.500464861698805,0.49815252
0.498409922024635,0.49977356
0.5035041265492091,0.50319207
0.49651688659367404,0.4983966
0.9245083988341901,0.9352803
0.500565197105398,0.49793017
0.499080687231277,0.5017083
0.5004044770249161,0.5004613
0.508666166205183,0.50337917
0.5024638163107791,0.50195193
0.498769981174049,0.49885136
0.837812475802109,0.84398335
0.883691756272401,0.8620349
0.500380311865968,0.5005497
0.505361986613164,0.49590442
0.491387081349798,0.50147694
0.8499180783895961,0.83931106
0.49734644264454203,0.49921742
0.9646220069948881,0.969624
0.49993347492712303,0.4989194
0.49284857254881903,0.5059897
0.5007841294916691,0.5038425
0.8879345722028651,0.88052607
0.9074847646046631,0.91264284
0.500079433225301,0.5010556
0.501298943348574,0.5015511
0.950512513848442,0.94747186
0.49970386444477105,0.49907643
0.8701371543887271,0.8758975
0.5093208771609941,0.50998664
0.49621292099906206,0.5020261
0.50121557909572,0.5036454
0.501103413035602,0.5011834
0.5112591306148571,0.5043162
0.49746080848296304,0.49879485
0.94711149791113,0.9296102
0.9123599214864321,0.9027776
0.9765066000866051,0.9802461
0.49774319456414706,0.4984391
0.940155228758169,0.9804975
0.6304640709547711,0.6343525
0.499580511765055,0.499698
0.7721834466470611,0.72747624
0.49918770066295604,0.50043243
0.49712783114367204,0.50056964
0.8827484119095781,0.88333976
0.501298943348574,0.5015511
0.501573426604507,0.5015511
0.5002878058029441,0.50072455
0.5022111382681821,0.5020516
0.6402835828069471,0.6418495
0.500912125521858,0.49962375
0.8708833685566151,0.88654655
0.4968450207637,0.49651453
0.499580511765055,0.49929848
0.505293461477566,0.50612414
0.829231886431379,0.835104
0.49654866135697806,0.49918664
0.8134436701509871,0.80244005
0.8570080894544451,0.85470927
0.630250747642051,0.63426155
0.49979369971931603,0.5005438
0.7562270545435511,0.76303476
0.9190069782953011,0.9003588
0.7648944586881651,0.7703569
0.8226787360465471,0.8418513
0.49750156972143206,0.49935135
0.506346932000288,0.50180066
0.513769245447534,0.5159813
0.5158819914086771,0.51229197
0.8634375012057091,0.8143602
0.500810247184957,0.49937195
0.50001371170741,0.50054204
0.9373452130769271,0.93715954
0.501840850387248,0.5124455
0.49918770066295604,0.50043243
0.49792465016282106,0.5054377
0.9205975941280451,0.92692906
0.5004070501062431,0.5026685
0.8485767023003771,0.7408106
0.8656265036483781,0.8640044
0.500558013856718,0.50011075
0.515010946907498,0.6295516
0.49657564110685104,0.49844846
0.49918770066295604,0.5008637
0.49892143726581606,0.4989921
0.504601772992541,0.5000087
0.502541133194019,0.50313646
0.498449413237162,0.50152767
0.893354843960182,0.8812886
0.5007841294916691,0.50514215
0.8841307866556871,0.8854971
0.500923933778572,0.50090414
0.509814662295469,0.5109588
0.49973610055538104,0.50174236
0.500565197105398,0.4988235
0.983340364274297,0.9768258
0.9136115137545031,0.918127
0.63021669341894,0.6306005
0.97090687179055,0.97450304
0.9375,0.9271014
0.9845501671478081,0.9795287
0.9377492815393621,0.92809016
0.5004070501062431,0.5001301
0.49925020236184503,0.4995073
0.909687143740688,0.9116623
0.5023269048546071,0.5042991
0.49950405146004806,0.4997245
0.956411692504006,0.9552056
0.509191504917474,0.5081637
0.516983477406692,0.5019365
0.528701708264094,0.577286
0.59519751082251,0.6067912
0.49750156972143206,0.49913883
0.7313114027993031,0.74058795
0.545382366506953,0.53557456
0.9521609638282591,0.9513961
0.601697521534585,0.58607644
0.506373244554416,0.50627196
0.658683242713897,0.64505935
0.499745275795049,0.4998339
0.49707614120036503,0.49922204
0.9848461630748371,0.9774613
0.8648213319685201,0.8698265
0.5000249731831891,0.49821076
0.54902622311146,0.53936285
0.902789053898522,0.8858142
0.500454067453571,0.5001479
0.499648936267201,0.4997577
0.506078157088062,0.49807724
0.5047226115804321,0.50576144
0.8866106623915081,0.8746446
0.947051167661854,0.949879
0.49988837093825506,0.49964198
0.49926820304022906,0.5014151
0.9658592441780091,0.9698383
0.49971191282109806,0.49983543
0.917332579321471,0.91619056
0.9599756569294381,0.97683233
0.48275326649996103,0.5076226
0.792389776555072,0.79238904
0.833249354027878,0.83133394
0.926148769475106,0.9446066
0.572081006488672,0.577182
0.5109583764516931,0.5058065
0.630057873830237,0.5477258
0.8658342466151151,0.8702002
0.636719483953476,0.64948523
0.91876205776327,0.9251403
0.49964134173464303,0.50231224
0.49931466886729203,0.49626586
0.49652035514771403,0.49906316
0.501393992169448,0.503226
0.9651469843089341,0.95623535
0.9726133839271611,0.960977
0.9798162246438101,0.9729898
0.800596482852838,0.8354474
0.500949894442691,0.5020738
0.498042911677041,0.49924415
0.874527620032974,0.86066306
0.500592018047819,0.5012406
0.615186025415951,0.58938307
0.9220897335454201,0.9126336
0.9918699186991871,0.99697924
0.86698167300143,0.8882043
0.49804523428894004,0.4997761
0.8858204232057321,0.8709416
0.49668821811807806,0.5009187
0.522454213922467,0.51638436
0.8060394614308131,0.83658814
0.502606975521402,0.50926155
0.7079587079587081,0.6950474
0.49742963110499905,0.49942136
0.982100956343197,0.9499507
0.498766552650148,0.51075923
0.49198630188903203,0.50178456
0.503066292975872,0.50353974
0.500511544482512,0.49964812
0.503571145042057,0.51198953
0.9550321871023221,0.9581818
0.499444879647826,0.4989148
0.50337933341758,0.5015294
0.9382569734847461,0.9249176
0.9826509655983231,0.98057353
0.8523589070741341,0.86604834
0.49893805928350604,0.4991244
1.0,0.99117047
0.500239914586007,0.49929833
0.8690488567234421,0.8558977
0.500931926227075,0.49590442
0.8604979659820301,0.83726627
0.7954491094457551,0.76556057
0.505777816720207,0.50424427
0.49781613799915103,0.49939218
0.500708693152706,0.5002216
0.7665896218725811,0.8055107
0.687309175379714,0.6817429
0.5022383890602771,0.50174236
0.974370729801267,0.97652173
0.501806880745989,0.5082715
0.49676203921370704,0.49834383
1.0,1.0012976
0.49198630188903203,0.50178456
0.567519550331125,0.62650007
0.512733096257451,0.5646488
0.9356254750524301,0.91997385
0.988774001840204,0.980439
0.536250183052008,0.5510686
0.597775770303828,0.5808644
0.626862683020414,0.6015057
0.9861823361823361,0.97954375
0.557133261839392,0.53982157
0.511282243163253,0.5448532
0.5110732966072971,0.50627196
0.8402799537899761,0.85104495
0.964756493328051,0.94575346
0.671758960805869,0.65422106
0.6495816312610201,0.62963456
0.864814814814814,0.8655161
0.8534603556493191,0.8588067
0.5236497877122871,0.5180329
0.9164279492990761,0.922048
0.941736694677871,0.94716674
0.964705467529633,0.9737118
0.501077247973254,0.5015406
0.545372506874167,0.52107245
0.7961849331008211,0.8626427
0.645246171944134,0.66498935
0.620896748377548,0.6108737
0.5291841731716,0.53423834
0.848104829654114,0.85239255
0.687257384857554,0.72612077
0.5153745760552191,0.5041339
0.8135140058315631,0.8373439
0.49717805727789005,0.49938765
0.8954060350676881,0.9138052
0.8309010724548591,0.86880165
0.637664783427495,0.6331283
1.0,0.9953976
0.854825425450462,0.8803191
0.932251335023007,0.9275585
0.9147504662198881,0.9073209
0.9267760860431701,0.9050266
0.504597780595268,0.50680274
0.496189498325092,0.5010908
0.8805640501906751,0.87520003
0.8320878054938111,0.8306947
0.841941885903532,0.8272886
0.5178228375645161,0.50424117
0.8824403358595021,0.89279115
0.497483394404772,0.4984266
0.502177479353709,0.5009447
0.9004120315295231,0.9136557
0.6458058741046441,0.8176614
0.500158014110567,0.49918765
0.5007017790807541,0.50067997
0.516024673979219,0.5289663
0.942922380695097,0.9258504
0.643083663989366,0.57637525
0.49931859161911,0.5001974
0.774230117510169,0.8013787
0.691363707395503,0.7260916
0.49187461855414305,0.49957168
0.894047580795679,0.86647713
0.9813587901933761,0.98209757
0.515010946907498,0.6297444
0.864814814814814,0.8645631
0.7412204208884701,0.7369819
0.501229055294669,0.49924314
0.575526401090739,0.5875781
0.953029556185042,0.96043605
0.9695098808002031,0.99067414
0.78585772711527,0.7649844
0.49866589658526905,0.49921525
0.500454067453571,0.5001479
0.49823317499747805,0.49913508
0.49862299254934206,0.49921525
0.971532544346232,0.98736393
0.971201205793014,0.95602
0.9692504409171071,0.983124
0.9563184663536771,0.9646091
0.944363277250518,0.9446066
0.5020116578658751,0.49921525
0.7961849331008211,0.8616741
0.49882972481367205,0.5017027
0.500196483219839,0.500833
0.9125594426005541,0.9045044
1.0,0.9878179
0.500912125521858,0.5003657
0.876315787180253,0.86940885
0.578991076495672,0.55142516
0.8233651436479481,0.8274942
0.50337933341758,0.5048703
0.92121982499316,0.917741
0.9393298305713281,0.9387267
0.5132762899747161,0.52731
0.5788946641675781,0.5607738
0.973534338358459,0.97613984
0.49944698782481806,0.5008138
0.6276139315858941,0.62752086
0.8879345722028651,0.8982301
0.49855193896819605,0.49522403
0.852923599067216,0.8845446
0.5004070501062431,0.50024104
0.7732698906632841,0.76870626
0.8399652171174741,0.846736
0.5004070501062431,0.5001925
0.5196491695616341,0.5351488
0.5947574740461771,0.5932252
0.502528758744563,0.5017083
0.49459843295655503,0.49830428
0.499512079911519,0.49972877
0.500728741052317,0.49921525
0.496236152162062,0.5030426
0.953588910829077,0.9647544
1.0,0.98708504
0.5072309593679281,0.5040109
0.49990608997482505,0.49917012
0.500454067453571,0.5001479
0.870311376583154,0.8564847
0.9918699186991871,0.99755216
0.9295792929754021,0.9227917
0.503058335837557,0.49902937
0.49971191282109806,0.4997936
0.500304302608046,0.49672937
0.7506127450980391,0.66049
0.5003770359124791,0.5007655
1.0,1.0047876
0.49826935142133,0.5022029
0.514745570515708,0.518306
0.5037753590866291,0.49996662
0.531799048001926,0.52765495
0.517541285298294,0.5128735
0.502356911996059,0.5021065
0.5004070501062431,0.5005615
0.501753034581885,0.4994059
0.54714346705657,0.5409556
0.500507886656388,0.49946928
0.499879448442118,0.49847478
0.7022680469505871,0.8207927
0.49945956534365404,0.49995214
0.9015894779574001,0.91256815
0.520364394770307,0.5137832
0.9319278831825261,0.932176
0.506666231016178,0.50563216
0.8189630508380501,0.87125915
0.500538880838864,0.50219136
0.49876826102715605,0.5020163
0.9672793395026931,0.95264363
0.9493814430100601,0.946715
0.7413690476190471,0.7429505
0.578727187472434,0.59716904
0.49862299254934206,0.49883312
0.50002312641829,0.50009525
0.9298521240757711,0.9266712
0.50624433826627,0.50627196
0.49075591968213006,0.5013361
0.600070483996859,0.5940718
0.8601882553476611,0.8323992
0.500345496894614,0.5040578
0.5666120253512801,0.56938976
0.49978739370589703,0.5011502
0.8286568785375621,0.85480696
0.501753034581885,0.4992259
0.544720073988048,0.5389535
0.897251839139778,0.8999514
0.501753034581885,0.4994059
0.9859382024007881,0.9737887
0.500239914586007,0.49977356
0.503131481457717,0.5044729
0.5270317213423831,0.52850544
0.63247222320704,0.71381426
0.51260739513275,0.5063826
0.497122986143104,0.50853646
0.9290271675395361,0.9323263
1.0,1.0055674
0.7229973529950111,0.69014215
0.49966998600585,0.501225
0.8728784626061241,0.8593085
0.49654191992128305,0.50085425
0.500912125521858,0.49964198
0.7413690476190471,0.7413815
0.49899321580348605,0.5061274
0.9817961359628021,0.98252124
0.7389077645037491,0.8300364
0.821470132470629,0.8438327
0.49934563800066806,0.49846095
0.9254051906445561,0.92827684
0.8132263396325891,0.8106613
0.49983992584833503,0.49984193
0.5002774823785691,0.50136364
0.9705152913000311,0.9675417
0.9579226474668261,0.8022879
0.7335562621585471,0.6890707
0.606040099664741,0.61747295
0.792302944589476,0.8057754
0.502857016145411,0.49948752
0.49970386444477105,0.49879485
0.9261117202564491,0.9293343
0.505495127165774,0.50440824
0.49809563054404704,0.50085425
0.700429400615968,0.6890191
0.828397550676171,0.8229507
0.49995679887755,0.49954557
0.941736694677871,0.9482682
0.49633240120074507,0.5006423
0.7251125119057821,0.7294736
0.499648936267201,0.4997577
0.9122220477225811,0.90805817
0.49947445958747605,0.4997536
0.5006955946478261,0.5001395
0.502384756963555,0.5033128
0.900119502134692,0.91129047
0.7571930748381861,0.7663878
0.941932500414124,0.9355267
0.5339102158586401,0.5239676
1.0,1.0034918
0.9288283045590031,0.9165947
0.989275421984355,0.9847235
0.9219658724815901,0.9198811
0.8316276997352691,0.84420234
0.8469366416728581,0.8440197
0.9648707353252801,0.957993
0.9310964999865111,0.9136557
0.9258141256179591,0.9263814
0.5188804462002821,0.52228326
0.804943299878899,0.83462054
0.543277396214895,0.5870562
0.5007159010361171,0.5072939
0.7177993361288001,0.70729244
0.49938249211165303,0.5007907
0.503443445261438,0.50349134
0.501667976968812,0.5000719
0.9572992800159741,0.94865817
0.501496724308778,0.49706748
0.8499999999999991,0.82982284
0.499080687231277,0.49917012
0.935704927514567,0.94518894
0.9339728833820851,0.9371893
0.9082395303428851,0.90199286
0.49915527454453507,0.49952477
0.9861823361823361,0.98780406
0.499745275795049,0.4997231
0.7536642574579681,0.72883636
0.49811173289433003,0.49945283
0.9838039513057161,0.9819478
0.9480286738351251,0.94641274
0.9558623200321831,0.9533887
0.49483142422623105,0.5009641
0.5076013997616781,0.54808056
0.63021669341894,0.6306005
0.49868847657561305,0.4994146
0.505308865708156,0.5064946
0.500695032837249,0.500533
0.50052093191691,0.50205934
0.513802770677756,0.5156109
0.9465042137191221,0.94146985
0.7962768396448621,0.7873153
0.9585377836942711,0.9849217
0.500565197105398,0.4990487
0.9701509971848181,0.9706591
0.645233209569804,0.70002323
0.9005880540980831,0.8792576
0.8893252885881361,0.88383704
0.49971191282109806,0.4997735
0.5666380996977171,0.5533512
0.796260906460427,0.77685374
0.8003122283320591,0.79894286
0.49971191282109806,0.4997245
0.975724996311591,0.9751977
0.49990608997482505,0.49917012
0.497209265584415,0.49810606
0.9200855108254901,0.9138914
0.49652035514771403,0.49934784
0.499080687231277,0.49960148
0.49922349136945404,0.4995139
0.515010946907498,0.6297444
0.9417824698760411,0.9471305
0.8526800575254211,0.8469036
0.520730006592208,0.52282727
0.630250747642051,0.63426155
0.498640900853885,0.5006892
0.509189749576412,0.50098234
0.49988837093825506,0.49962088
0.9476548389264511,0.9486106
0.50431563622755,0.5036791
0.9545900624269771,0.9305322
0.5386451394753431,0.5238183
0.9449426731500211,0.9473602
0.921375866867654,0.9294135
0.521396788381688,0.5303519
0.5048016828482771,0.50137985
0.498713552170488,0.49916592
0.527264791478774,0.52789253
0.9586061507936511,0.9650157
0.9565439155844631,0.9565268
0.845536190292351,0.86957955
0.501502943472516,0.50120175
0.8592818677546391,0.8664035
0.515609451086123,0.51164746
0.519809385467758,0.5158542
0.5006955946478261,0.500188
0.5148949553356851,0.51783794
0.9431767118087231,0.94253445
0.502387797838383,0.49964198
0.95056276971461,0.94198054
0.5014038141732581,0.5035116
0.49947445958747605,0.4998159
0.510152364719612,0.500819
0.936330712961409,0.92193806
0.499879448442118,0.4981543
0.80858704723564,0.80300635
0.499879448442118,0.49811247
0.501730502596727,0.5017177
0.49895693491174103,0.5010556
0.847112279834294,0.8596637
0.6073679302974221,0.64015394
0.52151685834159,0.50431913
0.5021451451704231,0.5022942
0.9167011496070201,0.9303283
0.5010501726757081,0.50056374
0.49893805928350604,0.49869296
0.7393986952911591,0.75347334
0.9261740463486791,0.9198053
0.497209265584415,0.4983685
0.5335952787287921,0.5423062
0.5046665428628,0.5048618
0.9410830632453171,0.8753109
0.63021669341894,0.6306005
0.501264148062127,0.5036594
0.5165424135362311,0.5019365
0.508204615446209,0.50977045
0.49823317499747805,0.49924698
0.5010281509304351,0.50196964
0.9323175954888071,0.9166466
0.49459843295655503,0.49886805
0.879849517618369,0.86865467
0.931229878942983,0.9455444
0.49927350117714603,0.49991256
0.9598925381394141,0.9561827
0.9523165177789451,0.95502156
0.502659699267854,0.5055895
0.8417449052995201,0.84406614
0.500558013856718,0.50054204
0.971828764799411,0.9792955
0.503213475611169,0.5027522
0.49947445958747605,0.49986446
0.9031082819649711,0.90575665
0.6653625366004,0.6606034
0.9157468556374431,0.9252922
0.502924408777583,0.504085
0.7365862258237591,0.75480497
0.8247894606549421,0.82124597
0.49984831728131907,0.49969617
1.0,0.99484414
0.8261537520576641,0.82822555
0.5037753590866291,0.5013649
0.883646817350032,0.8840717
0.9860502079619721,0.9795664
0.49966439687565206,0.49929732
0.8653546158998491,0.8665799
0.953078332043871,0.9511224
0.505198304146505,0.5017849
0.816054323167537,0.8007789
0.8683856166472801,0.8656086
0.504556372306183,0.49969232
0.9375,0.93257177
0.8711429646822221,0.87070537
0.885637475327803,0.9081709
0.49847476946715,0.49973094
0.5947574740461771,0.5932252
0.7432583314637,0.7241332
0.7117359000337721,0.701014
0.9120514878221141,0.9177373
0.602987596001414,0.54654026
0.503832784231952,0.5046823
0.49875491246527703,0.50116557
0.49852733247435504,0.49780285
0.6830496816238261,0.7266063
0.529198250523032,0.521158
0.5329493290509111,0.54317284
0.9391405122655121,0.92485064
0.9845501671478081,0.9794151
0.49763998039973306,0.49825495
0.4968450207637,0.49651453
0.9749611174507651,0.91500145
0.49761776303578004,0.5000735
0.500316846678864,0.49923262
0.570829947924952,0.58498156
0.49771089423556203,0.49553058
0.9124021301170091,0.9080207
0.9412408222849181,0.9387267
0.740050524585889,0.7436558
0.510081507160103,0.49872932
0.500558013856718,0.50054204
0.884835533402323,0.8898534
0.9590823970037451,0.9436345
0.8906719721544941,0.89826375
0.9438202247191011,0.93421704
0.49983537459501004,0.49918765
0.9214900420198471,0.92774016
0.8791660341657541,0.8838562
0.49750156972143206,0.49877083
0.49781613799915103,0.49939218
0.9433026531652291,0.95457584
0.5735409208265441,0.5533541
0.874766467156415,0.8909332
0.7406594379042081,0.7392723
0.6940280031897981,0.7456833
0.87397842116152,0.85806865
0.8432254211182231,0.7924589
0.574874248645806,0.5908495
0.551792887914413,0.5397619
0.884805759967598,0.9081309
0.5003976673015961,0.50268257
0.49852733247435504,0.49866053
0.526518462345829,0.52854997
0.504556372306183,0.5012958
0.5004070501062431,0.5001301
0.502387797838383,0.5003657
0.7117243867243861,0.69126827
0.918427230046948,0.91181815
0.501502943472516,0.50120175
0.759785059064341,0.72483563
0.500573224566362,0.49969593
0.643263599938357,0.5971496
0.90580506076191,0.91129047
0.63021669341894,0.6306005
0.9004120315295231,0.9136557
0.49801492621977905,0.4988629
0.9331491960071261,0.93260676
0.8499999999999991,0.8244643
0.561969569640261,0.56608945
0.9005466025834781,0.8022879
0.501193629267469,0.5017083
0.500240522569907,0.5041182
0.9573643668857541,0.93794054
0.506533557796432,0.5031734
0.5014360930007651,0.5013674
0.924508645733038,0.954973
0.534095980345994,0.50560814
0.6669937240250561,0.6049708
0.8549523988735771,0.8630725
0.629278547352155,0.6411835
0.572081006488672,0.5775101
0.8989818320783871,0.90220755
0.8622396391596581,0.8651953
0.49892143726581606,0.49873638
0.963895476948442,0.9587196
0.503058335837557,0.4984956
0.49429623167394404,0.5064279
0.501202416537546,0.49929732
0.49288480608202306,0.49921197
0.499080687231277,0.49917012
0.9503383858439801,0.9502266
0.502405799874526,0.4998427
0.7058673469387751,0.70763344
0.499378615141481,0.5004519
0.495188167333284,0.50231135
0.500316846678864,0.49948275
0.49918770066295604,0.5004949
0.504574803220889,0.50248617
0.8113616780320411,0.835281
0.9250338635566031,0.91129047
0.8698080885118741,0.86370367
0.8295233921786771,0.821922
0.9480286738351251,0.9423966
0.822333195696609,0.8223177
0.992878028404344,0.9920381
0.773751834667124,0.768473
0.8902862319682171,0.87868655
0.8736173105732651,0.8701647
0.49970386444477105,0.49895972
0.529280394926088,0.5223561
0.504107468881411,0.49997944
0.504060008676797,0.49921525
0.499240349947895,0.4997231
0.9708995027960541,0.96988755
0.985907766163949,0.98023593
0.5037753590866291,0.50178486
0.895624125625174,0.9094261
0.500366546145096,0.49850404
0.548262038358709,0.56115407
0.508949375062921,0.50569457
0.663758203049005,0.64021766
0.508816183262746,0.5037826
0.5027219034810101,0.50226134
0.921800446860896,0.9297102
0.6260049743004611,0.6364639
0.85913090339702,0.86282814
0.522233878793395,0.51386803
0.543724480965139,0.5447467
0.5002623458294411,0.5004853
0.5822436625327141,0.6095678
0.499648936267201,0.5000593
0.9478883570930331,0.94518894
0.501573426604507,0.5015511
0.49915527454453507,0.49941286
0.5048256150179511,0.50063366
0.848204131182123,0.84123486
0.505668439832348,0.5046935
0.8286595363536611,0.8372683
0.499879448442118,0.49804336
0.511714990926265,0.50723886
0.499512079911519,0.49937624
0.49931859161911,0.5001974
0.496219894771151,0.5020305
0.976712304087847,0.97450304
0.5906495857545531,0.59034145
0.500196483219839,0.500833
0.8487978393742971,0.86048704
0.939864793411695,0.8020797
0.50012240225198,0.5007586
0.503248091090534,0.5032315
0.500366546145096,0.49850404
1.0,0.9928974
0.90580506076191,0.91129047
0.49952382398589806,0.5061445
0.501730502596727,0.5030534
0.9868370064809401,0.9776568
0.9315400530430571,0.92698556
0.49811173289433003,0.49945283
0.826117153468632,0.8317029
0.9552994274959651,0.96511954
0.49855463791498306,0.49921742
0.5013120857916891,0.50058097
0.5130481566592361,0.5039644
0.9879400945874931,0.988203
0.5196491695616341,0.53220266
0.495611661615788,0.49804023
0.500949894442691,0.5020738
0.49969987725430604,0.4988237
0.9686583092833091,0.9589414
0.8910597449520311,0.8993348
0.495188167333284,0.5022726
0.900508572362759,0.92108166
0.5129354376871921,0.5096951
0.5022111382681821,0.5020516
0.511242113238485,0.50865376
0.530839481269131,0.5300475
0.49932753335914004,0.49990082
1.0,0.9846299
0.50679451953681,0.54271734
0.945361163125478,0.9445689
0.9779786053839521,0.9776568
0.504362620318444,0.5105062
0.502872287807696,0.50319207
0.9335459523954851,0.9374264
0.7034772182254191,0.70191103
0.50337933341758,0.50483155
0.97003582218948,0.9707356
0.498890782814056,0.50157833
0.8908912572101421,0.8855158
0.49947445958747605,0.50018483
0.9633411596987761,0.95581454
0.498713552170488,0.4985573
0.49676203921370704,0.49823704
0.986384976525821,0.9671094
0.7506127450980391,0.7498856
0.875676527801827,0.88333976
0.9861823361823361,0.9902089
0.586052466064073,0.5725242
0.9692504409171071,0.9830415
0.801436201206943,0.8354474
0.9654182674010671,0.9608615
0.5002623458294411,0.5004853
0.562378525604536,0.5645147
0.51887843089407,0.5249157
0.499879448442118,0.4981543
0.5002878058029441,0.5021981
0.5018468466511911,0.50482935
0.497659473213426,0.5014366
0.5084720497725831,0.50720054
0.6486203572338021,0.5930867
0.499080687231277,0.49917012
0.49763998039973306,0.49825495
0.9266070558273841,0.9313691
0.9130820926630011,0.90962493
0.903474862879146,0.9099973
0.487872102992473,0.49573362
0.7142020316360651,0.8231821
0.929853770739945,0.93315095
0.5007017790807541,0.5059897
0.500323675707262,0.49977356
0.621102293928055,0.59025025
0.49963142192520704,0.49917012
0.9617809160518751,0.98057353
0.49882972481367205,0.5017831
0.5061288564152321,0.49997148
0.507433805399761,0.5054377
0.6612059204737121,0.6645329
0.49889943051422503,0.4996921
0.5004044770249161,0.50013065
0.501161544190443,0.5023905
0.5004227315494191,0.5014428
0.843033093947075,0.85719883
0.9588213113492091,0.95418113
0.5025585048859811,0.49590442
0.942600751352861,0.92707396
0.514887871122343,0.5010679
0.502725424389006,0.50080425
0.49873597925853,0.5005
0.9036726353821941,0.9135799
0.8176377904171601,0.83033544
0.501762493715577,0.5015126
0.820921826326644,0.8524372
0.503683629772092,0.50627196
1.0,1.0058454
0.9391405122655121,0.9322397
0.5105881384987281,0.51229197
0.9646312596894331,0.95205104
0.784550001333089,0.73532057
0.499648936267201,0.501083
0.918427230046948,0.9325141
0.504082193788851,0.50228244
0.49811173289433003,0.49945283
0.5888835555823311,0.53091866
0.9052069330944821,0.9081309
0.501298943348574,0.5015511
0.5013446003806771,0.5018563
0.9560347672951691,0.95496464
0.509270386400563,0.49626586
0.509910102598765,0.50243556
1.0,0.99382484
0.504089239106641,0.5017974
0.7096362414848211,0.7437284
0.508847345707461,0.5013674
0.852736712648628,0.84511983
0.5240356868106201,0.52789253
0.9101445812842881,0.9135799
0.863630926042922,0.86673427
0.5016232342467101,0.50097144
0.49893353652929906,0.49857682
0.49514659565078906,0.49774843
0.500573224566362,0.49959353
0.772030930152757,0.7911655
0.7961849331008211,0.85781896
0.49885544970926204,0.50156516
0.8646962369656971,0.86082965
0.503429611890382,0.50166726
0.503749774589987,0.5015159
0.500196483219839,0.5009449
1.0,1.0035152
0.516024673979219,0.51579046
0.512280147643165,0.51203984
0.927542205161848,0.9177508
0.899359008789801,0.90575665
0.9357888013902531,0.9215437
0.5049700113765171,0.50709516
0.49915527454453507,0.50064516
0.497659473213426,0.5031516
0.505155180432599,0.49590442
0.8328515628674741,0.8216692
0.9256714374129861,0.9308851
0.9664258596814511,0.9754736
0.520812486233047,0.52109355
0.5692107631951381,0.57422507
0.7413690476190471,0.7413815
0.49333263125343,0.49651453
0.709857507214472,0.7029382
0.9204052786337271,0.9275585
0.49990608997482505,0.49917012
1.0,0.9975087
0.5015458071336281,0.5112989
0.5006955946478261,0.5000772
0.8688699616857191,0.86604834
0.9452966681910311,0.9310123
0.5842932052384271,0.5840364
0.9529736504271431,0.95411116
0.9175471218219711,0.920181
0.495188167333284,0.5035249
0.505523239257324,0.5007878
0.503429611890382,0.50166726
0.9861132149938381,0.9733205
0.492634696383396,0.5019365
0.49944447405080905,0.50110763
0.613561020569389,0.5927153
0.505821191673363,0.4984527
0.498640900853885,0.5006892
0.506310944728611,0.50588447
0.49855463791498306,0.49921742
0.9487887771632351,0.9428392
0.502088980303765,0.50127614
0.786538707793478,0.8121268
0.49645676428022906,0.49841306
0.501418997162556,0.49944493
0.5021934746739201,0.50013626
0.497356705623326,0.49553058
0.6355221823607731,0.63620895
0.8457345230412651,0.85342807
0.9793087313355421,0.9768258
0.7711839995130131,0.78772575
0.8292593290948861,0.8119592
0.563641709340396,0.5528419
0.561897725436328,0.55834454
1.0,0.9961443
0.505495127165774,0.50390786
0.49963142192520704,0.49917012
0.49932753335914004,0.50108904
0.505724108803936,0.5055336
0.500949894442691,0.5020738
0.5002623458294411,0.5009429
0.9756459278613441,0.9794607
1.0,0.9974076
0.49676203921370704,0.49792495
0.956685576632131,0.9511224
1.0,0.9990006
0.792572823230382,0.8147208
0.49801935757019605,0.4991003
0.8112535612535611,0.82594454
0.787687383744836,0.8063988
0.48852418588796204,0.5048293
0.5004227315494191,0.50222725
0.838124378793566,0.8323311
0.504082193788851,0.50228244
0.5004044770249161,0.49987084
0.507247798075759,0.501918
0.7191269101187111,0.6885701
0.569301355004153,0.61832666
0.9544753064311671,0.9417326
0.9224035053628561,0.932176
0.504315391092799,0.5090685
0.500323675707262,0.49924415
0.5034877628119611,0.50319207
0.61826446520194,0.5927096
0.49963142192520704,0.49928108
0.5020116578658751,0.49921525
0.510730487049202,0.5104311
0.8908912572101421,0.8865534
0.9648629148629151,0.9655575
0.7700870314256261,0.76846904
0.782469426823103,0.7873153
0.963300165300455,0.9734391
0.513001876614493,0.51989657
0.498713552170488,0.4986198
0.501502943472516,0.50120175
0.8471885816318531,0.87165797
0.6093915636560481,0.59025025
0.49835246090225205,0.4992518
0.501549133847647,0.50132203
0.49906825143667205,0.5072132
0.5150450162774101,0.50221956
0.498713552170488,0.49887928
0.5094758426478541,0.5059357
0.9599756569294381,0.97653425
0.49934563800066806,0.49846095
0.8601488095238091,0.8848291
0.49811173289433003,0.49945283
0.49619140048702304,0.49705976
0.873220817643054,0.89073396
0.505654235387066,0.5081585
0.511714990926265,0.50723886
0.496194063647011,0.5003037
0.915155048427262,0.91311955
0.49333263125343,0.49828562
0.5028536296709181,0.50431913
0.825475110524981,0.8223177
0.508875024437721,0.4974352
0.93485998325216,0.9440557
0.49950778109993804,0.5003528
0.837929958314351,0.85756576
0.9109462429732491,0.90636224
0.501035434220469,0.5004519
0.50001371170741,0.50011075
0.9246370583572071,0.9294135
0.967846850207789,0.9735806
0.772030930152757,0.7617113
0.803622146564763,0.77685374
0.5784543218640641,0.5740709
0.830131676285341,0.7062436
0.9528502584385321,0.93848264
0.7058673469387751,0.7056639
0.49983992584833503,0.49995285
0.5298109019199081,0.6464725
0.9759092372437931,0.9768258
0.503079944968279,0.49879485
0.6319862090638261,0.6514728
0.8158559285471371,0.82481605
0.50052093191691,0.50205934
0.497659473213426,0.5009503
0.8838599457216231,0.8840362
0.49983992584833503,0.49984193
0.5042355641935,0.50238204
0.946776990552288,0.94033015
0.8167567063869331,0.83145434
0.512402079358678,0.5124455
0.57069834127745,0.55745614
0.8362799239610971,0.82633936
0.498409922024635,0.49977356
0.49854734973614906,0.499829
0.49861386754551706,0.49879485
0.5044915963063561,0.5033462
0.621873684599621,0.6464725
0.499354866055418,0.4984266
0.500642846832961,0.50059724
0.499244204140023,0.5012169
0.514200338433747,0.5143528
0.50002312641829,0.49987417
0.905250371552739,0.8755833
0.5028966862326061,0.5000087
0.5124262633911421,0.50369936
0.49893353652929906,0.49852985
0.495611661615788,0.49820542
0.498409922024635,0.49929833
0.515010946907498,0.6297444
0.9020170057651941,0.8891851
1.0,0.9976441
0.912113728769752,0.934282
0.947856866569552,0.8838562
0.49823317499747805,0.49913508
0.506902461127813,0.5092307
0.687309175379714,0.6565036
0.5340020018069941,0.5441521
0.8382864103941121,0.842056
0.506902461127813,0.50933677
0.49886676557566406,0.49954557
0.864814814814814,0.8672955
0.8608973914206951,0.8525047
0.5017722185225371,0.5000719
0.976324545935577,0.9751977
0.9784844579063341,0.97723114
0.9086240144348211,0.91129047
0.764632309722824,0.7686372
0.500916349419921,0.4992091
0.487872102992473,0.49573362
1.0,0.9396623
0.496682386908857,0.49871805
0.501296629358374,0.50214165
0.9617348627093371,0.9036604
0.500976717881447,0.5030145
0.49763998039973306,0.49825495
0.500687922686139,0.49890554
0.8688460787404251,0.8844796
0.9234004164218551,0.9249176
0.49983992584833503,0.4999044
0.501229055294669,0.49934784
0.5104663200551041,0.5074636
0.49863013576295806,0.50831234
0.5248012601566351,0.5240024
0.9335038028816871,0.93540454
0.95053650049572,0.9351547
0.49626525855393305,0.498514
0.5004044770249161,0.49987084
0.5010454538107141,0.4992302
0.9055725875953111,0.92827684
0.49175242167297406,0.49983928
0.9861823361823361,0.9756414
0.49941293093065103,0.50238764
0.956391314757794,0.9675447
0.964565295815296,0.9778843
0.856623081529803,0.85173535
0.9503708238581261,0.9471454
0.533755867688099,0.5283436
0.49922349136945404,0.49987426
0.5169146135274,0.5181062
0.9016154518707781,0.87711674
0.498036659797612,0.49879485
0.509918241864469,0.49815252
0.832620248150952,0.8365191
0.572081006488672,0.5775101
0.9277874529649991,0.9405336
0.8682276154734561,0.8722451
0.8584153832581171,0.8448521
0.592976387855713,0.6645206
0.9665437262032991,0.9487881
0.9097353286435541,0.90805817
0.5177395233947061,0.5113567
0.507088372589073,0.5123934
0.7964875959361261,0.7675223
0.5218110593110591,0.5444444
0.499827204468106,0.49909002
0.5007177389584461,0.5012781
0.8946755982951231,0.9006244
0.49234655042052006,0.50262624
0.796816158824285,0.80300635
0.50001371170741,0.50011075
0.926419602061024,0.9257884
0.622301343616655,0.6678995
0.500695032837249,0.49989402
0.947486201441141,0.94518894
0.499240349947895,0.4998339
0.49675294502618206,0.49651453
0.501047084685711,0.5006774
0.5053469557967321,0.5145427
0.500659396564038,0.500924
0.6366742551354091,0.6836103
0.5138293481436861,0.5105293
0.5041389892275611,0.50721407
0.942216646683911,0.94719857
1.0,0.9982915
0.9574250513775121,0.970209
0.500511544482512,0.49953908
0.500565197105398,0.4988446
0.5012948228396791,0.50067896
0.8112535612535611,0.8253051
0.8175666430935691,0.80946374
0.49932753335914004,0.49928725
1.0,0.99790525
0.49893805928350604,0.49876207
0.49892143726581606,0.49873638
0.9097490682977171,0.92486495
1.0,0.99895024
0.49612913845605705,0.49897653
0.500368344483629,0.4993494
0.495611661615788,0.49812764
0.5068251245199561,0.5035934
0.9438202247191011,0.9379869
0.5016448866728,0.505512
0.510616629382825,0.4996938
0.9429578235166991,0.9426062
0.5029671218750751,0.5020516
0.961716427553831,0.9581818
0.515566606389391,0.51734066
0.5157655583731571,0.5252143
0.9202630205508701,0.9271521
0.9590823970037451,0.92144626
0.487872102992473,0.49578714
0.8347020991435361,0.8477773
0.49847476946715,0.5004852
0.49993347492712303,0.4989194
0.9265494932922741,0.917741
0.9087935100130221,0.8875087
0.5612837382143461,0.54211223
0.50001371170741,0.50011075
0.9686605405806671,0.9707356
0.9220508722461741,0.92660964
0.5004052662650771,0.49946007
0.692828316835669,0.6432428
0.9019101425881081,0.90014607
1.0,1.0004493
0.500827474773271,0.5021058
0.8417138493420661,0.8517312
0.519491270653702,0.52025473
0.518148341244012,0.509365
0.507395884228653,0.5076027
0.947903059902189,0.95850056
0.9395833333333331,0.94049823
0.7933078199463741,0.82909405
0.5021451451704231,0.5035078
0.9278885696354571,0.9261346
0.798793165168165,0.8028872
0.863097485028628,0.8916036
0.49866589658526905,0.49921525
0.499085430419937,0.503226
0.50453527926525,0.5063065
0.5020116578658751,0.49885136
0.50014723271575,0.49850452
0.497209265584415,0.49810606
1.0,0.9989885
0.49759714044130104,0.49892223
0.704397864429377,0.7034768
0.849396135881462,0.8577609
0.49333263125343,0.49651453
0.9350627810466101,0.939343
0.956427235176273,0.9490013
0.9354322907445731,0.9490838
0.8611262378151421,0.85942507
0.911583649761538,0.91627437
0.499161289745196,0.49815425
0.499512079911519,0.49937624
0.8288267880822381,0.7132391
0.648681584580151,0.6482279
0.7905920742950101,0.80300635
0.49876826102715605,0.5020163
0.49921964899393206,0.49872932
0.49632471191387906,0.5323749
0.7058673469387751,0.7056639
0.580782135059701,0.5787169
1.0,0.9996642
0.852817223153108,0.8734203
0.500642846832961,0.5004853
0.511040367818107,0.4984527
0.52353271165223,0.50274235
0.49227132232751303,0.4951035
0.805444482096464,0.7839151
0.5000070911811201,0.5001543
0.497887008795708,0.5020305
0.49918770066295604,0.50043243
0.9604668454850551,0.9661573
0.50399813453422,0.50482523
0.5007772343574101,0.49958548
0.500511544482512,0.49953908
0.9890742363139841,0.98671055
0.9553741015982571,0.9411225
0.9034312095388781,0.9080409
0.8161724479654291,0.8229507
0.573676223490562,0.5737708
0.49947445958747605,0.4997536
1.0,0.99768966
0.500033000362297,0.501021
0.9836489720882031,0.9733205
0.805119184205033,0.80300635
0.726442071805904,0.87800133
0.772794251804322,0.76806474
0.5056218246562301,0.50574595
0.9260683760683761,0.89957374
0.519725779621613,0.51969415
0.884805759967598,0.9081309
0.894776793269144,0.8826714
0.49198630188903203,0.50178456
0.5012948228396791,0.50011057
0.936562909175887,0.94120985
0.9507749186680771,0.94518894
0.548189501504825,0.50262624
0.893296120182511,0.8895224
0.650516502561538,0.6030389
0.9344092448694951,0.9343839
0.941254340569569,0.94975233
0.498263375631296,0.49873638
0.8657031388156241,0.8517322
0.49813759343838804,0.5044977
0.49333263125343,0.4984527
0.87827274361047,0.88285017
0.500757065297619,0.50242925
0.508249434237319,0.5098763
0.49927350117714603,0.49991256
0.49514659565078906,0.5006816
1.0,0.99512917
0.500659396564038,0.50166184
0.903647683080503,0.88086784
0.90224904847663,0.920181
0.497652576874736,0.50203335
0.49932753335914004,0.49928725
0.588358318018763,0.59528464
0.9103205628741591,0.9123306
0.923879009681815,0.91991174
0.6873608520764101,0.6615982
0.499648936267201,0.50017214
0.5004070501062431,0.5001301
0.8991219461095981,0.9096494
0.49900207084731,0.49522403
0.5006407417551351,0.49999037
0.5004044770249161,0.49987084
0.776372205075144,0.78940254
0.500708693152706,0.50011075
0.8555969693551471,0.7457525
0.49947445958747605,0.50006604
0.49908561318925704,0.5156329
0.49652035514771403,0.49924314
0.9446048710341671,0.943379
0.49527758172628006,0.4984527
0.605487190634389,0.6019228
0.516024673979219,0.5171089
0.49528512531366603,0.49940035
1.0,0.99468994
0.51534897023822,0.51783794
0.8558222532578431,0.8636745
0.5004070501062431,0.5004427
0.9813207561339381,0.9776568
0.8765812427063471,0.8854971
0.49806361374627006,0.49918765
0.501573426604507,0.5015511
1.0,0.99165624
0.9501964341437441,0.95666325
0.49990608997482505,0.49960148
0.52026791283948,0.5441388
0.498769981174049,0.49885136
0.746096109551249,0.74368495
0.504740465822162,0.5160527
0.496219894771151,0.5021058
0.49854347189868004,0.5013635
0.498409922024635,0.49977356
0.9587181691688791,0.9670531
0.82111289687455,0.8081319
0.9036726353821941,0.9135799
0.5001223941650711,0.50157833
0.5088858308942951,0.50139254
0.965196845240274,0.96566266
0.9087935100130221,0.8919378
0.505651815038445,0.50810534
0.49963142192520704,0.49948275
0.497604531158823,0.49929863
0.7953089934749671,0.79238904
0.500239914586007,0.49977356
0.500237754817213,0.50163764
0.503391126068324,0.5032315
0.7930262863925851,0.78624487
0.49943205509064903,0.5010908
0.498263375631296,0.49873638
0.630860649681657,0.5996264
0.499378615141481,0.5004519
0.9601715686274501,0.96193016
0.5063412936089561,0.5044363
0.49893353652929906,0.49857682
0.9428574436876511,0.9519432
0.854621830853561,0.8435022
0.5039915038293621,0.49918664
0.5001444302225551,0.50085706
0.501762493715577,0.50073636
0.799708175451567,0.7573456
0.9218902187794171,0.9446066
0.5822087202792591,0.5603309
0.496349282877429,0.4992781
0.492458183597253,0.50627196
0.749108674878176,0.70776117
0.6315951665888071,0.64909184
0.8461324073671991,0.83539766
0.5119932991843741,0.5133779
0.8814686269964781,0.87070537
0.49717805727789005,0.4992259
0.904357572919642,0.90644896
0.49676203921370704,0.49792495
0.49781613799915103,0.49939218
0.510373119419272,0.5412335
0.500672748462896,0.50002444
1.0,0.99856997
0.501298936759786,0.49963117
0.8882926174548921,0.8761937
0.503363555704562,0.50502676
0.49459843295655503,0.4988848
0.497637390281559,0.5019365
0.902549165265312,0.79167175
0.500912125521858,0.49969617
0.5299269054971071,0.54038984
0.508464207388395,0.507844
0.969352179965387,0.978348
0.9615495933547511,0.96988755
0.493204008775297,0.49778593
0.5013120857916891,0.50058097
0.761727947195293,0.7668904
0.9879353233830841,0.9894784
0.496682386908857,0.4987363
0.5706504097621571,0.58711344
0.49484753277226906,0.5032315
0.6706031899541001,0.6536258
0.918312897683594,0.9499507
0.49651688659367404,0.49828467
0.8933440628806111,0.8880555
0.5002878058029441,0.5031936
0.9918699186991871,0.99591225
0.502895922392361,0.5038507
0.5002878058029441,0.5006622
0.8516412751333571,0.85866576
0.8953778003121781,0.8812788
0.611393838823152,0.61388904
0.835459207581245,0.8458327
1.0,0.9994435
0.9793870917871871,0.97655964
0.501411783808094,0.49929732
0.559280703499997,0.5304644
0.500573224566362,0.49959353
0.716162383069309,0.6859874
0.500119604378338,0.49929732
0.500558013856718,0.50011075
0.503742349992312,0.49883026
0.5007841294916691,0.5050302
0.499827204468106,0.49879047
1.0,0.9972292
0.9312240468768831,0.9505761
0.8408031568239921,0.8223177
0.504556372306183,0.5010905
1.0,0.98687017
0.503745156109463,0.50344115
0.8041650686749391,0.8026218
0.5103780292634781,0.5076226
0.570829947924952,0.5776942
0.5260479067970351,0.56560695
0.869114138936788,0.8756621
0.6830496816238261,0.7215261
0.5154006930502331,0.51337206
0.49717805727789005,0.49974737
0.8742839411955661,0.8501327
0.49774319456414706,0.4984391
0.517053184768109,0.5129292
0.49993298366737504,0.5000356
0.5008933554242181,0.5000719
0.6871711588718681,0.70776117
0.9611140753731251,0.9455444
0.5012948228396791,0.50028557
0.978875283446712,0.9816538
0.49706711810160203,0.5013635
0.7095630551787561,0.65209854
0.645212830968611,0.61969066
0.49674203845581805,0.49884695
0.9970588235294111,0.9931494
0.945240878885738,0.9557612
0.961058038489053,0.95348454
0.49811173289433003,0.4998053
0.49983373386925406,0.5000719
0.501610266277696,0.50054586
0.49963802310328304,0.5007665
0.49950778109993804,0.5003528
0.9744976896112091,0.9627125
0.921911448066787,0.93455386
0.511469070080739,0.5116771
0.498968339374296,0.5007011
0.50001371170741,0.50011075
0.5138293481436861,0.51102424
0.683584032368687,0.7047962
0.680371503161167,0.5952799
0.49856532731203707,0.48717698
0.558996136813813,0.55120146
0.49570325416230104,0.49823773
0.8395005040476161,0.8444001
0.8201095657668741,0.85342807
0.557174102469945,0.52649957
0.8631534895978551,0.8511651
