true_mean_similarity,predicted_mean_similarity
0.9393776256088371,0.9402244
0.4968450207637,0.50046283
0.5033328337667,0.50083065
0.947873681873682,0.94054335
0.9456821339043051,0.9374476
0.5153745760552191,0.5058808
0.513284405554135,0.5158728
0.506998487683013,0.5025593
0.5008933554242181,0.4999802
0.49963142192520704,0.49933532
0.7832128581897451,0.8005686
0.880513167540196,0.8616336
0.5059716310969551,0.5012185
0.855483492664699,0.8354857
0.8194429528804531,0.83289665
0.500380311865968,0.49987257
0.503391126068324,0.5039662
0.49781613799915103,0.5009775
0.542082864614377,0.54307514
0.9705695289882541,0.9301943
0.515010946907498,0.6684663
0.8680199587595471,0.8398009
0.496682386908857,0.4988076
0.499444879647826,0.4988458
0.687918600651341,0.64048356
0.540605356418506,0.54408175
0.8112535612535611,0.8227431
0.7186277892799631,0.70113117
0.9724884531411041,0.9778015
0.8839092997284391,0.87995434
0.49845784180388203,0.50238186
0.9375,0.94582206
0.502419648188839,0.501072
0.499381135713136,0.49999714
0.502892746368039,0.5001414
0.497214065344852,0.502105
0.500565197105398,0.49884155
0.8112535612535611,0.81876427
0.496748941012416,0.50263643
0.899718413463176,0.8963455
0.5528084480377531,0.5842188
0.49918770066295604,0.4997029
0.9375,0.9337229
0.7518525379677561,0.7353045
0.9101379731461361,0.9123595
0.501590801559402,0.5009926
0.918427230046948,0.92204285
0.49521460941190903,0.49794275
0.5117977892087541,0.50739044
0.49963142192520704,0.49998486
0.905109159165917,0.91528845
0.587559208116699,0.60514617
0.499216590530812,0.50146854
0.591977578312594,0.52930266
0.873220817643054,0.89809084
0.575526401090739,0.59651566
0.504060008676797,0.49973992
0.49990608997482505,0.49998486
0.500237754817213,0.502236
0.9650879180178831,0.97429246
0.583230389958409,0.53971183
0.973534338358459,0.9720006
1.0,0.9996737
0.555187261607894,0.5660089
0.9621707757585921,0.97074187
0.8418377521201981,0.84089464
0.5139032650062451,0.5171994
0.49915527454453507,0.49961698
0.8162328719050731,0.82908845
0.503749774589987,0.5019776
0.49983992584833503,0.49981132
0.49927350117714603,0.49934426
1.0,1.0012556
0.5052373247055041,0.50495607
0.5637745289164461,0.5489201
0.9694796617914301,0.9680068
1.0,0.9970502
0.584367750885172,0.58396304
0.49988837093825506,0.49885058
0.6332789160988731,0.6319318
0.7996957467869331,0.81172884
0.5835441141630321,0.55862993
0.503204806454132,0.50226325
0.943106605733763,0.9414795
0.9688404510501091,0.9627592
0.5474410753246051,0.5477326
0.5956979231314781,0.5984576
0.8448049547106391,0.8400279
1.0,0.99885905
0.9487840915508341,0.9455161
0.9375,0.94560426
0.502223017268784,0.5018704
0.5129133641797771,0.5133679
0.956779526295592,0.967895
0.50182620290123,0.50049067
0.8507505584201591,0.83771074
0.9205993653804051,0.92563957
0.497532833861179,0.5045557
0.869571707043253,0.86895335
0.88260290461067,0.90355796
0.504060008676797,0.49979255
0.9313719760601741,0.9726106
0.8909710301307031,0.910654
0.5245749639724181,0.5252399
0.5004031956281041,0.5011706
0.8887916533136311,0.8791935
0.9338771770182871,0.93061346
0.9311015846141211,0.9333081
0.500672748462896,0.5003685
0.504080370892107,0.50234514
0.500558013856718,0.50036126
0.579802321257461,0.5662934
0.500316846678864,0.49933532
0.5956513095335021,0.6168107
0.510416826133754,0.5088822
0.504481530931859,0.50248075
0.5158661292727731,0.51317066
0.49895693491174103,0.5001537
0.5089050586929,0.49645868
0.49950778109993804,0.5003596
0.5002878058029441,0.5001146
0.7917877708027301,0.8202855
0.49852733247435504,0.4977431
0.501129102107093,0.5089315
0.572460876532335,0.60410786
0.7058673469387751,0.70551866
0.653662802526633,0.717159
0.502090650697258,0.50087404
0.8869985048658301,0.8916974
0.942659667051681,0.9255552
0.828187197002468,0.8439856
0.6901695316927681,0.6552344
0.5004044770249161,0.4998006
0.5127845601073301,0.52449775
0.5001564666570131,0.50009507
0.9815000115515661,0.97344583
0.932769360676288,0.92971057
0.928841003745526,0.94273055
0.50052093191691,0.50009614
0.501073859387226,0.50044066
0.7186277892799631,0.69680977
0.513050703884202,0.51688534
0.500380311865968,0.50180614
0.5007841294916691,0.50917107
0.49892143726581606,0.4983278
0.498409922024635,0.49898827
0.497593727196508,0.49973992
0.951859727859728,0.95212126
0.88370234309075,0.8900235
0.7890398174116541,0.81084037
0.580782135059701,0.5790583
0.564890569566141,0.5621365
0.8908042089691101,0.90286946
0.5035755022638091,0.49719965
0.511714990926265,0.5061061
0.49876826102715605,0.49950352
0.502088980303765,0.50022566
0.515722418903195,0.57262594
0.5024952815700411,0.501072
0.495183647340915,0.51463854
0.7413690476190471,0.7409232
0.49198630188903203,0.50051427
0.9121714048342681,0.92482525
1.0,1.0051353
0.506526992377176,0.49880868
0.51887843089407,0.52753776
0.49893805928350604,0.49913475
0.501035434220469,0.50055355
0.500380311865968,0.49987257
0.8398718752740381,0.8399366
0.711904792049846,0.7249716
0.988365412890097,0.99085504
0.5450338890503761,0.55504054
0.903449900993556,0.9065092
0.498263375631296,0.49777132
0.49781613799915103,0.50089896
0.8831069358480501,0.8790152
0.5128665457775821,0.5025753
0.9651266909614231,0.95265967
0.6804814044860851,0.6585735
0.935761783717947,0.9484135
0.830905505952206,0.8478224
0.49824434824434705,0.50520235
0.9558228500345141,0.95529985
1.0,0.99794567
0.507419432419432,0.542916
0.498640900853885,0.50112075
0.496878083137183,0.50494593
0.49854734973614906,0.49952248
0.5039343467878831,0.5028072
0.508385695965164,0.5007952
0.6963604446040571,0.66912806
0.5938193060511271,0.61039114
0.500209470734033,0.5005713
0.49556636023272904,0.5057153
0.500695032837249,0.50038797
0.524886038826013,0.5251276
0.49886676557566406,0.50004977
0.7586366626195631,0.7313465
0.8622306768233821,0.8504619
0.9754436179970171,0.9724659
0.5045311973494211,0.50140136
0.49459843295655503,0.49804106
0.856928496083144,0.8246777
0.8210765908413811,0.89741635
0.501298943348574,0.49939355
0.725286206217654,0.7296836
0.500848401244755,0.51015776
0.5082562574949601,0.50468874
0.49963142192520704,0.49933532
0.509039871774789,0.5038656
0.947873681873682,0.94459087
0.48472799246608705,0.50113475
0.49893805928350604,0.4991349
0.9620123942307041,0.96741015
0.500316846678864,0.49933532
0.8930981267522421,0.9014468
0.49648499410418806,0.5001387
0.806616293428793,0.82695466
0.500775568265259,0.5013611
0.9949677430222171,0.98892564
0.5003810968100031,0.49935198
0.500708693152706,0.5001356
1.0,0.99942887
0.8143192587687431,0.83447546
0.49971191282109806,0.49979985
0.49844358586777904,0.5003596
0.5046270154587751,0.49916357
0.9673204806435801,0.9714916
0.5002878058029441,0.5001146
0.7602212222679781,0.76258814
0.50337933341758,0.5028736
0.5055182626590631,0.5009815
0.8734401245668431,0.87128574
0.9599756569294381,0.974472
0.591977578312594,0.52933806
0.498263375631296,0.49822462
0.927755749806335,0.93003637
0.5004070501062431,0.49980783
0.498769981174049,0.49958283
0.50617551969551,0.5067817
0.833171633274809,0.84963757
0.841292144690394,0.87725335
0.857943787339653,0.8521582
0.500366546145096,0.49892038
0.5151300189385241,0.5239249
0.499648936267201,0.4998951
1.0,0.99867433
0.500708693152706,0.5009029
0.8771601573164831,0.9060752
1.0,1.0094839
0.49703101345695705,0.5001387
0.499240349947895,0.49902782
0.8141318887105401,0.8140586
0.5019614770753831,0.4992486
0.965128998545361,0.9623149
0.9590823970037451,0.93300533
0.500708693152706,0.5010579
0.5018953537527511,0.5009285
0.587559208116699,0.6008606
0.506526992377176,0.50185347
0.49950405146004806,0.49999917
0.9179927477620701,0.90345395
0.499444879647826,0.49911553
0.502057555576312,0.5021147
0.499080687231277,0.5000276
0.501573426604507,0.5008283
0.86226984290699,0.8642139
0.501502943472516,0.5007863
0.9129340155648501,0.9212256
0.49763998039973306,0.49736038
0.49922349136945404,0.502588
0.853981573106478,0.8425594
0.498042911677041,0.49864772
0.553530481569084,0.53064036
0.5078200745761381,0.51053697
0.8114520975126891,0.8244038
0.745250777294428,0.71923494
0.9628526382494631,0.96731997
0.5067145830277561,0.5009717
0.9826561373385391,0.9695714
0.8958157675975721,0.8955144
0.7862602092563921,0.730739
0.862989302679926,0.83745426
0.792778526075658,0.82908845
0.957333584170695,0.95676595
0.9702300488193021,0.96690005
0.8612982287573641,0.85356766
0.49459843295655503,0.49838004
0.9622599767837351,0.9650028
0.9082583003444961,0.9080377
0.5059746407716791,0.5026702
0.937466265613742,0.9399821
0.49405649757381703,0.49533966
0.5368294586212451,0.52761185
0.597715505555226,0.5697447
0.574856296806553,0.6231143
0.5014056929986911,0.5017618
0.49651688659367404,0.5002421
0.867212189859734,0.88135976
0.8468338399189461,0.8495853
0.968392356942777,0.96913797
0.8742495583171861,0.86008865
0.7855934977880771,0.75509953
0.8545893719806761,0.96364933
0.501762493715577,0.50062996
0.988488863287249,0.9913697
0.505179601415907,0.5014108
0.49915527454453507,0.5004827
0.7506127450980391,0.73873675
0.914505185944225,0.919048
0.9191161176716601,0.915043
0.572081006488672,0.57721394
0.986384976525821,0.9804467
0.9608940919324611,0.95362246
0.8278290972352911,0.80736524
0.8499999999999991,0.837101
0.509189749576412,0.50021785
0.9181222559945961,0.9724327
0.572081006488672,0.57609206
0.500380311865968,0.49987257
0.8532246476701061,0.85699785
0.7034772182254191,0.88587403
0.49750156972143206,0.49804106
0.501035434220469,0.50055355
0.499745275795049,0.5000995
0.8980545835986411,0.9042322
0.5562472803235721,0.5616167
0.5042031056822001,0.5020199
0.50337933341758,0.50279504
0.5012948228396791,0.49934158
0.5001348147140401,0.5087322
0.9438202247191011,0.9251433
0.504873433214457,0.5100343
0.5075043154690161,0.5128071
0.512647812427223,0.5121988
0.523328088657601,0.5432452
0.5002623458294411,0.50074446
0.49844358586777904,0.5003596
0.49990608997482505,0.49981353
0.77513677142432,0.68748015
0.9504494527254681,0.94699574
0.9369666401811331,0.9376565
0.5045189655443191,0.50472265
0.49651688659367404,0.5002421
0.5565600834819651,0.55535996
0.50337933341758,0.50284433
0.838147038439211,0.84636205
0.9397277881959221,0.93324006
0.9661630811377001,0.98894775
0.500511544482512,0.4992601
0.5040744962950531,0.5065507
0.535457428502324,0.52233547
0.9150303947651871,0.9177353
0.49882972481367205,0.49957815
1.0,0.994961
0.881814413169093,0.8830983
0.524150319505521,0.67217064
0.502503087408384,0.5013309
0.49717805727789005,0.49973992
1.0,0.9968091
0.49993347492712303,0.4999059
0.9646151388355381,0.962639
0.592272885596498,0.611419
0.9047290160133871,0.91627187
0.9339782918033691,0.9661596
0.502883416936856,0.50231725
0.86448499882311,0.87527734
0.5397995900229821,0.5539002
0.49989718451914605,0.50084096
0.49962751847823206,0.5039006
0.8483674453348411,0.87197614
0.9192931769279761,0.91157746
0.9874031007751931,0.98676956
0.500312096715272,0.50044805
0.49852733247435504,0.4977431
1.0,1.0008923
0.8606459051587321,0.8645767
0.9694444444444441,0.98637915
0.49893353652929906,0.49840137
0.8622195405076021,0.86195815
0.499649106007011,0.5022052
0.49528512531366603,0.49974176
0.945240878885738,0.9599678
0.9824527660726081,0.98038805
0.500573224566362,0.50025314
0.706732128333392,0.68543816
0.923701733958026,0.92495674
0.49563445526456706,0.50354785
0.49893805928350604,0.49888504
0.5947574740461771,0.5958047
0.5055012830004411,0.49991134
0.502088980303765,0.5018424
0.947931181536323,0.94036174
0.512054929071461,0.5133097
0.506440628696415,0.50174326
0.5036433589507291,0.5051939
0.9824198690955981,0.9784315
0.50001371170741,0.5007488
0.9648707353252801,0.9608111
0.8242580677369561,0.7494606
0.553047927405079,0.545309
0.5039663022806561,0.5093352
0.809510902493154,0.7979967
0.497209265584415,0.4984691
0.517347529021572,0.52524817
0.49990608997482505,0.49933532
0.9565676398453111,0.9683515
0.9733946604604171,0.98076093
0.501540660075945,0.50025785
0.49777428022484205,0.5002291
0.832427452644059,0.848816
0.837897334938949,0.8297434
0.49514659565078906,0.4971384
0.605830828471284,0.62077546
0.49866589658526905,0.4996037
0.927703672799943,0.92163664
0.5006955946478261,0.50006974
0.9519189570242521,0.964127
0.812711530893348,0.7601787
0.5753086615168781,0.548885
0.49850894791787603,0.49762532
0.508146071122479,0.5062715
0.9628155789793261,0.95518315
0.902615302548571,0.89818096
0.59584798065737,0.5981522
0.6234959681746101,0.57400566
0.630250747642051,0.6308335
0.505769292249949,0.5025084
0.648931643269622,0.6303241
0.513301601867706,0.5103236
0.9228226254328181,0.9226954
0.909589720875516,0.8868304
0.499879448442118,0.4996329
0.5012948228396791,0.49914354
0.8468338399189461,0.8495853
0.895577761461224,0.78009367
0.501762493715577,0.5006592
0.49971191282109806,0.49979985
0.8287198523702841,0.84297615
0.5299961313748071,0.5246979
0.500912125521858,0.49951357
0.502216332264773,0.50047326
0.9523165177789451,0.9600995
0.9042189008824201,0.8880515
0.580966223698781,0.79645014
0.9231587255483831,0.9264523
0.751666666666666,0.7655407
0.49852733247435504,0.4978905
0.500511544482512,0.4992601
0.502541133194019,0.50504154
0.500573224566362,0.49933064
0.7893072590989261,0.8017359
0.49835246090225205,0.49933064
0.9330254677592931,0.9271316
0.534857024601064,0.55209273
0.5010245116463821,0.50504154
1.0,1.0274755
0.8164821641097111,0.77246195
0.9704092315699321,1.007391
0.502269076380052,0.4991671
0.9480286738351251,0.9435015
0.8132263396325891,0.80072045
0.49459843295655503,0.49804106
0.884293585199559,0.89686006
0.502741840418519,0.49838862
0.49945956534365404,0.49989852
0.49750156972143206,0.49858084
0.49970386444477105,0.49944246
0.9803536035454871,0.9791438
0.87299637785795,0.88417387
0.964028405330944,0.95052683
0.49821450771152404,0.5058306
0.497967164304757,0.50054896
0.504825813688346,0.5114051
0.953116093688764,0.9552732
0.504060008676797,0.49960694
0.501667976968812,0.50005877
0.49988837093825506,0.49939087
0.884128387782336,0.8896409
0.501867510462608,0.5005971
0.651648417712068,0.63341016
0.837754421212014,0.81878847
0.5002556446296961,0.5074069
0.9485331064212911,0.94880706
0.8638829608075641,0.8861568
0.9585818810231891,0.95237076
0.9686583092833091,0.9667098
0.497483394404772,0.49897707
0.497483394404772,0.49877903
0.49970386444477105,0.498929
0.9433691088356261,0.9472551
0.49893805928350604,0.49888504
0.518139534345597,0.516472
0.784550001333089,0.75114834
0.49781613799915103,0.50094825
0.49947445958747605,0.50011116
0.681834929259698,0.6114624
0.49652035514771403,0.49970695
0.49922349136945404,0.5035056
0.7397924490667931,0.7583493
0.5014244411815301,0.502489
0.8991219461095981,0.90335137
0.5264665627955251,0.6910794
0.49873105257614003,0.49999
0.49801623027393804,0.5002291
0.841358682133839,0.8379011
0.8309402242349261,0.8355529
0.495733118730651,0.53553224
0.8839092997284391,0.888606
0.8703718146797,0.8873245
0.924966528375441,0.9116002
0.9395833333333331,0.93938076
0.89616812150038,0.8910193
0.8488246021840471,0.842781
0.819739805130093,0.8256297
0.500079433225301,0.5028941
0.7179198354432,0.729334
0.5042144337518311,0.50177497
0.501959045419878,0.5009915
0.500079433225301,0.50087404
0.530737433884217,0.5814638
0.506724738675958,0.56927747
0.49963142192520704,0.49959716
0.5998951321994881,0.59831667
0.517850466733881,0.5055542
0.917981763782422,0.92274874
0.8753816702707631,0.8924453
0.5388489817413961,0.53306776
0.541316298885624,0.5440699
0.49934563800066806,0.4996329
0.49652035514771403,0.5000577
0.5004031956281041,0.5011706
0.9452890405791001,0.9413151
0.499381135713136,0.49999714
0.9108844027860951,0.91144925
0.8900907865130351,0.8794953
0.9682229504659411,0.9686312
0.501229055294669,0.49970695
0.6764382587173731,0.60805565
0.486409362116054,0.5039993
0.646579831204599,0.63451606
0.524474700365358,0.5203817
0.9920495873461341,0.981725
0.9841097868760451,0.95839703
0.503749774589987,0.5006781
0.51887843089407,0.526834
0.501073859387226,0.50048995
0.49834918344438106,0.49973068
0.498042911677041,0.49866018
0.8885245496076051,0.9401205
0.69499840650333,0.6374656
0.51869526615518,0.51935834
0.8247054250124921,0.7948235
1.0,1.0010372
0.498727156351751,0.5022575
0.5218810035019761,0.5240218
0.7885963055542761,0.79106873
0.5012948228396791,0.5011431
0.5331620314481711,0.5376934
0.49934563800066806,0.50011116
0.517492497494336,0.5178656
0.503791330313322,0.5031443
0.8383762314649731,0.83124167
0.497209265584415,0.4984691
0.49971191282109806,0.501992
0.51887843089407,0.52932864
0.87005274775713,0.838877
0.8531779401433651,0.8510878
0.7829734959020841,0.8168543
0.499580511765055,0.49954575
0.9663236540630831,0.9573417
0.5330497990017621,0.52756834
0.49893805928350604,0.49913475
0.8383662012191311,0.84697515
0.529689800707075,0.525156
0.503058335837557,0.50005203
0.522623598549792,0.5185807
0.751666666666666,0.75594735
0.502904196947717,0.5006993
0.976324545935577,0.9778265
0.49962812188890804,0.5041393
0.500237754817213,0.502236
0.585578042033664,0.6071141
0.692906155772497,0.6518149
0.9186138945233571,0.92164105
0.507128539256697,0.5078713
0.49690886747065205,0.5038656
0.6288813634817351,0.63646376
0.8128606072372551,0.7979351
0.500639462668055,0.5019764
0.5000402802899451,0.4999802
0.9830246504469821,0.9799632
0.5002623458294411,0.50074446
0.501229055294669,0.49968532
1.0,0.95931876
0.498766552650148,0.5133521
0.49927350117714603,0.49934426
0.50216019937624,0.50203055
0.798919550792059,0.81884223
0.49717805727789005,0.49973992
0.8144613023413411,0.8132347
0.8621503705197431,0.84688336
0.499879448442118,0.50028235
0.500079433225301,0.5004064
0.504761457652537,0.5014643
0.9815024006542861,0.95253474
0.5008236370590881,0.5010739
0.9580986566349321,0.9422198
0.49811173289433003,0.49933064
0.858767478035202,0.86215454
0.5178228375645161,0.5122386
0.9517795370083421,0.9453599
0.5099332062232791,0.51337457
0.5339102158586401,0.5265638
0.926697022835095,0.9484135
0.9861823361823361,0.98779374
0.592009687674937,0.60257363
0.6653625366004,0.5398523
0.9745285486740841,0.96477807
0.49858243160115107,0.49973992
0.9754546682490851,0.96690005
0.5024329781500451,0.49991134
0.588017347236097,0.5786158
0.49675294502618206,0.49553373
0.49893353652929906,0.49892607
0.918427230046948,0.9308837
0.8612091890949181,0.8480026
0.5166778381600621,0.5119705
0.501667976968812,0.50005877
0.501073859387226,0.50044066
0.500728741052317,0.4996037
0.49931859161911,0.5008014
0.49994078746352205,0.500853
0.49915527454453507,0.49961698
0.8693182380098271,0.8702519
0.9387251999760251,0.92207074
0.958184752807942,0.95517486
0.5004044770249161,0.4998006
0.8552904017656021,0.8627638
0.49260178355186907,0.49582243
0.8196819647725111,0.8308059
0.50361339539577,0.49878123
1.0,1.0110505
0.500239914586007,0.49990064
0.9556241269533681,0.8811433
0.500049712042373,0.5024901
0.49717805727789005,0.49956942
0.500119604378338,0.49900383
0.8959284100961191,0.8839206
0.49675294502618206,0.50131315
1.0,0.9986868
0.496682386908857,0.49860957
0.8231359292578591,0.8300625
0.49893353652929906,0.49858683
0.499512079911519,0.49933064
0.502069128920366,0.5001608
0.8517702491436511,0.8185539
0.8400089054202611,0.84583485
0.8547908735073301,0.84483993
0.49918770066295604,0.4997029
0.515062559632273,0.5128656
0.5095834444722961,0.5011918
0.49852733247435504,0.4977431
0.49983373386925406,0.5000679
0.8302961590425281,0.83526915
0.9039419594151761,0.8799539
0.49965957597160304,0.49973992
0.8077485284199051,0.7929047
0.984707314649175,0.9524264
0.504715041902541,0.50086874
0.49876826102715605,0.4993952
0.487872102992473,0.49843583
0.49835246090225205,0.49933064
0.975733783152789,0.9705653
0.6166667305115491,0.59031224
0.500642846832961,0.50074446
0.9286415700914721,0.91675735
0.8877902483633611,0.87934095
0.5236497877122871,0.5060028
0.6827128118794781,0.7222245
0.922559082550585,0.9178626
0.925444766778399,0.9236991
0.9231027673263411,0.90893394
0.8354056519768851,0.83318263
0.978679276588684,0.9775708
1.0,1.000809
0.50002312641829,0.4998951
0.500728741052317,0.49994266
0.919593707552486,0.9021905
0.5016448866728,0.50345874
0.970149064020509,0.96240085
0.5002878058029441,0.5001146
0.49676203921370704,0.49897707
0.8275928615222831,0.8222472
0.500239914586007,0.5000404
0.951189780275258,0.944209
0.49918770066295604,0.4997029
0.9344092448694951,0.9315354
0.5002878058029441,0.5001146
0.8669004377043661,0.88408196
0.9567200125076271,0.9562053
0.500511544482512,0.4992601
0.49811173289433003,0.50025314
0.50216019937624,0.5031776
0.5368688869751751,0.52925324
0.5008236370590881,0.5025762
0.5004070501062431,0.49980783
0.8507456376113771,0.84035844
0.499080687231277,0.4992601
0.5007573911272101,0.50111306
0.9435703086271631,0.9484135
0.873555489141262,0.89211565
0.5027219034810101,0.5011566
0.8972841336903841,0.8717526
0.7506127450980391,0.7373149
0.499449140651375,0.49760222
0.9477332944630751,0.9148344
0.49133636263816405,0.49731606
0.828606243630249,0.8395201
0.982368548048649,0.98552173
0.50236262417097,0.50354785
0.97160420387579,0.9772972
0.5002623458294411,0.50074446
0.522293155400642,0.5358677
0.504481530931859,0.50253004
0.502261347221173,0.5026702
0.49889195026633404,0.5024778
0.49993298366737504,0.50028944
0.500380311865968,0.49987257
0.6980402939934931,0.72691566
0.8219393917377871,0.8280025
0.9260061643319131,0.9128434
0.49989718451914605,0.5006698
0.63021669341894,0.62784404
0.49742291262251204,0.50138676
0.5463401293421191,0.677537
0.49521460941190903,0.49799204
0.500672748462896,0.5010877
0.508028582376976,0.500953
0.508529127967635,0.5095801
0.49970386444477105,0.49944246
0.677784428482752,0.69045776
0.505559209215174,0.50141114
0.50002312641829,0.4998951
0.5006030186379921,0.49847776
0.49893353652929906,0.4985867
0.642189370533298,0.61715865
0.934427760461714,0.9132682
0.785963896193676,0.7557142
0.5002878058029441,0.50034815
0.8884588215260021,0.88026696
0.960322786225384,0.97623235
0.5122169176453231,0.5138952
0.571192543159454,0.56493294
1.0,0.9990154
0.9497072990914511,0.80877477
0.7980122981333081,0.84301144
0.940792473197078,0.95179546
0.500380311865968,0.50035083
0.500695032837249,0.5004726
0.958793167842455,0.96805733
0.49855943950207804,0.51163125
0.9656155407682491,0.9641863
0.6402835828069471,0.6490024
0.8495357923027561,0.84697515
0.499304703760638,0.51066446
0.9088315335769471,0.9004531
0.5029253622266711,0.50087905
0.877407456711183,0.8648949
0.9097304894179891,0.90349054
0.500554905299309,0.4980946
0.49963142192520704,0.49933532
0.5080708013770551,0.5057388
0.49717805727789005,0.49973992
0.940157604527557,0.94896084
0.487872102992473,0.4991798
0.499157705003604,0.49297693
0.9385417840500221,0.93620306
0.5008108803001451,0.500173
1.0,0.9335681
0.832003262464261,0.8356127
0.503760568871786,0.5094782
0.989886219974715,0.99209166
0.9523165177789451,0.956052
0.509701808319815,0.51254606
0.7413690476190471,0.7409232
0.49892143726581606,0.49841738
0.9845411861036861,0.9597445
0.86763528120879,0.88955384
0.971395607658991,0.9710007
0.6552402704272281,0.71444076
0.9441319208516591,0.9494722
0.86698167300143,0.8874664
0.49994656236074503,0.49973992
0.8008894545259421,0.7942618
0.498263375631296,0.49777132
1.0,0.9616212
0.8725118975933841,0.86750287
0.515010946907498,0.6752785
0.497324240497488,0.5017512
0.841292144690394,0.88590497
0.49892143726581606,0.4983278
0.763068122582337,0.6595167
0.59757886321621,0.6289775
0.49947445958747605,0.4996329
0.500113101644535,0.5029591
0.503815015844245,0.5014643
0.9495351955415461,0.95395297
0.49970576313588105,0.49991134
0.8862514763883511,0.88337725
0.830774987156431,0.82623214
0.5037179264391181,0.5022575
0.500642846832961,0.50074446
0.49947445958747605,0.4996329
0.786538707793478,0.79845315
0.49676203921370704,0.4992925
0.49872768328390704,0.50172246
0.9122712318521611,0.9050799
0.49909013291806703,0.5005924
0.498769981174049,0.49973992
0.9094595585856781,0.9177064
0.503857000750013,0.5034254
0.9480286738351251,0.9456858
0.502924408777583,0.5064543
0.8627956338664061,0.8479221
0.883691756272401,0.86555684
0.500594869429494,0.5345122
1.0,1.0097884
0.503540713397657,0.50418997
0.5019976111109671,0.50266725
0.8883589342756021,0.9069106
0.954952119551682,0.94761825
0.751666666666666,0.7658605
0.790889043466629,0.77945656
0.499580511765055,0.49954575
0.49965957597160304,0.49973992
0.49983992584833503,0.49981132
0.499580511765055,0.49973914
0.49887800524122206,0.502008
0.500573224566362,0.49933064
0.605776254808832,0.57609075
0.8091633817550481,0.78431404
0.516207602807641,0.5036349
0.8509182415402331,0.84301144
0.6795587583646261,0.64971894
0.864814814814814,0.88156503
0.989275421984355,0.9862575
0.499381135713136,0.50133455
0.492952068076894,0.49762085
0.49994165254558504,0.5002777
0.501103413035602,0.50174165
0.5008394265524541,0.50654393
0.574428151440466,0.5768206
0.500511544482512,0.4992601
0.5108585142348301,0.5020199
0.6950652542189351,0.6537691
0.874766467156415,0.89908975
0.8899031420363951,0.88297576
0.500454067453571,0.49980783
0.501549133847647,0.50111306
0.9516716256294301,0.94887435
0.971690327091917,0.65442824
0.49998051952632505,0.50495607
0.942290051714971,0.9697596
0.497209265584415,0.4984691
0.496682386908857,0.49912304
0.8468338399189461,0.8495853
0.7739649513837571,0.7856903
0.49983373386925406,0.5000679
0.8758354003224401,0.8610352
0.5029671218750751,0.50129926
0.9289779746669141,0.9374476
0.9395833333333331,0.9371397
0.5807203820485071,0.5774939
0.49882526449478803,0.4983539
0.500119604378338,0.49982032
0.918509651293636,0.9173262
0.7412204208884701,0.72767466
0.864814814814814,0.8636389
0.500079433225301,0.5004319
0.992878028404344,0.9881105
0.503749774589987,0.502091
0.9860502079619721,0.9875265
0.708731519987388,0.8483261
0.640520712929993,0.5978123
0.615186025415951,0.5613068
0.8022944186995831,0.77837723
0.6269353367158701,0.65158373
0.500933190170417,0.5049081
0.505214809901687,0.50798714
0.9648707353252801,0.9648586
0.7701205517749261,0.70404744
0.49608867493714204,0.49891296
0.502880004967662,0.50194556
0.9154144249235191,0.9260536
0.5667485132879501,0.55737466
0.850347336522121,0.8273769
0.5028540413116961,0.50191724
0.895126464051698,0.88174134
0.49657564110685104,0.49951357
0.7517585887092231,0.8001933
0.500380311865968,0.50035083
0.701720000521947,0.7036302
0.49970386444477105,0.49819997
0.905253017504944,0.91425306
0.5004227315494191,0.50058067
0.49651688659367404,0.5001928
0.506902461127813,0.500849
0.500949894442691,0.5025139
0.500728741052317,0.49973172
0.6928573927874011,0.85892373
0.49972096481360606,0.505129
0.88839448517099,0.88719547
0.8249122950272371,0.8538213
0.5061101343955441,0.5039527
0.735021130625474,0.741543
0.502141820088805,0.50108546
0.5139032650062451,0.5185807
0.502979235916934,0.5117467
0.972553160657849,0.9601589
0.8760266982700441,0.8841481
0.49629283972373905,0.4988993
0.613561020569389,0.6175131
0.49966439687565206,0.5000577
0.5019054264316231,0.49952602
1.0,0.9989791
0.9661630811377001,0.9943684
0.8959848394761301,0.8955144
0.524091118316374,0.52857137
0.49963142192520704,0.49981353
0.873923999877635,0.8737636
0.8105262497798671,0.80635995
0.498409922024635,0.49885058
0.500119604378338,0.49968532
0.5036114954664831,0.5009195
0.9637495955109141,0.95284516
0.5280614461944501,0.5358257
0.497659473213426,0.5061117
0.502420118759145,0.502008
0.50346462164643,0.50424504
0.507576496184435,0.5074912
0.506902461127813,0.5073571
0.49922349136945404,0.502588
0.5004227315494191,0.5045995
0.8273458803418561,0.83184683
0.8297922693993841,0.84227234
0.9454303742751231,0.9455161
0.507741617147314,0.5253176
0.499648936267201,0.50076073
1.0,1.0058887
0.983314591472988,0.98186374
0.8474317454671491,0.84139663
0.500493830725221,0.5022713
0.863742798547058,0.850158
0.497209265584415,0.4984691
0.508848474799532,0.5109986
0.50002312641829,0.4998951
0.50002312641829,0.4998951
1.0,0.9986868
0.497637390281559,0.50021535
0.5086778957991911,0.5002291
0.7783257561819521,0.7865166
0.8542706874481181,0.83184683
0.964060016564081,0.96745694
0.9019321936481071,0.89715344
0.9440297572335251,0.94878155
0.9648707353252801,0.96625847
0.8473415827078511,0.8475776
0.49893353652929906,0.49910343
0.5050529703881841,0.5049785
0.9844637855142061,0.9852139
0.499080687231277,0.5006993
0.853394629333805,0.86380863
0.960793216116069,0.9544768
0.630250747642051,0.6373663
0.9533752173483561,0.9455161
0.5046270154587751,0.5011054
0.5055182626590631,0.5006338
0.49620370484067805,0.50049907
0.9760362013197911,0.97088856
0.499378615141481,0.5011806
0.963733259701481,0.9675735
0.49983943169461703,0.50055534
0.496682386908857,0.4988076
0.49861589478299906,0.49895307
0.49800001508366204,0.502008
0.928975963843308,0.91581285
1.0,0.9989791
0.501573426604507,0.5008283
0.6129724597298121,0.6450906
0.8259958153422061,0.8032672
0.503058335837557,0.50005203
0.499240349947895,0.49902782
0.502924408777583,0.5065277
0.5684758850021511,0.542124
0.539190017328092,0.5349143
0.49717805727789005,0.49884045
0.8171186727057831,0.8550465
0.5004227315494191,0.50062996
0.5082562574949601,0.50490963
0.49918770066295604,0.4997029
0.9539365555536871,0.9567794
0.6596129634092831,0.6553307
0.5007841294916691,0.51029295
0.782495732543465,0.8260416
0.497483394404772,0.49877903
0.702031163186104,0.6518725
0.8507038094529391,0.8429028
0.5008544908032271,0.50623053
0.49260178355186907,0.4960592
0.521919052465452,0.54393643
1.0,0.99613583
0.545978130433717,0.5433368
0.507851600697334,0.50337523
0.499493726163573,0.5111603
0.480957706886499,0.51486343
0.5002915497759031,0.5000577
0.502296318579392,0.50194025
0.7136459082572261,0.70925707
0.502405799874526,0.49751833
1.0,0.99906045
0.49963142192520704,0.49933532
0.8634095713706371,0.87313575
0.716162383069309,0.6902984
0.9583988513696731,0.95795727
0.8512407740991821,0.8503503
0.50001371170741,0.5005776
0.8418443897177691,0.83137214
0.632029723844438,0.6039193
0.49891723216811507,0.49989435
0.498042911677041,0.49885058
0.813738276688558,0.8331546
0.845774880424707,0.850158
0.526384561248313,0.53449684
0.6734334572261561,0.6858409
0.901187386942606,0.9152489
0.500558013856718,0.5000995
0.833101554836367,0.8356127
0.498263375631296,0.4980772
0.9193670797544701,0.809129
0.8066711421082731,0.8477702
0.497483394404772,0.49877903
0.8955436009829311,0.90121746
0.49915527454453507,0.5004827
0.9250823158834821,0.92203534
0.8418197305024241,0.8247553
0.9596949681607051,0.9534476
0.983314591472988,0.9811379
0.87158826992617,0.86449885
0.9727954748138171,0.95822155
0.49763998039973306,0.49847433
0.865453065783048,0.8660085
0.556532478587186,0.55587333
0.49835246090225205,0.49933064
0.9590686522516171,0.9546659
0.626813921513061,0.6247538
0.8130204711268011,0.66225225
0.630250747642051,0.6308335
1.0,0.9867682
0.500695032837249,0.5000194
0.730100434429334,0.77043134
0.502457290475805,0.49969772
0.500565197105398,0.49884155
0.499444879647826,0.4988458
0.928781180227584,0.94016784
0.480957706886499,0.51486343
0.5293865056265681,0.5216637
0.501035434220469,0.50055355
0.9039419594151761,0.8823165
0.5059570411374901,0.502008
0.49893353652929906,0.4986342
0.955341364409312,0.94743073
0.6560923718506431,0.65758187
0.500380311865968,0.50035083
0.49835246090225205,0.49933064
0.9520243980691191,0.93675774
0.734865578832119,0.7395851
0.560751604717121,0.54765534
0.5374666543701511,0.5330401
0.763072142083518,0.77719206
0.5012948228396791,0.49914354
0.948047498374551,0.94495076
0.8838474686658131,0.88521624
0.5007841294916691,0.5084673
0.49835246090225205,0.5000981
0.863540974711381,0.8621539
0.9580155703860781,0.9383929
0.499648936267201,0.4998951
0.7862602092563921,0.7314888
0.9645184153167041,0.9652646
1.0,0.9993076
0.5093220955680401,0.5112961
0.49876826102715605,0.49950352
0.970779435097691,0.9757593
0.9257139416868081,0.9284108
0.5005912469110491,0.49884155
0.5073952322253641,0.5051606
0.49932753335914004,0.5001004
0.504556372306183,0.5010852
0.8948067632850241,0.8960025
0.720153729124369,0.7222844
0.51958308166569,0.5253151
0.49459843295655503,0.49858084
0.9579435540858701,0.96112984
0.5237511264937731,0.53270406
0.937593083999334,0.94475293
0.8693182380098271,0.85501343
1.0,0.9982755
0.500642846832961,0.50074446
0.9563184663536771,0.96636546
0.49333263125343,0.49638435
0.50001371170741,0.5005776
0.49963142192520704,0.50025785
0.8395543702593371,0.8577471
0.50064859365642,0.50366414
0.9918699186991871,0.9968466
0.5004044770249161,0.4998006
0.500695032837249,0.5000194
0.957676074574455,0.9844112
0.9259787858746191,0.9103742
0.614360509157111,0.5784898
0.858600125233399,0.845005
0.49652035514771403,0.49970695
0.9095772532999781,0.89740336
0.9470311730538111,0.9455161
0.743930739661355,0.71362966
0.9581229464244051,0.9609284
0.854025972409565,0.8466887
0.49989718451914605,0.50019157
0.5242534946205211,0.5017171
0.500454067453571,0.5002861
0.8688234080877131,0.86780226
0.500196483219839,0.50151205
1.0,0.9978904
0.487872102992473,0.49707845
0.9823753991392471,0.970274
0.501229055294669,0.49968532
0.8851908263089401,0.8741485
0.7529649524625951,0.7430446
0.502315307103474,0.50354785
0.500033000362297,0.5044311
0.49970386444477105,0.49944246
0.501273107894004,0.50084543
0.553530481569084,0.53249586
0.500044385706863,0.5001766
0.556814552200649,0.5551465
0.8813239184562711,0.9079894
1.0,0.95625114
0.630250747642051,0.6308335
0.5000402802899451,0.4999802
0.9565784904943421,0.9627048
0.499634347883031,0.50055534
0.8593634979412511,0.86449885
0.498409922024635,0.49864772
0.499634347883031,0.5008946
0.921806961603546,0.93408656
0.566723690515279,0.5884971
0.949168977271259,0.941334
0.504389555201746,0.5036349
0.9298050049800191,0.92843866
0.9601715686274501,0.9641839
0.9280490466117801,0.91581285
0.7724225868133561,0.78223926
0.49906577464204005,0.5027215
0.9720374307619931,0.97708243
0.515010946907498,0.6719987
0.8925992009232291,0.9069903
0.8920643475671741,0.8929845
0.49895693491174103,0.49803072
0.6003705449804041,0.5832944
0.5004730773766181,0.49977103
0.5772991418377971,0.542242
0.680877867662196,0.6877669
0.7787416806253851,0.774411
0.498042911677041,0.49864772
0.5006955946478261,0.49980783
0.49988837093825506,0.49866018
0.499444879647826,0.4989251
0.499512079911519,0.49933064
0.787487506867093,0.794563
0.501069492221199,0.5017618
0.864814814814814,0.8638267
0.525530089639848,0.53757733
1.0,0.9993076
0.5191643577215961,0.6222753
0.8350384489027071,0.90243536
0.503749774589987,0.5002332
0.500912125521858,0.498797
0.574280866853326,0.59224075
0.498713552170488,0.4983278
0.49963142192520704,0.49981353
0.508737747738299,0.5028939
0.506369955455378,0.50354785
0.500642846832961,0.5012226
0.5740481023316061,0.5849259
0.517841270006662,0.5175186
0.7413690476190471,0.74037457
0.501298943348574,0.49939355
0.517492497494336,0.5243661
0.506630847299889,0.50089014
0.5019623456198931,0.5004651
0.6832493592440441,0.6570403
0.5138826164647861,0.5208246
0.49925020236184503,0.5002413
0.5567223290320631,0.5660089
0.635160901075693,0.59040326
0.500316846678864,0.49981353
1.0,0.9989791
0.506677355206939,0.502008
0.5556507322456661,0.5930938
0.952074998746225,0.9481024
0.49866589658526905,0.4996037
0.810408555644312,0.8327448
0.5510968284976271,0.5660089
0.499381135713136,0.49999714
0.501035434220469,0.50060284
0.501949755440659,0.50172246
0.8704638629749331,0.8580836
0.7725955813216531,0.7891061
0.519042142290948,0.52068204
0.942387382879436,0.9476909
0.9777573334588071,0.97088856
1.0,0.9997098
0.832471539843872,0.8393933
0.720111448834853,0.7453757
0.641630462299387,0.55295116
0.8447999643365751,0.8280413
0.5119384970264821,0.49787983
0.682065787319727,0.6472982
0.943485392820929,0.94781727
0.913299340764097,0.91164875
0.8315914890978271,0.8092197
1.0,0.9986868
0.795345217211445,0.81743574
0.509955598769667,0.50125295
0.623886532690591,0.65946305
0.49636430917023405,0.49965122
0.9648707353252801,0.9660281
0.504942964659282,0.5080905
0.9244199755412571,0.9121288
0.499444879647826,0.4989251
1.0,0.9935431
0.8707097846350411,0.8603275
0.500380311865968,0.500522
0.499879448442118,0.4996329
0.49971191282109806,0.50248647
0.542739143018668,0.5435704
0.912634625688239,0.9024319
0.9145973774027171,0.909461
0.515010946907498,0.66523224
0.5087189550551621,0.5259574
0.504481530931859,0.50248075
0.911230163039582,0.8873384
0.9168698561445421,0.9159986
0.515010946907498,0.66944784
1.0,0.99925596
0.7079587079587081,0.69366884
0.496682386908857,0.49860957
0.9364531481968211,0.95179546
0.503857000750013,0.50577825
0.9811502991238841,0.9821557
0.49971191282109806,0.50248647
0.872411989719682,0.88358545
0.8687044727760881,0.8674311
0.9228811846142361,0.9543312
0.8141673772355591,0.8254134
0.498769981174049,0.49885386
0.5028495167789601,0.50595784
0.950933519354845,0.94440264
0.49972332591331703,0.5015381
0.767594381427104,0.78888535
0.5339102158586401,0.52325374
0.49338125545624606,0.49624997
0.872299478486925,0.86701626
0.50052093191691,0.50031775
0.505495127165774,0.5026286
0.503250030980359,0.5000446
0.864814814814814,0.8602469
0.8102799188278661,0.8226082
0.8622874330575001,0.87322545
0.9803112049417471,0.980209
0.8562579216254451,0.86243236
0.8214941897750231,0.8430767
0.5307554479334511,0.5161072
0.6495816312610201,0.67608285
0.49895693491174103,0.5004326
0.8967627082426941,0.901239
0.751666666666666,0.7671036
0.5007841294916691,0.5084673
0.9030013623034131,0.90623695
0.9259787858746191,0.9264354
0.500558013856718,0.5000995
0.500558013856718,0.5000995
1.0,0.9628654
0.9019101425881081,0.8936942
0.6795587583646261,0.6421544
0.528594073223215,0.50658774
0.7804619581141311,0.7658522
0.636975218774808,0.62020063
0.501229055294669,0.49970695
1.0,0.9986669
0.49855463791498306,0.5002587
0.937964663636053,0.92828244
0.8386763982376471,0.8479158
0.623863286329247,0.5727692
0.49924533922289505,0.50343597
0.500695032837249,0.50076705
0.500558013856718,0.5000995
0.49963142192520704,0.49933532
0.49495200888929003,0.52649367
0.980739928976705,0.9902237
0.8466168085216521,0.8394158
0.500923933778572,0.50074446
0.500492959193035,0.4994086
0.500565197105398,0.49884155
0.8988528264528831,0.8957693
0.502785405714973,0.49966937
0.89360296538163,0.9552456
0.500366546145096,0.4988711
0.968392356942777,0.96913797
0.49889943051422503,0.49983743
0.496862097183462,0.4993436
0.9583025560298281,0.9721247
0.500708693152706,0.5003974
0.5022111382681821,0.4993952
0.500196483219839,0.50146276
0.8750148918837891,0.861145
0.516024673979219,0.5140838
0.796154056864096,0.78713226
0.504082193788851,0.5015536
0.892507888403663,0.9112794
0.502405799874526,0.49728155
0.7313114027993031,0.7076313
0.9343604108309991,0.9325065
0.49934563800066806,0.50011116
0.9569735054153131,0.96457654
0.7877469822109161,0.72672063
0.9949677430222171,0.98592836
0.49834145866504304,0.5000446
0.5012948228396791,0.499657
0.5736638534673391,0.5334263
0.497685388722554,0.50009125
0.956084044337511,0.9455161
0.8839092997284391,0.8775917
0.49925020236184503,0.4999131
0.499304703760638,0.51800895
0.498713552170488,0.49863374
0.506821247985781,0.50087404
0.87158036253055,0.8694329
0.668930293004916,0.6261188
0.855454830375011,0.8339701
0.499512079911519,0.49933064
0.956784178525477,0.9375658
0.864814814814814,0.86349785
0.598244503614853,0.5997883
0.908694334981019,0.9147355
0.5299933675166201,0.51932395
0.498263375631296,0.49777132
0.9366988657667181,0.9321573
0.503749774589987,0.5002332
0.498042911677041,0.49864772
0.500893605598554,0.5006156
0.49651688659367404,0.5001928
0.9785402147104271,0.9748768
0.533156944433405,0.5203524
0.500323675707262,0.5002653
0.49763998039973306,0.49797985
0.49993347492712303,0.49979255
0.495611661615788,0.49711084
0.5023269048546071,0.50422764
0.49990608997482505,0.50025785
0.523496397387044,0.51500255
0.5717260049824241,0.54065925
0.49717805727789005,0.49956942
0.9844637855142061,0.9838243
0.49660948561314006,0.5933763
0.66759598336559,0.6147042
0.49347498894968206,0.49943578
0.9635606674775341,0.9301943
0.49187461855414305,0.49802598
0.5004070501062431,0.50106955
0.49932753335914004,0.49910435
0.8686479232051221,0.87116665
0.49652035514771403,0.5000577
0.82530532621226,0.8371572
0.49947445958747605,0.5004003
0.499580511765055,0.4993758
0.858655031464934,0.8379313
0.83194971501694,0.81460583
0.49716482455190303,0.50039613
0.49975057879967805,0.49966937
0.497398273832706,0.50045633
0.49099737823918305,0.5065092
0.5096745992214641,0.50592756
0.499381135713136,0.49999714
0.864814814814814,0.85925704
0.935450461001854,0.94781727
0.49528512531366603,0.49969247
0.8920894773517801,0.8946969
0.500728741052317,0.49954128
0.5258567300750691,0.5220116
0.846057789355762,0.84174526
0.9119066312377541,0.9026458
0.500312096715272,0.50044805
0.49983992584833503,0.5002896
0.9395833333333331,0.9481246
0.911952867302501,0.91398275
0.496690542083272,0.5022575
0.5068537395442091,0.500436
0.532555802776656,0.5158728
0.49918770066295604,0.4997029
0.49852733247435504,0.4977431
0.9504859127656481,0.92770654
1.0,0.9919168
0.886460931597804,0.88297576
0.500196483219839,0.50146276
0.7715764290623971,0.7344066
0.49950405146004806,0.49999917
0.8377924994578251,0.8638761
0.94482180451632,0.95349985
0.517541285298294,0.5226445
0.941743816658097,0.9399821
0.516024673979219,0.5140838
0.8902104069426781,0.86714256
0.6718605339685481,0.6725576
0.838904768466443,0.834565
0.5698428756071691,0.5749318
0.9654344881735061,0.96333355
0.50087136346048,0.50940573
0.9419781280579341,0.9612414
0.9579015928222271,0.9579472
0.5609156411852491,0.5564382
0.932367899823584,0.9463659
0.9145809309308891,0.93922615
0.750226574649375,0.8490307
0.907893780065224,0.8120682
0.502766212174373,0.4983582
0.49915527454453507,0.50092953
0.5043461699854921,0.50222826
0.50337933341758,0.50279504
0.5117695778198841,0.51076704
0.504481251059143,0.5053994
0.5004227315494191,0.50062996
0.532983473519223,0.5258795
0.9927693395365801,0.9760865
0.5008236370590881,0.50009906
0.499879448442118,0.50011116
0.63021669341894,0.62962407
0.957207257832811,0.94699574
0.9708457393350161,0.9680068
0.891259397573509,0.9099924
0.491724624786024,0.49633315
0.5022162440276571,0.5028941
0.5006955946478261,0.50057524
0.505523239257324,0.5004127
0.941941412768707,0.9408134
0.502639362891784,0.5022644
0.8514889172574831,0.9400267
0.5768722859382861,0.7990502
0.5024383097839941,0.5153339
0.846045992968485,0.8334257
0.945781010714362,0.9382491
0.9784844579063341,0.9811379
0.9663522909833631,0.98152584
0.5010249790934861,0.4992285
0.8942880066783381,0.8556489
0.9181282000508451,0.90831345
0.498769981174049,0.49977326
0.9625025003998261,0.97252345
0.900584384167983,0.8818434
0.834830901369193,0.9225226
0.503441868308949,0.50670755
0.566738914582627,0.5652307
0.499444879647826,0.4988458
0.9266416821112271,0.9107936
0.5004070501062431,0.5007303
0.9588213113492091,0.9535337
0.5002878058029441,0.5001146
0.5053915659760451,0.5111603
0.9557681906987341,0.95212126
0.535389311011717,0.57000047
0.778182327320993,0.81172884
0.885433417369149,0.8923262
0.5027884282206511,0.49989435
0.8823810136769701,0.87852323
0.9395833333333331,0.9367759
0.855910844416594,0.8429145
0.499879448442118,0.4996329
0.8643208139567461,0.8666517
0.9296820115945401,0.9264523
0.5004070501062431,0.5002861
0.547823610175451,0.5441783
0.8541259167034161,0.8457816
0.48462567186067,0.5005274
0.8359309235441761,0.80659205
1.0,0.99839
0.8847390199039311,0.9115518
0.85143920134891,0.84075147
0.49892143726581606,0.4983278
0.502834955459427,0.50415766
0.8958677609826861,0.89926773
0.49676203921370704,0.4992925
0.9924626222220361,0.9835622
0.503060451783494,0.5044311
0.5013120857916891,0.5008014
0.499512079911519,0.49959248
0.9252939832527881,0.9122248
0.540034134636407,0.5506105
0.5815438642980361,0.5849259
0.9149447360528881,0.91871446
0.8904722558215201,0.863771
0.9141286937859001,0.9186374
0.945240878885738,0.9640153
0.8879345722028651,0.8926113
0.863709656727866,0.8693425
0.9229450496082631,0.8979275
0.971046650855451,0.9740421
0.750558964663517,0.6412149
0.5068055120434051,0.50940573
0.5002623458294411,0.50074446
0.517541285298294,0.5186557
0.8439865988367221,0.8539528
0.7117243867243861,0.8899501
0.8781558191952411,0.8627638
0.572081006488672,0.57721394
0.49187461855414305,0.49791262
0.5007573911272101,0.5011977
0.49971191282109806,0.49979985
0.8522066269376051,0.8430899
0.558017004144651,0.5319118
0.49945956534365404,0.49981993
0.499827204468106,0.49912703
0.6126854183303541,0.58152986
0.498769981174049,0.49973992
0.49852733247435504,0.49797845
0.9879353233830841,0.9877854
0.981170207254009,0.9114271
0.5019054264316231,0.49971643
0.5019054264316231,0.5000559
0.9075354243261441,0.8967352
0.63021669341894,0.62962407
0.49625372964696,0.50008005
0.49950405146004806,0.5005219
0.6354621770664091,0.62762654
0.504481530931859,0.50248075
0.545967189404853,0.5326087
1.0,0.9991951
0.5438136658960461,0.52649844
0.5009064503845541,0.5019244
0.501073859387226,0.50044066
0.49882972481367205,0.50093555
0.501610266277696,0.49989876
0.5029671218750751,0.49889112
0.501656857862605,0.5038656
0.497685388722554,0.5000577
0.8693900126654021,0.865832
0.8687044727760881,0.8760827
0.500454067453571,0.5002861
0.504076243592137,0.49838862
0.9590823970037451,0.9344955
0.501502943472516,0.5007863
0.8932751407988361,0.9162275
0.9280630492688801,0.9243313
0.49835246090225205,0.49933064
0.498030539805744,0.49973068
0.7830250339191871,0.7713786
0.49652035514771403,0.49970695
0.854362936153634,0.84183407
0.983202368702436,0.9660262
0.731752257423114,0.7050377
0.566723690515279,0.5854969
0.8750229954809611,0.8726599
0.946470151021041,0.9328619
0.540888072196121,0.51558197
0.971239765631914,0.9653089
0.501917048358487,0.49973992
0.9348228277738101,0.9212256
0.9259787858746191,0.9103742
0.63021669341894,0.63586277
0.8502914085044291,0.8636781
0.523642728543254,0.52468956
0.49950405146004806,0.5010162
0.6804814044860851,0.6656852
0.508146071122479,0.5086243
0.897812349616749,0.8955144
0.543322971063827,0.53177446
0.504060008676797,0.49979255
0.506860141789381,0.50306654
0.9450433211629411,0.9902237
0.8809503138493591,0.8816734
0.49763998039973306,0.49736038
0.500511544482512,0.4992601
0.49993347492712303,0.49979255
0.501760443386096,0.50335747
0.961202049403549,0.9436038
0.519111959764289,0.5190264
0.910066082438813,0.92305434
0.9254632268958031,0.8988692
0.9023472411826341,0.91631883
0.964671340187333,0.9408296
0.864814814814814,0.86349785
0.500912125521858,0.5000559
0.940941360508679,0.9534476
0.502088980303765,0.5012005
0.992878028404344,0.98824304
0.49972792679134503,0.50156575
0.946214982633477,0.9375658
0.500239914586007,0.49990064
0.9874031007751931,0.9870526
0.499240349947895,0.49902782
0.508973004310737,0.6261188
0.640294923248522,0.68031615
0.7413690476190471,0.74123603
0.857773035092641,0.8320167
0.854624553127976,0.8383378
0.9625485505121141,0.9542145
0.8416374470112781,0.83275634
0.9397909276430411,0.9515094
0.7573233670510391,0.71086305
0.499444879647826,0.4988458
0.9113027604672461,0.93178254
0.8628744416538741,0.8467728
0.5032767425251451,0.5031379
0.500237754817213,0.502236
0.7856179569239921,0.80616456
0.5272119965398651,0.56826895
0.530869091697146,0.5484998
0.9632432658488761,0.9582963
0.8468338399189461,0.8498357
0.49927043294628703,0.49999112
0.501730502596727,0.50186723
0.885433417369149,0.88845307
0.614795325263057,0.6022163
1.0,0.96987814
0.5057431534766931,0.49873707
0.49989718451914605,0.50019157
0.513525168304465,0.5053309
0.815388754371805,0.80354816
0.630356449070198,0.6638413
0.5227587722437811,0.5237222
0.9138852840353351,0.91323054
0.9820130354170651,0.9733466
1.0,1.0249956
0.9095830301346941,0.92505914
0.9600277723393301,0.936759
0.49676203921370704,0.4992925
0.961475323287823,0.96139354
0.852364443871777,0.8580836
0.49994587467974505,0.5008683
0.9561627390269771,0.9608322
0.8181571978982161,0.82046056
0.557644359359176,0.53608483
0.8899157962538241,0.8939884
0.815388754371805,0.80467594
0.5093539944605701,0.50415117
0.5006298083277491,0.50025314
1.0,0.99244094
0.9109836806096241,0.89101696
0.49950405146004806,0.5005219
0.8039262281859281,0.80652666
0.49947445958747605,0.50011116
0.49988837093825506,0.49864772
0.94784221220401,0.93778414
0.501738269514131,0.50107306
0.498263375631296,0.49777132
0.745922268329389,0.71016276
0.9428574436876511,0.95107955
0.501762493715577,0.50058067
0.8917735460192011,0.8788264
0.868858469938763,0.872408
1.0,0.99413216
0.511625096090194,0.5109986
0.49994656236074503,0.49973992
0.71970027514456,0.74212915
0.8686145794485151,0.8793094
0.984599528857479,0.98770005
0.5947574740461771,0.5958047
0.6706031899541001,0.6352534
0.5010020432359751,0.49804106
0.498042911677041,0.49898827
0.7799375710994291,0.74037194
0.502895922392361,0.50573874
0.49990608997482505,0.49981353
0.9713495356648881,0.9680552
0.500565197105398,0.49759907
0.505523239257324,0.5009972
0.7479233785563141,0.7554259
0.5342080078469761,0.5259574
0.9597102688977681,0.96731997
0.967760179092204,0.9708645
0.8933146605066371,0.8788575
0.5666120253512801,0.56661
0.8175002918729871,0.83987993
0.49862299254934206,0.49966937
0.9073781913636021,0.91317284
0.5021745927094511,0.50536376
0.501177342223983,0.49974942
0.859220970228712,0.8418259
0.95515787739917,0.9547044
0.91313414962178,0.9178626
0.573429419489769,0.54149485
0.500366546145096,0.49892038
0.49811173289433003,0.49933064
0.49889943051422503,0.49983743
0.8463389737964151,0.8475776
0.49528512531366603,0.49974176
0.831886827726738,0.84351575
0.528383295340632,0.5339784
0.65393614093036,0.8070874
0.626689129492867,0.6196452
0.5057216938824131,0.5064807
0.5093064265928411,0.507137
0.7395069612785231,0.78478014
0.49763998039973306,0.49778423
0.511457617999422,0.5104677
0.988033766233766,0.98480266
0.8137363829144011,0.7979351
0.9521129372273581,0.95814425
0.9906773869590321,0.9961547
0.5019054264316231,0.49952602
0.506354397926953,0.50345397
0.9304749873847791,0.91666615
0.8056837869222411,0.77794075
0.5011828155593401,0.5002291
0.7413690476190471,0.74041235
0.5579308918872531,0.5435704
0.8281923190174071,0.8334257
0.5012948228396791,0.499657
0.494192583088766,0.50054896
0.9724937996031741,0.9864128
0.521588724548958,0.5175436
0.49528512531366603,0.49969247
0.9554102302925831,0.94553465
0.968710168502903,0.9580802
0.523652053120194,0.5232926
0.947873681873682,0.94576037
0.499745275795049,0.5008668
0.973534338358459,0.96966606
0.911527787389359,0.9222068
0.7610645160877311,0.77015376
1.0,0.9616212
0.540137159392674,0.531516
0.502387797838383,0.49947357
0.5630757780859731,0.56176484
0.96639738818383,0.96832484
0.659800895899032,0.680025
0.5152787149751691,0.5066688
0.770943224585929,0.78888535
1.0,0.99794567
0.5029671218750751,0.50118595
0.5038721572259061,0.49600032
0.5006955946478261,0.5017414
0.52143988558679,0.50410724
0.8586893255692121,0.8185539
0.580782135059701,0.57946
0.5523827592795021,0.60578394
0.8626350888523581,0.859693
0.982910868575073,0.96823215
0.49823317499747805,0.49999714
0.6653625366004,0.54604083
0.5011807159693831,0.50345397
0.9720724965024701,0.96457654
0.499363200916949,0.50487006
0.831155640134512,0.8396962
0.5004227315494191,0.5016048
0.508429373249788,0.5070152
0.9377023678881051,0.93778414
0.9511928916702611,0.9408296
0.501869244134717,0.4995452
0.501073859387226,0.50044066
0.9583025560298281,0.97057354
0.8282331900795581,0.83137214
0.503967010416522,0.5046561
0.7921760015713301,0.82899976
0.500949894442691,0.5019572
0.7303221520857841,0.7373492
0.9241531667572641,0.92388356
0.51989378123741,0.5326142
0.49580429112956403,0.50045633
0.5004031956281041,0.5011706
0.8717930694604301,0.8635433
0.500380311865968,0.500795
0.8141673772355591,0.80393827
0.7385316686774871,0.71718216
0.505511731443679,0.50694
0.49918770066295604,0.50047034
0.501610266277696,0.50010043
0.502214215399421,0.5054914
0.5012948228396791,0.49914354
0.9622817624348831,0.965607
0.5074067477021691,0.5176275
0.499354866055418,0.49944246
0.514492301549752,0.5038656
0.49544246709068,0.500791
0.499827204468106,0.4992725
0.9905576132400291,0.99645144
0.49918770066295604,0.50047034
0.500239914586007,0.50010353
0.924993206490039,0.94036174
0.636885592324922,0.6212129
0.5014627197810271,0.5025493
0.5032152820695001,0.50054896
0.898185340651069,0.8673702
0.6653625366004,0.5381958
0.9524622208236241,0.94099104
0.8342475917312311,0.84861195
0.8259601981962671,0.81540215
0.885604813552699,0.8495262
0.9686828515170791,0.968644
0.500912125521858,0.49971643
0.49886676557566406,0.50004977
0.499240349947895,0.49950603
0.9777032828282821,0.977357
0.873555489141262,0.8768771
0.488907066545037,0.50150645
0.497685388722554,0.49970695
0.8734742923024911,0.8798028
0.49918770066295604,0.4997029
0.9433261651493351,0.9381001
0.865459374060301,0.8649808
0.49647876201804503,0.50168306
0.827834130967608,0.8274415
0.902291422464594,0.91683763
0.744704157166278,0.7417793
0.5030921692193541,0.50294584
0.500565197105398,0.49884155
0.8721392917126131,0.8731926
0.49675294502618206,0.49747562
0.8902591936682841,0.88396806
0.89612617792086,0.89936906
0.502895922392361,0.50551784
1.0,0.9975426
0.500352929692589,0.5001766
0.5004070501062431,0.50006974
1.0,0.99831
0.9386594982890861,0.9381001
0.53101193435669,0.71806216
0.886762604814454,0.85451025
0.500708693152706,0.5001356
0.8874261605654741,0.8639745
0.5088777754722711,0.50856596
0.870311376583154,0.8311816
0.502088980303765,0.50017637
0.8495385394042001,0.8225451
0.8468338399189461,0.8504035
1.0,0.93262756
0.495611661615788,0.49783987
0.8866876616230891,0.88814694
0.5169717932041871,0.5056609
0.5342017052917231,0.5307976
0.521747679690143,0.5222595
0.501502943472516,0.5008356
0.516983477406692,0.49717054
0.516881945324844,0.53553224
0.5376675399684231,0.5245413
0.591779748463349,0.60949874
0.51019166487273,0.5053309
0.646055680114462,0.6159708
0.515010946907498,0.6671817
0.844311635903905,0.84583485
0.5000249731831891,0.5016435
0.49918770066295604,0.4997029
0.5028326229006861,0.5035017
0.9391405122655121,0.911949
0.9848987222909631,0.968644
0.49924123131947606,0.5021579
0.81757986621941,0.84872776
0.504556372306183,0.5008485
0.502369715283243,0.49973992
0.49922349136945404,0.50265723
0.505557291124902,0.50337183
1.0,1.004301
0.8236190465344461,0.7938218
0.909693124412509,0.88551193
0.49823317499747805,0.50004643
0.515566606389391,0.5351661
0.524878468753468,0.5006098
0.917857146923238,0.9193588
0.9375,0.9438903
0.510411296162614,0.5389812
0.5270317213423831,0.52300256
0.781697873324086,0.79287535
0.5010415671261821,0.5028296
0.9052931964939571,0.89138114
0.501502943472516,0.5025933
0.495188167333284,0.49755007
0.5045565464128631,0.508274
0.8631936285407591,0.8400219
0.514787487796179,0.5098535
0.9252153106040211,0.92801
0.887516556738406,0.8778806
0.499515142560905,0.50424504
0.502513551067235,0.50800765
0.9590823970037451,0.92082196
0.519848193044207,0.5152829
0.502387797838383,0.49947357
0.49906825143667205,0.5022333
0.5807203820485071,0.5774939
0.5595294255082951,0.5373218
0.751666666666666,0.7471619
0.500949894442691,0.5020065
0.500733123672065,0.5006347
0.499580511765055,0.49954575
0.500536419020265,0.50028944
0.49893805928350604,0.49888504
0.50500233100233,0.50174093
0.9239918786225291,0.9350868
0.49945956534365404,0.49981993
0.5091365244285581,0.50727606
0.7159806868009061,0.76403916
0.9145178771639221,0.9212651
0.8748905536248601,0.88604516
0.854408024565374,0.8433251
0.559453328540894,0.6039873
0.849528685649913,0.8508846
0.502528758744563,0.5005971
0.963939276079332,0.981759
0.49925020236184503,0.5000404
0.50002312641829,0.4998951
0.5708362951915961,0.53913975
1.0,0.9968143
0.535051840531657,0.5303788
0.503749774589987,0.5006781
0.8801983549533161,0.85800713
0.8920894773517801,0.89857
0.49566712909998006,0.5012241
0.49474996850988506,0.4992499
0.499745275795049,0.5000995
0.494334354882186,0.5001766
0.676988215968479,0.655176
0.5029671218750751,0.5012114
0.8881663205254821,0.9028899
0.50762224920442,0.5087213
0.941736694677871,0.9440702
0.8917667643838051,0.9245984
0.8230340181189001,0.78838915
0.9035278064823381,0.88757616
0.708277820810117,0.7314844
0.5021469565472471,0.49886784
0.8676122314209691,0.8859871
0.504525411328203,0.50039613
0.50361339539577,0.4984335
0.49889943051422503,0.4997882
0.85553368428951,0.8649808
0.549603496446981,0.5334263
0.500558013856718,0.5008668
0.9362204767372031,0.9374476
0.8662778209728451,0.86412036
1.0,0.9983415
0.758454912970109,0.8506867
1.0,0.9964245
0.49945956534365404,0.49981993
0.502895922392361,0.50573874
0.9711047254150701,0.9741374
0.49521460941190903,0.49799204
0.9716533611366591,0.96850336
0.5007772343574101,0.49898928
0.495611661615788,0.49855796
0.898069256067869,0.9037041
0.49989718451914605,0.5009589
0.504481530931859,0.50253004
0.503149399798907,0.50377834
0.500380311865968,0.49987257
0.49889943051422503,0.49986675
0.5021614422087151,0.5041393
0.5115246150643761,0.6011798
0.516483626215627,0.5113126
0.5117476120133301,0.5184873
0.85319063094791,0.848816
0.8109390530507311,0.8001933
0.7202744685287941,0.78754634
0.683751421102049,0.64882386
0.51788292632958,0.50337523
0.49950405146004806,0.49999917
0.5054245389486131,0.5002313
0.903535459631924,0.8886355
0.51887843089407,0.526834
0.5604224484031171,0.5624234
0.9375,0.9417593
0.500079433225301,0.50087404
0.497532833861179,0.5058306
0.499281639805824,0.5004824
0.9601715686274501,0.96607554
0.5443771609082501,0.5385827
0.50001371170741,0.5005776
0.9395833333333331,0.94022804
0.9480286738351251,0.94957256
1.0,1.0076011
0.5048796601417841,0.5114051
0.5783245911524191,0.807064
0.9695573060470101,0.96165633
0.49930033341530805,0.49973992
0.812711530893348,0.7576722
0.500565197105398,0.4983281
0.851182392657983,0.83218336
0.501460164601713,0.502381
0.499354866055418,0.49912703
1.0,0.9992143
0.536129471738506,0.5335611
0.5093208771609941,0.50596577
0.5052246039975821,0.49846923
0.9395833333333331,0.9369808
1.0,0.99272925
0.785478131078978,0.792556
0.751666666666666,0.7580247
0.9575001705470451,0.971599
0.8780379222116861,0.941879
0.928616352201257,0.7574581
0.5949103500665991,0.64864296
0.502503087408384,0.5013802
0.49717805727789005,0.49959493
0.500454067453571,0.49980783
0.617732059099462,0.7170477
0.49799317202414206,0.49973992
0.5047848604998371,0.50451255
0.9791847906418361,0.9785513
0.914548069396051,0.93636316
0.500573224566362,0.49933064
0.5056720782955331,0.5046739
0.5007841294916691,0.50917107
0.500695032837249,0.5000194
0.7255187074054521,0.75714386
0.501817703774455,0.501142
0.7769205120475521,0.7690092
0.8468338399189461,0.85031444
0.8809140646617991,0.8757017
0.8871457600692151,0.8819835
0.500558013856718,0.5000995
0.9395833333333331,0.9499049
0.875538555752273,0.85918957
0.527996556976938,0.5253176
0.5513646315995551,0.54453707
0.5096559537938821,0.50728655
0.500949894442691,0.5020065
0.501715042662901,0.50226325
0.8233575606525031,0.83444893
0.9391415446172141,0.9481024
0.5088489145311711,0.5106909
0.629278547352155,0.65768665
0.49927350117714603,0.49934426
0.500119604378338,0.49970695
0.49638186056019407,0.50021785
0.504082193788851,0.5015536
0.501659843439972,0.5005971
0.500316846678864,0.49998486
0.9731509543963001,0.97088856
0.498042911677041,0.49793115
0.5291433972024561,0.66093826
0.812681448046188,0.8328233
0.5109124818066001,0.51763576
0.5656657467820261,0.53623784
0.5051912352932221,0.50864637
0.49970386444477105,0.49912703
0.573163068043213,0.63488656
0.49893805928350604,0.49902722
0.5108387053570961,0.51114
0.550990645536196,0.53762454
0.5000249731831891,0.5011706
1.0,1.0014919
0.5046270154587751,0.500521
0.498874373076289,0.5021385
0.499240349947895,0.4996772
1.0,0.9986868
0.9297742784424791,0.91800743
0.888744004017281,0.9102021
0.8996279311524531,0.9107871
0.8499999999999991,0.837101
0.505495127165774,0.50265414
0.886219167204205,0.88551193
0.49514659565078906,0.4984958
0.49866159281932904,0.5029591
0.955621796930857,0.95028645
0.49983373386925406,0.5001172
0.9533649551877551,0.9386122
0.8468338399189461,0.8504417
0.49494969636367103,0.49867588
0.49497986311616904,0.5028342
0.49989718451914605,0.50019157
0.5229151885301341,0.5207079
0.5000402802899451,0.4999802
0.9153049869871731,0.89926773
0.510805258832787,0.510657
0.497483394404772,0.4992925
0.5645694329776221,0.5558033
0.810153844146825,0.7386715
0.495188167333284,0.49755007
0.501486968280562,0.49804106
0.49763998039973306,0.49736038
0.497685388722554,0.49982032
0.5140280780201321,0.51084405
0.980392666528037,0.97992325
0.5062307227599181,0.50750417
0.891243868821419,0.87490726
0.6673576713646401,0.6559804
0.502503087408384,0.5013309
0.900567705092814,0.89405
0.9038531603818311,0.89715344
0.499060556297497,0.50373757
0.5280177128128241,0.53251654
0.5062609589197651,0.50669664
0.9438202247191011,0.92504585
0.5000249731831891,0.501183
0.5002878058029441,0.5007923
0.497470761912836,0.5065092
0.49732266931324,0.498388
0.49947445958747605,0.4996329
0.500923933778572,0.50074446
0.57711117796345,0.55505323
0.790691811475388,0.79650843
0.630250747642051,0.6308335
0.5022111382681821,0.500173
0.8141318887105401,0.8115785
0.500695032837249,0.5000194
0.720111448834853,0.7357194
0.505737251426302,0.50669664
0.49477006983059,0.5001608
0.499827204468106,0.49944246
0.505161168960227,0.50722724
0.49990608997482505,0.49933532
0.849996395123061,0.88832206
0.509061072432562,0.50354785
0.790277377370962,0.79365337
0.49963142192520704,0.5001028
0.503733820832397,0.5002062
0.6723914732203321,0.6113165
0.5143130856488201,0.51182467
0.53718861064426,0.53958815
0.610563657605787,0.586085
0.500380311865968,0.49987257
0.506006671597484,0.50250626
0.958716219989706,0.9488979
0.508301574289984,0.49851587
0.8669149985247101,0.8736295
0.49734644264454203,0.5002094
0.587453767680248,0.642829
0.501762493715577,0.50058067
0.6051839009247431,0.6036319
1.0,1.000186
0.49989718451914605,0.5006698
0.8549913865852781,0.8580836
0.49893805928350604,0.49913475
0.501730502596727,0.50172365
0.8664179820241671,0.8831264
0.9629836986055301,0.96505445
0.8610309855238061,0.865832
0.781697873324086,0.79395485
0.5339102158586401,0.5262091
0.49652035514771403,0.5000577
0.975906544435956,0.98489285
0.63021669341894,0.63329256
0.943876158266793,0.947295
0.8564642337268231,0.8621539
0.497209265584415,0.49795565
0.8193559830883761,0.7918947
0.5082562574949601,0.50490963
0.526137031467732,0.5331569
0.5532575520063601,0.55212444
0.9196871002923591,0.9072807
0.49994587467974505,0.5020401
0.9693891640817771,0.9677072
0.937049981262782,0.93261385
0.502600199132773,0.5000577
0.499444879647826,0.4988458
0.500345496894614,0.5031093
0.535459983997096,0.5378095
0.501762493715577,0.5016048
0.9480286738351251,0.9465643
0.5300758095246231,0.5687573
0.500699004349489,0.5019099
0.50002312641829,0.4998951
0.6073679302974221,0.64444554
0.950943060776622,0.9470055
0.49934563800066806,0.4996329
0.6776479970005681,0.6597465
0.50014337970787,0.4992725
0.989886219974715,0.99104285
0.760677305084822,0.7279837
0.563246544330194,0.56001985
0.49862299254934206,0.49977326
0.9967467467467461,0.9963413
0.7527525965717331,0.74245733
0.49614197355154205,0.5002094
0.5138293481436861,0.5129843
0.636885592324922,0.6291239
0.9781145391093921,0.96708226
0.6811321557911151,0.62489355
0.918427230046948,0.92630035
0.5047226115804321,0.50468874
0.5047612707442051,0.50317764
0.505495127165774,0.5026286
0.7980102672264101,0.76403916
0.497610614119848,0.4991568
0.931058868775069,0.9315521
0.502753217669832,0.5065499
0.498287694222926,0.5024135
0.50002312641829,0.4998951
0.497685388722554,0.5000577
0.918238270398761,0.9185997
0.9073781913636021,0.9249311
0.49922349136945404,0.5035056
0.500196483219839,0.50146276
0.486228932538222,0.49950194
0.8676122314209691,0.87733537
0.81264592036214,0.8348586
0.51887843089407,0.52753776
0.9879353233830841,0.9922881
0.499826605909008,0.5008083
0.9816964767142701,0.96680015
0.9756396937787911,0.98906255
0.8660626410626411,0.863771
0.5052246039975821,0.49846923
0.8664187488167081,0.87780887
0.501610266277696,0.49989876
0.9691175218095691,0.979784
0.511714990926265,0.506327
0.8147099152420191,0.8013682
0.900119502134692,0.90430695
0.918427230046948,0.9283186
0.953116093688764,0.9552732
0.964565295815296,0.9755674
0.8141552738699901,0.83602595
0.49521460941190903,0.49794275
0.9782373354276,0.9981355
0.496682386908857,0.49912304
0.49989718451914605,0.50111395
0.5297517479207331,0.576804
0.981324802221573,0.99034953
0.782424527633768,0.80310035
0.501298943348574,0.49934426
0.498096079743974,0.5022072
0.8687788987999081,0.89158607
1.0,0.99587
0.499354866055418,0.49944246
0.498263375631296,0.49777132
0.9358316229215371,0.9324938
0.6591594716269681,0.6141456
0.504060008676797,0.49973992
0.8601488095238091,0.86850405
0.49950405146004806,0.50023276
0.847512230496239,0.83074075
0.6653290773941151,0.6632377
0.9054817732263021,0.91789895
0.502387797838383,0.49967644
0.9025099252552361,0.88507885
0.8846970450239041,0.8830983
0.9402420761949251,0.9473317
0.986384976525821,0.9814059
0.5082562574949601,0.50468874
0.9465567771100131,0.9511956
0.496682386908857,0.49912304
0.8495672496474581,0.85635144
0.9322298311522441,0.9159841
0.8031603739996991,0.77090096
0.5029671218750751,0.49988642
0.590349216057048,0.58301157
0.828426609820864,0.82642734
0.9344092448694951,0.9223317
0.931852143474546,0.9364689
0.959603579369326,0.9693896
0.499508824916345,0.5114527
0.918427230046948,0.9207026
0.49866589658526905,0.4996037
0.49817116629641706,0.49847776
0.499444879647826,0.4988458
0.49811173289433003,0.5000981
1.0,0.9932821
1.0,1.0061725
0.513589621769874,0.50674826
0.6395296167247381,0.64323944
0.9365803231721691,0.9308964
0.50547158644015,0.49934745
0.9570001278328011,0.9532621
0.586612299825227,0.59987336
0.920474733966797,0.9100036
0.9718644910790921,0.97925204
0.759785059064341,0.7501096
0.663958187675986,0.6685103
0.49934563800066806,0.50028235
0.500050277734842,0.5008946
0.530624109345275,0.529344
0.9888980113118041,0.97809273
0.5735409208265441,0.56673676
0.9785265266832701,0.9552771
0.8888723255092791,0.893239
0.9477324910007541,0.93729573
0.509195575666164,0.4990676
0.9572675749663181,0.9852331
0.7789365904167931,0.7614424
0.49993298366737504,0.49979517
0.9367555440688481,0.94668084
0.500728741052317,0.4996037
0.5088513599376271,0.5036349
0.9610156988367491,0.96459574
0.499240349947895,0.49902782
1.0,0.9945702
0.497316292883663,0.4960132
0.687517837133626,0.6112098
0.8917735460192011,0.8874781
0.49934563800066806,0.5004003
0.6653625366004,0.5408257
0.8688460787404251,0.88980395
0.49893353652929906,0.49840137
0.5100629488570381,0.5002291
0.8650319921495351,0.8731981
0.49915527454453507,0.49961698
0.839628741350203,0.85827786
0.837690841325034,0.8413695
0.9646220069948881,0.9744846
0.5019054264316231,0.49971643
0.8813239184562711,0.89735574
0.697595006051266,0.7231134
0.539190017328092,0.53355086
0.498713552170488,0.4983278
0.5176220804124051,0.51707715
0.502064968152203,0.5043132
0.577033093130219,0.5890881
1.0,0.9991836
0.503058335837557,0.5002538
0.5007841294916691,0.5084673
0.5027299320060701,0.49895978
0.49854734973614906,0.49854696
0.923211026013611,0.91689193
0.751666666666666,0.75594735
0.509815770398118,0.512497
0.501762493715577,0.5045995
0.8287230605690621,0.827961
0.502895922392361,0.50551784
0.5005028064219751,0.49912253
0.8459774332431411,0.80034983
0.880340952887372,0.87756735
0.6582727383543261,0.6595167
0.8468338399189461,0.8497263
0.502239977580721,0.49989876
0.925518237350991,0.9222068
0.5006955946478261,0.50057524
0.5105574080521991,0.5060482
0.9414275249656431,0.9299994
0.5067822963758041,0.5156574
0.515010946907498,0.67366326
0.742764716142816,0.7728893
0.98745587255521,0.9870414
0.49959763625281706,0.5019438
0.500511544482512,0.4992601
0.49788746067645906,0.49903426
0.873817283203911,0.86008865
0.50048112905997,0.49950194
0.8874766694669181,0.8616317
0.8781998727044401,0.88214487
0.8553692976666961,0.8563796
1.0,0.967322
0.876290310424056,0.8698999
0.5001205909509351,0.5056448
0.9019101425881081,0.9094471
0.49985077149785506,0.5014249
0.5062450842673321,0.50849277
0.5020116578658751,0.49980775
0.49187461855414305,0.49791262
0.504060008676797,0.49980775
0.5062449652765151,0.5105607
0.5037753590866291,0.49801847
0.9803112049417471,0.98159856
1.0,0.99511826
0.500316846678864,0.49933532
0.8096773337954251,0.82046056
0.500119604378338,0.498978
0.5016842884379901,0.5018169
0.49742963110499905,0.50028795
0.51908216831096,0.50944924
0.501035434220469,0.5006321
0.692828316835669,0.66583705
0.49994587467974505,0.5012076
0.8879345722028651,0.8917963
0.513589621769874,0.50674826
0.49459843295655503,0.49804106
0.9138900906205031,0.92828244
0.5006298083277491,0.5005924
0.5071314516936111,0.50253004
0.5007657497283611,0.50141114
0.5011135057978411,0.50087404
0.495611661615788,0.4986977
0.5064708395444211,0.50526464
0.630250747642051,0.6308335
0.9408071947485471,0.93843454
0.49934563800066806,0.4996329
0.49521460941190903,0.49799204
0.49760964521620504,0.49975058
0.5004227315494191,0.5022467
0.853484228988267,0.8454451
0.850424178102526,0.8459565
0.49906825143667205,0.5018117
0.743810185357464,0.7147211
0.499974726855396,0.50118715
0.5002878058029441,0.5011316
0.8884957152874721,0.8716285
0.894776793269144,0.8780726
0.8959232687784751,0.9161788
0.49927350117714603,0.49934426
0.500454067453571,0.50057524
0.499879448442118,0.4996329
0.49932753335914004,0.49910435
0.8110246187986261,0.7541563
0.627332621686367,0.6472982
0.9547903578257311,0.9714471
0.966180717596901,0.95744294
0.498042911677041,0.49866018
0.517965138227091,0.5133437
0.933428933173956,0.9453599
0.956685576632131,0.9484695
0.5003948110181641,0.50176203
0.8686145794485151,0.8898005
0.8646858306270171,0.8860725
0.934019921005486,0.9220534
0.49566712909998006,0.5009098
0.5047226115804321,0.50490963
0.8375829017321431,0.81580776
0.49892143726581606,0.49863374
0.504592951289593,0.5018901
0.49989718451914605,0.50019157
0.49781613799915103,0.50094825
0.500511544482512,0.4992601
0.498723076699055,0.49895978
0.9889156853749721,0.96736544
0.49604834869520903,0.5011918
0.49657564110685104,0.49951357
0.9086240144348211,0.9145048
0.5620392378485141,0.6412149
0.471673444400717,0.55035156
0.499381135713136,0.50004643
1.0,0.9980214
0.49651688659367404,0.5002714
0.500923933778572,0.50074446
0.826012749612105,0.83862627
0.7711983536807471,0.7629336
0.8694262415477411,0.8585646
0.6272215413199,0.64177734
0.5004227315494191,0.50471747
0.49854732099418503,0.49838516
0.8638829608075641,0.88322145
0.939951236136163,0.94699574
0.491724624786024,0.4995418
1.0,0.9739128
0.90218863896817,0.90625554
0.799634555393948,0.78576696
0.503058335837557,0.5002538
0.9225235509535961,0.92918193
0.616937782664369,0.6031212
0.962639443148354,0.95929796
0.881887277274867,0.8939371
0.8399155464494411,0.8361222
0.5023343281153501,0.49935198
0.9259787858746191,0.9316535
0.9751624244246491,0.9847085
0.517541285298294,0.5182919
0.50316300115053,0.50132257
0.49929887854478705,0.50039613
0.49979369971931603,0.4999553
0.49750156972143206,0.49804106
0.49763998039973306,0.49823114
0.500912125521858,0.49951357
0.5025840175632851,0.51163125
0.49932753335914004,0.49910435
0.5138293481436861,0.5129843
0.5062443348992111,0.51270103
0.49925020236184503,0.49990064
0.847150217524078,0.8386743
0.49750156972143206,0.4983108
0.49652035514771403,0.50009125
0.903535459631924,0.8799839
0.8486812810526021,0.9028899
0.502088980303765,0.5018424
0.5039779357026221,0.50453204
0.5019110941665871,0.500791
0.503168575906466,0.50231725
0.500708693152706,0.5001356
0.50002312641829,0.50026375
0.499580511765055,0.49954575
0.8576420979759861,0.8627638
0.49983373386925406,0.5000679
0.9187699857016751,0.9176186
0.9064927957110601,0.9146314
0.501296629358374,0.5020007
0.5021155773265,0.5029591
0.500695032837249,0.5000194
0.5805028247359191,0.6957732
0.500316846678864,0.49933532
0.49925020236184503,0.49990064
1.0,0.993058
0.582395530677973,0.57321215
0.49893805928350604,0.49888504
0.49804523428894004,0.49936482
0.49620370484067805,0.4980213
0.597715505555226,0.5691451
0.864120196178196,0.8481501
0.49995679887755,0.50004977
0.901706114279178,0.90297556
0.8425112754891381,0.86230195
0.9395833333333331,0.9367759
0.505036738168411,0.5005356
0.5188018151695121,0.5153339
0.773759790565621,0.7784998
0.49915527454453507,0.49961698
0.6474644457653651,0.62156063
0.500511544482512,0.5001826
0.7058673469387751,0.7062911
0.5070102645659901,0.5083366
0.5913838336103391,0.5759993
0.51887843089407,0.526834
0.4968450207637,0.49668995
0.500323675707262,0.5002653
1.0,0.9979498
0.500642846832961,0.50074446
0.51423052730128,0.51129955
0.500237754817213,0.502236
0.49657564110685104,0.49951357
0.49970386444477105,0.499783
0.511079073043987,0.5075717
0.5020668253272921,0.50322217
0.499381135713136,0.49999714
0.49490697627526403,0.50926673
0.49750156972143206,0.49804106
0.5024831771111831,0.50314975
0.9532631340259451,0.9531952
0.730789957999549,0.6476705
0.50337933341758,0.50279504
0.592788456118245,0.59412915
0.505495127165774,0.50382906
0.49823317499747805,0.49999714
0.5202608711662491,0.52935576
0.8561854489139801,0.832851
0.5012201279771861,0.5000446
0.9060531349718971,0.9056782
0.8535077898589901,0.8735264
0.8440893765590871,0.8467512
0.516681617427392,0.5166355
0.499387746438519,0.49297693
0.502301683615703,0.49167055
0.4968450207637,0.49474806
1.0,0.9944228
0.49993347492712303,0.4999059
0.5004070501062431,0.5012469
0.503717404153812,0.50231725
0.939831034222221,0.94852275
0.989886219974715,0.99209166
0.5586295202190891,0.5653462
0.499827204468106,0.49944246
0.5807203820485071,0.5774939
0.49484753277226906,0.49689016
0.9695453550813231,0.96690005
0.8022666665654271,0.79650843
0.9241332450416141,0.9112099
0.49652035514771403,0.5000577
0.499879448442118,0.5004003
0.658683242713897,0.66589826
0.49982674148993206,0.50092846
1.0,1.001137
0.614013238112956,0.61428565
0.9290356598447951,0.9374661
0.49676203921370704,0.4992925
0.986384976525821,0.9709771
0.822868303787271,0.821239
0.502924408777583,0.5065212
0.522757218707647,0.51226205
0.9039419594151761,0.8909682
0.8805843605404321,0.8580836
0.9294917973069341,0.82867527
0.49985884297577504,0.49890748
0.502153329268993,0.5005219
0.7050223964622001,0.7499691
1.0,1.0076065
0.49918770066295604,0.4997029
0.49484753277226906,0.49462885
0.933483898792117,0.90319246
0.49896120994984305,0.5001766
0.5047226115804321,0.50468874
0.9019698091955001,0.92398703
1.0,1.0000615
0.529379642809335,0.5048555
0.7841024984373771,0.81084037
0.521550783882577,0.53298646
0.500323675707262,0.5002653
0.82377097486263,0.8555214
0.49675294502618206,0.4977124
0.49459843295655503,0.4983108
0.9328377716656461,0.93346435
0.9397989516360111,0.9321573
0.9343604108309991,0.9347483
0.499827204468106,0.4992725
0.707198078176936,0.69171995
1.0,0.9978914
0.49717805727789005,0.49956942
0.527896370637015,0.61941135
0.9064927957110601,0.90335137
0.5055560236311321,0.50440055
0.97427945512792,0.9675735
0.49544764361390203,0.49867588
0.524474700365358,0.51654464
0.503209438019771,0.50169265
0.498409922024635,0.49878746
0.9829346533455691,1.0198774
0.49798341981472205,0.5014084
0.8102510483344161,0.8008497
0.8112535612535611,0.8227431
0.5998731469784061,0.5712102
1.0,0.99989283
0.8834026051922641,0.8800475
0.498409922024635,0.49864772
0.500573224566362,0.5000981
0.945240878885738,0.9651848
0.498713552170488,0.4983278
0.751666666666666,0.7632656
0.501753034581885,0.49960694
0.86763528120879,0.8809021
0.503098355351955,0.50314975
0.499648936267201,0.50015694
0.49835246090225205,0.49933064
0.505495127165774,0.5022575
0.842587712857624,0.8577971
0.510609142104126,0.51263356
0.504556372306183,0.49765107
0.9380949697803451,0.9483169
0.573259415768126,0.59882474
1.0,0.99839
0.5030715089893091,0.5039351
0.924320098304474,0.8881022
0.708731519987388,0.8520949
0.9147161004716761,0.8907185
0.971243791654902,0.9597424
0.9412492368742361,0.9593682
0.497209265584415,0.49829915
0.9543769007931121,0.9454881
0.5179471441238911,0.5788145
0.9650430038654211,0.95529985
0.967617707064582,0.9595825
1.0,0.9701808
0.9967467467467461,0.9994732
0.63021669341894,0.62962407
0.5339102158586401,0.52444345
0.5690546247561491,0.5667964
0.499827204468106,0.498929
0.49989718451914605,0.50019157
0.752914279130594,0.77848274
0.7717376454497771,0.7792222
0.617281142925841,0.6414509
0.867212189859734,0.8900114
0.560751604717121,0.56196237
0.986384976525821,0.98199695
0.886852043984899,0.91801524
0.8642919176649331,0.8033128
0.988065883059634,0.9463885
0.721763797270887,0.7182289
0.501315735108548,0.502456
0.49676203921370704,0.49877903
0.5009778353463821,0.5005924
0.49763998039973306,0.49766627
0.493204008775297,0.49678093
0.830233738379717,0.85028255
0.499444879647826,0.49819613
0.5410784852710421,0.60661006
0.9700895136998441,0.97529465
0.5352229377464001,0.5286031
0.686194120508375,0.59210396
0.511802154244536,0.50991184
0.49889943051422503,0.4997882
0.49548735066005706,0.49963808
0.843472788853954,0.83408624
1.0,0.9607125
0.9890974212579251,1.0142978
0.580966223698781,0.81056386
1.0,0.9989791
0.503779922716406,0.500084
0.637664783427495,0.6366827
0.8238012158000171,0.8308059
0.955627188793378,0.96269006
0.498909147957992,0.49991134
0.9375,0.94931704
0.5568113287690171,0.53014135
0.677784428482752,0.7049049
0.8608299191691741,0.86337495
0.49699818794582,0.5035591
0.5037753590866291,0.498603
0.8803332485089561,0.8685577
0.9188939535235431,0.898126
0.5020613459467941,0.5105607
0.831094837759993,0.81750554
0.512733096257451,0.53341496
0.5225847955791031,0.5015509
0.8421125546783601,0.8827246
0.9661630811377001,0.9845795
0.8948067632850241,0.90869755
0.530624109345275,0.5243102
1.0,1.0063871
0.9404836503446081,0.92725474
0.49614197355154205,0.5002094
0.8564490170255841,0.8526854
0.5034158148726671,0.5112961
0.507200816116617,0.51182467
0.500573224566362,0.49980885
0.8819745088219371,0.7800065
0.49950405146004806,0.49999917
0.49333263125343,0.49696887
0.979354189163508,0.97035724
0.9630761144291471,0.9662913
0.5807203820485071,0.5774939
0.501268900103441,0.5019764
0.49989718451914605,0.5006698
0.500033000362297,0.5047622
0.502895922392361,0.50551784
0.5080634650179671,0.5047673
0.9294381432401381,0.92586243
0.9215428039769651,0.9117539
0.905599656427395,0.9163061
0.7255187074054521,0.756951
0.49945956534365404,0.49981993
0.503457767538198,0.49864772
0.9705571329645951,0.97529465
0.9485402916823881,0.941334
0.9320644735539311,0.9449137
0.7413690476190471,0.74037457
0.9528535517797381,0.95645607
0.5963174468493431,0.5878847
0.501332773531122,0.49683562
0.9606447063849761,0.9375658
0.501128996288158,0.4995318
0.8965355390177041,0.8981712
0.500708693152706,0.5013972
0.495188167333284,0.49755007
0.744619785083645,0.7087465
0.9557938394556851,0.9619573
0.962932981065967,0.9583406
0.471673444400717,0.5500468
0.8831069358480501,0.8771758
0.5008957689835081,0.5028072
0.499834939522852,0.50691086
0.500454067453571,0.5004573
0.49925020236184503,0.4999131
0.501938070138762,0.5148456
0.500810247184957,0.5010548
0.55393379841154,0.55147755
0.9138797104408961,0.91689193
0.8922052059412061,0.8976447
0.504481530931859,0.50248075
0.49893805928350604,0.49913475
0.5234185045080021,0.51423144
0.498713552170488,0.4983278
0.515361186787991,0.5108741
0.9342982598004421,0.7880259
0.496682386908857,0.49926278
0.499648936267201,0.4998951
0.507491712229548,0.5156933
0.501610266277696,0.5000385
0.501573426604507,0.5008283
0.502857016145411,0.50012434
0.7566990935529241,0.639286
0.9455379968508151,0.9427572
0.9039405572354411,0.8985327
0.535252123329777,0.54882735
0.9090525793101981,0.9112794
0.7685856388212241,0.79848725
0.522230257544336,0.5252497
0.5775985597202541,0.5115776
0.51967807680529,0.508159
0.49970386444477105,0.498929
0.9682229504659411,0.9712814
0.505260927943026,0.50250626
1.0,0.9976376
0.926385115062714,0.92075664
0.5022745879455001,0.5053276
0.504205843490497,0.49985436
0.505021559809518,0.50616
0.49872768328390704,0.49490562
0.563656078829859,0.56578976
0.7711983536807471,0.774789
0.5175239306142121,0.5133497
0.810360507863047,0.7773759
1.0,0.9986868
0.594550263131811,0.5632619
0.49804523428894004,0.49939033
0.5025550416243061,0.5004824
0.499240349947895,0.49902782
0.9073781913636021,0.9211992
0.5236228295994511,0.5383613
0.49983992584833503,0.50057876
0.49823317499747805,0.50004643
0.957530320691885,0.9183812
0.709371014949789,0.72610265
0.824705179914591,0.8245616
0.9048774457276201,0.91277045
0.8843877312113261,0.8736276
0.9635867256011531,0.95483595
0.5128866395834061,0.5152829
0.50002312641829,0.50026375
0.572081006488672,0.57609206
0.506902461127813,0.50828743
0.7881536853414891,0.76742345
0.50346784771038,0.5049368
0.5048796601417841,0.512117
0.504362620318444,0.5045782
0.589675248705666,0.6009776
0.515875445360739,0.5126307
0.50337933341758,0.50284433
0.5020116578658751,0.49977326
0.747863034857521,0.73929334
0.910066461145509,0.9275214
0.9564380860063021,0.94081396
0.574769873109032,0.5849259
0.9361442942154551,0.9269113
0.5118027846530491,0.50732696
0.502387797838383,0.4993036
0.9393704834162481,0.9354546
0.9830397602953991,0.98480266
0.5325737521074201,0.5177623
0.49776183344279407,0.5004651
0.84581949761381,0.8412787
0.9551401947633421,0.9697047
0.8740566682976231,0.8637541
0.8486980151604251,0.8666517
0.8650501481770031,0.8717796
0.959427592827198,0.95781773
0.971532544346232,0.98592836
0.500196483219839,0.50146276
0.9391405122655121,0.92801017
0.7630927099308521,0.7411009
1.0,0.99788415
0.49971191282109806,0.49979985
0.49947445958747605,0.4996329
0.505094109043253,0.50336057
0.9322298311522441,0.9228416
0.9506930834474411,0.9468147
0.9813452917966321,0.9693412
0.8862514763883511,0.88153785
0.8809503138493591,0.879834
0.500511544482512,0.4992601
0.9890742363139841,0.99174035
0.63021669341894,0.62784404
0.49075591968213006,0.50189394
0.504927000497842,0.50191724
0.7514926891001391,0.7200997
0.975261341992089,0.98038805
0.9322094370422861,0.93775594
0.517541285298294,0.5161715
0.8906531016722311,0.87082285
0.9485008278677831,0.94668084
0.511744115627351,0.6222753
0.720111448834853,0.73386127
1.0,1.0332497
0.909874094483167,0.8760192
0.501092098721804,0.5011977
0.49835246090225205,0.50025314
0.9607044704835771,0.9488981
0.866718618445327,0.8580836
0.502503087408384,0.5013309
0.499354866055418,0.49819997
0.9019596638638131,0.9070226
0.500398249251331,0.5004824
0.753437828826037,0.8582171
0.510733362103018,0.50064576
0.588017347236097,0.6002266
0.5112591306148571,0.49811834
0.8636962748483661,0.8629575
0.8448394718020671,0.8425806
0.49390182875117505,0.49950194
0.5018200750285,0.5009195
0.5029536444288281,0.5000869
0.498713552170488,0.4983278
0.9295111532941501,0.9281155
0.903471278461452,0.88648766
0.5099332062232791,0.51464945
0.505021559809518,0.50616
0.9260683760683761,0.9259065
0.50001371170741,0.5000995
1.0,0.9980214
0.8387343089101451,0.84035844
0.580782135059701,0.5790583
0.493326504266453,0.50306654
0.5133099273658921,0.5133097
0.49983992584833503,0.5007338
0.6495816312610201,0.65241313
0.5298109019199081,0.6911851
0.9891727629346541,0.9790281
0.7529649524625951,0.7404878
0.8694757529607091,0.85423917
0.8020036222954721,0.8106916
0.500558013856718,0.5007488
1.0,0.9980214
0.9683648232867591,0.97577584
0.8230497666048261,0.83228475
0.5019781258522611,0.50294584
0.9563202634484471,0.95821536
0.502267238072829,0.49804106
0.49963142192520704,0.49981353
0.8356402381651641,0.8195129
0.503391126068324,0.5039662
0.526456264678531,0.5322504
0.936283345757787,0.9453599
0.5002878058029441,0.5011316
0.6584295453851281,0.6243266
0.8505368928479351,0.8605682
0.498042911677041,0.49864772
0.49876826102715605,0.49950352
0.49198630188903203,0.50153804
0.501946226955819,0.50603706
0.5007659801462511,0.50053585
1.0,0.9686174
0.8834026051922641,0.8839206
0.499580511765055,0.49954575
0.519111959764289,0.5183145
1.0,0.995463
0.627869096140647,0.72286344
0.505881711703422,0.5049785
1.0,0.97566336
0.5339102158586401,0.5265638
0.9692504409171071,0.98499644
0.526457452553178,0.5057903
0.8740296186716561,0.8663304
0.8216104549876581,0.8004284
0.5036114954664831,0.5009195
0.49227132232751303,0.4968411
0.8404061907024101,0.83429676
0.5198895485113191,0.5063373
0.751666666666666,0.7599145
0.49459843295655503,0.49804106
0.49198630188903203,0.49977025
0.9561627390269771,0.9608322
0.8468338399189461,0.8504417
0.5057980306834761,0.53560483
0.8468338399189461,0.85031444
0.500573224566362,0.49980885
0.5020116578658751,0.49966937
0.49994569297694,0.5008946
0.825943219085689,0.8358107
0.49972792679134503,0.50156575
0.49983992584833503,0.50057876
0.499444879647826,0.49938557
0.5138293481436861,0.5129843
0.903754150755929,0.9046458
1.0,1.025361
0.819881155620591,0.78317577
0.9434367527305961,0.94471425
0.549733612696504,0.5401028
0.617281142925841,0.63055843
0.968566729878317,0.970536
0.920233511591875,0.9289222
0.503832784231952,0.5058664
0.501590801559402,0.50133187
0.518621927035802,0.51548856
0.504481530931859,0.50248075
0.911372466550822,0.9219818
0.7413690476190471,0.74037457
0.500708693152706,0.5001356
0.504044355538605,0.5018318
0.500695032837249,0.5004975
0.853701631346769,0.8635177
0.499444879647826,0.4988458
0.8424491320391471,0.8492998
0.9830253432040491,0.9834103
0.49963142192520704,0.49933532
1.0,0.9985193
0.5427847066128311,0.5936408
0.504481530931859,0.50248075
0.49187461855414305,0.49791262
0.677784428482752,0.72035915
0.49862299254934206,0.49980775
0.531523439076185,0.7170866
1.0,0.97566336
0.9049007921566361,0.90601474
0.9650054780198931,0.92281455
0.9076784002300231,0.8980506
0.9249476973364521,0.92605674
0.49854734973614906,0.4994091
0.502062897954442,0.50178665
0.49983992584833503,0.49981132
0.49459843295655503,0.49804106
1.0,1.0001373
0.8856022803566461,0.89187115
1.0,0.998096
0.557049715673409,0.5279108
0.5007676472741031,0.5013611
0.49932753335914004,0.49945238
0.5005691022568051,0.5018169
0.515566606389391,0.5192381
0.8090025863932511,0.83277196
0.544245502235409,0.55519813
0.5333406608335001,0.53574204
0.9656280518961031,0.94927245
0.501215931720999,0.49920112
0.512156150495723,0.5018416
0.631280818043319,0.63679695
0.50052093191691,0.5002299
0.505331827352291,0.506739
0.5020350151434491,0.5019764
0.5115398037911291,0.5028944
0.9296014096875711,0.91666615
0.683751421102049,0.6563884
0.5006955946478261,0.49980783
0.5055182626590631,0.50039697
0.5046660595808781,0.5051939
0.8255509584187171,0.81866384
0.9125679045424471,0.9169065
0.7832128581897451,0.814746
0.781491985078806,0.80910367
0.49907442754778303,0.5044243
0.953503584538067,0.9579121
0.49463047658701004,0.49973992
0.8511688431751211,0.86008865
0.97804877791425,0.981759
0.9075354243261441,0.8880836
0.7183062560429391,0.7509965
0.892578888087296,0.8826383
0.50551443769323,0.51149684
0.500323675707262,0.5004682
0.8739179674439701,0.8608405
0.9630907759196341,0.9427565
0.866904326620138,0.8417127
0.500949894442691,0.5019572
0.503594669896798,0.5007139
0.928226718065683,0.93231684
1.0,0.9973885
0.500593670732559,0.5022659
1.0,0.97180307
0.86080090326779,0.8649808
0.5146045033205671,0.50957686
0.500380311865968,0.49987257
0.9667537238009761,0.9530097
0.5007841294916691,0.5084673
0.9206908238189261,0.91215193
0.9425432545315101,0.9421384
0.498640900853885,0.50112075
0.5178228375645161,0.50997734
0.500565197105398,0.4983281
0.5666120253512801,0.5659062
0.5047226115804321,0.50468874
0.5004656722059301,0.4996037
0.7806429467318141,0.8048276
0.506511254134493,0.52228355
0.9323790974989841,0.7520266
0.811829408529229,0.82823986
0.5008236370590881,0.5019368
0.914732730331931,0.9118945
0.5328629065698031,0.5256985
0.497483394404772,0.4992925
0.500558013856718,0.5000995
0.508737747738299,0.5015366
0.5033678279953331,0.5045669
0.8877902483633611,0.8903552
0.5047416691188601,0.50138676
0.502951589537463,0.52082837
0.5646324625332251,0.550858
0.958343218034664,0.9543473
0.847509168640973,0.8205703
0.94225232972377,0.9402055
0.49835246090225205,0.49933064
0.498640900853885,0.50117004
0.495188167333284,0.49755007
0.50002312641829,0.5008683
0.8661518684088501,0.836941
0.512344387880562,0.54122627
0.502039568903058,0.49999112
0.9375,0.93364596
0.5109430142565501,0.5119705
0.49844358586777904,0.50058067
0.9384652789567951,0.93346435
0.495611661615788,0.49855796
0.9692597655475451,0.96645576
0.990008827773533,0.99336547
0.9308911101044891,0.9333081
0.508737747738299,0.5031307
0.49852437581774406,0.5001338
0.501502943472516,0.50086486
0.8900907865130351,0.88814694
0.577902000742601,0.56229174
0.9713495356648881,0.9666553
0.9681260423758471,0.96091336
0.9560808671166051,0.9611274
0.509004405993547,0.5070105
0.502223017268784,0.50111306
0.927779073321863,0.9174573
0.7880475567072741,0.7946261
0.5004070501062431,0.5002861
0.9535810280174921,0.9487821
0.500237754817213,0.502236
0.8721994080151501,0.87497276
0.7849047983926991,0.80634594
0.9551395258621971,0.9873385
0.7796503797592491,0.7600867
0.5021790684457921,0.50222826
0.904998911471484,0.89889896
0.83877360196408,0.8486273
0.500454067453571,0.50106955
0.9433975527049521,0.94036174
0.499745275795049,0.5005776
0.500119604378338,0.49970695
0.500239914586007,0.49990064
0.921956199249308,0.9306737
0.8096258261559011,0.7758655
0.500079433225301,0.5004064
0.49651688659367404,0.5001928
0.892178852536442,0.88400686
1.0,1.009955
0.49922349136945404,0.5035056
0.59519751082251,0.6649733
0.497685388722554,0.4998904
0.97592350513153,0.96481514
0.539247479135314,0.5459851
0.502088980303765,0.5002549
0.6963604446040571,0.66120416
0.499512079911519,0.49933064
0.49474996850988506,0.49822614
0.503058335837557,0.49952465
0.8601488095238091,0.87150943
0.5020536940263091,0.5009195
0.8814882035250841,0.88297576
0.9286360983529691,0.9374476
0.929204623964006,0.9327381
0.956511087963237,0.95212126
0.9255399959412831,0.9366196
0.7914861620036131,0.821483
0.498409922024635,0.49866018
0.501140570138344,0.5056169
1.0,0.995463
0.574390058266896,0.54469436
0.9816964767142701,0.9490041
0.518203520172286,0.5232926
0.501193881350131,0.5174835
0.5228956069825861,0.5307976
0.9702251409558521,0.97368944
0.50001371170741,0.5000995
0.533181737505045,0.52930266
0.517541285298294,0.5182341
0.5118278295651211,0.50940764
0.49736077073831103,0.5021132
0.530869091697146,0.54654413
0.5005804941940041,0.50061643
0.547879095098968,0.5796159
0.501573426604507,0.5008776
0.5038135358080821,0.5007139
0.561549374376421,0.5739931
0.5003770359124791,0.50014645
0.843496082141523,0.84682095
0.670401188517312,0.63869184
0.9667449150328941,0.9648305
0.9480286738351251,0.94384766
0.8249122950272371,0.86905974
0.49932753335914004,0.4994525
0.496816700064643,0.5007139
0.499378615141481,0.5011806
0.49855463791498306,0.5002587
0.49405649757381703,0.49728155
0.499512079911519,0.50025314
0.9860502079619721,0.9850897
0.501680188029744,0.5044016
0.5002878058029441,0.5017734
0.6346130203004651,0.61748976
0.498713552170488,0.4983278
0.49763998039973306,0.49793926
0.5002878058029441,0.50034815
0.497192361998659,0.4973338
0.801665118573877,0.7824973
0.76371269368226,0.71811885
0.520495547241081,0.50469327
0.97373050710477,0.9714471
0.8465354273886021,0.82014805
0.49918770066295604,0.5001812
0.7893072590989261,0.8051822
0.8529240321736551,0.8508846
0.9406934067486561,0.9453599
0.504859966817932,0.506739
0.49811173289433003,0.49933064
0.896093305358538,0.9054179
0.49993347492712303,0.49979255
0.8702331118093081,0.8518907
0.49927350117714603,0.49934426
0.49763998039973306,0.49736038
0.49995679887755,0.50009906
0.501610266277696,0.49989876
0.95891409406557,0.97288364
0.79816102598254,0.83862174
0.8273606966354331,0.8836976
0.5035372265235261,0.50194025
0.565709277238403,0.5687138
0.49866589658526905,0.49976623
0.793800198524922,0.7678631
0.500695032837249,0.5000194
0.49563445526456706,0.50485885
0.8013150295409971,0.83389354
0.501229055294669,0.49968532
0.500511544482512,0.5000276
0.5051645238485231,0.49382195
0.499080687231277,0.5000276
0.49931128500171706,0.50398296
0.9830246504469821,0.98068905
0.8429421440428051,0.84697515
0.49814316432429506,0.50410724
0.49834036752300204,0.50940573
0.984658944488871,0.9735329
0.500366546145096,0.49892038
0.971540593909014,0.9851394
0.5055182626590631,0.49903965
0.538992275086024,0.5426571
0.8407653210534831,0.85540545
0.886708634418206,0.86604255
0.9311164034267271,0.9175393
0.9375,0.9455851
0.941736694677871,0.9376408
0.499080687231277,0.4992601
0.504169691068119,0.50453204
0.49950405146004806,0.5026858
0.5947574740461771,0.5958047
0.580782135059701,0.5790583
0.528422135239428,0.5246181
0.751666666666666,0.7655407
0.495188167333284,0.49755007
0.9655016433861491,0.95929796
0.49963142192520704,0.49933532
0.842314390664437,0.8356127
0.912585773319953,0.91581285
0.5061835653782181,0.5127156
0.49925020236184503,0.49990064
0.8809140646617991,0.88435334
1.0,0.9976155
0.500454067453571,0.49980783
0.935052840105092,0.91761243
0.54158417414241,0.53336287
0.5002878058029441,0.5001146
0.51887843089407,0.526834
0.801718022358587,0.8167119
0.49717805727789005,0.49973992
0.5178228375645161,0.5122386
0.920175469102203,0.93308765
0.9112168500202461,0.91157746
0.498409922024635,0.49864772
0.7492184475006081,0.7279837
0.499512079911519,0.49933064
0.552069543470955,0.5571587
0.50002312641829,0.50076073
0.9232129007569041,0.93471813
0.7058673469387751,0.7060673
0.497483394404772,0.49897707
0.9533800299478251,0.9522775
0.674497520453403,0.6821946
0.9743955975547931,0.9548464
0.7514926891001391,0.72611296
0.97958277354829,0.97478664
0.5559099849829331,0.57217366
0.963604162074125,0.9515703
0.593800514209135,0.6136309
0.9647761017358211,0.9532621
0.954936610497196,0.9563362
0.9480286738351251,0.94298434
0.5088777754722711,0.51102173
0.49932753335914004,0.49910435
0.924160877827881,0.9374889
0.572081006488672,0.57609206
0.49978298597268106,0.5014249
0.49227132232751303,0.49754483
0.50002312641829,0.4998951
0.546571461297021,0.5321201
0.973717948717948,0.91849375
0.8338276742795581,0.83388054
0.9438202247191011,0.902233
0.630579931962532,0.6046533
0.9354481833696421,0.9333356
0.972657084347018,0.95091707
0.9884415775288791,0.98552173
0.7862602092563921,0.71578646
0.9375,0.94133425
0.8527455270841671,0.85699785
0.9505229782900381,0.94873965
0.49255071992397703,0.5009195
0.5020224242407161,0.49864772
0.500565197105398,0.4983281
0.520326820911159,0.55052286
0.500119604378338,0.49900383
0.9344986357791281,0.93452144
0.9343604108309991,0.9204133
0.9499019134845901,0.9987145
0.515245434267221,0.5078291
0.5666120253512801,0.5659062
0.49629177508381306,0.5000446
0.5105574080521991,0.5101217
0.49915527454453507,0.50059026
0.887675579564948,0.8998075
0.49750156972143206,0.4973914
1.0,1.0001311
0.502405799874526,0.50105447
0.507460749446718,0.5093704
0.7124972195792031,0.73657066
0.500695032837249,0.50028116
0.5006955946478261,0.49980783
0.503098355351955,0.50231725
0.5983424152172331,0.5690432
0.6928770762740221,0.75718725
0.49474996850988506,0.4972558
0.49665556236740505,0.5056169
0.867212189859734,0.87899715
0.502725424389006,0.50114095
0.49950405146004806,0.49999917
0.502387797838383,0.49947357
0.5015516624991511,0.5033839
0.49514659565078906,0.49529856
0.962472969821875,0.93482614
0.9700869737433581,0.861033
0.49965957597160304,0.49973992
0.77173241721186,0.7668728
0.49614197355154205,0.5002094
0.575522067403978,0.563495
0.6486203572338021,0.7593606
0.88370234309075,0.88137186
0.630250747642051,0.6308335
0.524497724497724,0.51801634
0.909420849191326,0.90830797
0.49989718451914605,0.5004534
0.774375986652242,0.79732686
0.5270927229708411,0.55944645
0.8415167833120091,0.8461383
0.9250338635566031,0.9039852
0.555667699303237,0.56188744
0.725692201319694,0.7911112
0.579290503068505,0.5151782
0.530811423409106,0.5181624
0.499580511765055,0.49954575
0.501859342206393,0.4986716
0.500119604378338,0.49973246
0.9419021359679901,0.93684244
0.968326879639231,0.9638696
0.503058335837557,0.50005203
0.49893805928350604,0.49978265
0.528873076474179,0.5265674
0.9377455683354441,0.93778414
0.500454067453571,0.49980783
0.502219522669616,0.5017618
0.499648936267201,0.4998951
0.507867837789421,0.5069304
1.0,0.9959926
0.499601202287469,0.50190854
0.499512079911519,0.49933064
0.501330282245546,0.5014249
0.951128441878866,0.9570142
0.500237754817213,0.502236
0.49626525855393305,0.49944246
0.5376675399684231,0.5241607
0.49639825732088005,0.50372404
0.5807203820485071,0.5774939
0.803293846710169,0.81199634
0.49906825143667205,0.50845194
0.9320439044789001,0.9339246
0.503433468170371,0.5002291
0.502587972714425,0.49695134
0.76005110196831,0.7725337
0.500573224566362,0.49959248
0.49915527454453507,0.49961698
0.5055182626590631,0.50039697
0.637664783427495,0.6366827
0.7392207242370931,0.7049152
0.9375,0.9337229
0.49333263125343,0.49502698
0.500949894442691,0.5019572
0.5609805236831611,0.6141456
0.5007841294916691,0.5084673
0.8754411307135911,0.8674311
0.909852245723046,0.9092311
0.5236497877122871,0.5038824
0.49989718451914605,0.50019157
0.8700617207750011,0.8585055
0.49763998039973306,0.49766627
0.8134436701509871,0.80147064
0.8582507401251821,0.8348395
0.49922349136945404,0.5035056
0.5029671218750751,0.50118595
0.49676203921370704,0.49912253
0.720155021869447,0.6988435
0.862399931410449,0.8443549
0.5111701118524571,0.4990148
0.9801802394202481,0.9744085
0.507468888292967,0.50864637
0.519668814539997,0.5105607
0.5020116578658751,0.49966937
0.75715465739354,0.73578876
0.9018854553952871,0.9044098
0.49995020160679104,0.49983874
0.500454067453571,0.49980783
0.506515281303632,0.49991134
0.5737800922774731,0.58500344
0.898899637002685,0.8989876
0.5139267285160061,0.51226205
1.0,0.99794567
0.9193527315577211,0.91825426
0.885861379661924,0.84336466
0.501753034581885,0.49973992
0.500912125521858,0.5002567
0.9375,0.9395332
0.901591720682095,0.90912914
0.515158833846742,0.54198617
0.9000778278747901,0.90893394
0.791084154632397,0.8218179
0.504556372306183,0.4994911
0.8879212046490451,0.8754803
0.5029671218750751,0.49944133
0.686410211461141,0.61941135
0.5876867106076591,0.6103782
0.50002312641829,0.4998951
0.9650430038654211,0.95529985
0.49892143726581606,0.4983278
0.766798185312852,0.81330425
0.49699818794582,0.5035591
0.8716344396090421,0.8597223
0.9019101425881081,0.89925367
0.9478842410400791,0.9488981
0.5027211194972561,0.5008083
0.49774319456414706,0.49988204
0.49639009663404005,0.5030861
0.90592226520827,0.9143085
0.885653209395849,0.90350217
0.8933440628806111,0.8719561
0.9201631354754011,0.92267257
0.9791847906418361,0.9821846
0.49893353652929906,0.4984792
0.49950405146004806,0.49999917
0.49763998039973306,0.4978919
0.49950405146004806,0.49999917
0.498263375631296,0.49777132
0.912110352974817,0.91214526
0.9282324738555071,0.9275214
0.49909013291806703,0.5005924
0.891636787126708,0.89788
0.7851524641131261,0.76966214
0.9239299263614401,0.9104087
0.495779074350491,0.50322217
0.5068812435942961,0.5027523
0.5011898665562441,0.50068533
0.8862510311221711,0.8571419
0.8557669696603181,0.84752494
0.838731433970848,0.842846
0.8175259245112181,0.81834376
1.0,0.9613153
0.49852733247435504,0.4974372
0.496432690081114,0.5093352
0.50422152083883,0.50222826
0.497209265584415,0.4984691
0.5160774408784571,0.5032815
0.499512079911519,0.49933064
0.49950405146004806,0.5026858
0.508815224332396,0.50839007
0.49781613799915103,0.50089896
0.503196042085449,0.54218835
0.658569785653864,0.6440283
0.49763998039973306,0.49736038
0.517989812475106,0.5090397
0.49889943051422503,0.49983743
0.845464896682365,0.8638761
1.0,0.99857783
0.8548219016288441,0.8674311
0.9970588235294111,0.9978468
0.5004044770249161,0.4998006
0.498263375631296,0.4980772
0.499827204468106,0.49944246
0.522308354559869,0.5324306
0.6402835828069471,0.6683549
0.9520518241690311,0.9375658
0.513653752825042,0.53499407
0.502530087366996,0.5034571
0.886024995837496,0.87756735
0.606040099664741,0.6116263
0.5002623458294411,0.50074446
0.504833853725716,0.5033279
0.499354866055418,0.49944246
1.0,0.9989791
1.0,1.0000618
0.49852733247435504,0.4977431
0.498561136895023,0.50028795
0.8902591936682841,0.8805492
1.0,0.9912573
0.984599528857479,0.98653704
0.503457767538198,0.49864772
0.49988837093825506,0.49885058
0.936077638653188,0.92843866
0.511906270181402,0.5069279
0.511714990926265,0.5061061
0.5027248442598691,0.50315166
0.5032126983955231,0.5018983
0.505094109043253,0.5025777
0.5034841222921941,0.5110387
0.500296898109939,0.50271374
0.49521460941190903,0.49794275
0.5114105271475441,0.7990502
0.9417536677710401,0.9269113
0.49811173289433003,0.49980885
0.50002312641829,0.5003733
0.720430308931131,0.7122463
0.9686583092833091,0.9655403
0.8235471898302881,0.815864
0.587224326975599,0.58260727
0.500558013856718,0.5013611
0.8633263625014861,0.8568475
1.0,0.9991951
0.49614197355154205,0.5002094
1.0,0.99982226
0.499827204468106,0.49819997
0.49862299254934206,0.49966937
0.49947445958747605,0.4996329
0.6099693583365721,0.6495194
0.845805109897644,0.86198074
0.497659473213426,0.50385046
0.500464861698805,0.5002291
0.498409922024635,0.49793115
0.5035041265492091,0.501978
0.49651688659367404,0.5002714
0.9245083988341901,0.9411627
0.500565197105398,0.4983281
0.499080687231277,0.5013891
0.5004044770249161,0.5001692
0.508666166205183,0.50415117
0.5024638163107791,0.5007698
0.498769981174049,0.49973992
0.837812475802109,0.8386743
0.883691756272401,0.8649498
0.500380311865968,0.49987257
0.505361986613164,0.50096023
0.491387081349798,0.50322217
0.8499180783895961,0.83376956
0.49734644264454203,0.5002094
0.9646220069948881,0.97497636
0.49993347492712303,0.49973992
0.49284857254881903,0.50926673
0.5007841294916691,0.5084673
0.8879345722028651,0.8874205
0.9074847646046631,0.91683763
0.500079433225301,0.50051975
0.501298943348574,0.49934426
0.950512513848442,0.9463659
0.49970386444477105,0.49912703
0.8701371543887271,0.8836863
0.5093208771609941,0.50481874
0.49621292099906206,0.5052152
0.50121557909572,0.50445783
0.501103413035602,0.50174165
0.5112591306148571,0.49811834
0.49746080848296304,0.50009507
0.94711149791113,0.9370958
0.9123599214864321,0.8972359
0.9765066000866051,0.9902943
0.49774319456414706,0.49988204
0.940155228758169,0.94567734
0.6304640709547711,0.64218265
0.499580511765055,0.4993758
0.7721834466470611,0.7311258
0.49918770066295604,0.4997029
0.49712783114367204,0.5009285
0.8827484119095781,0.8833748
0.501298943348574,0.49934426
0.501573426604507,0.5008283
0.5002878058029441,0.50051934
0.5022111382681821,0.500173
0.6402835828069471,0.65738225
0.500912125521858,0.49951357
0.8708833685566151,0.8794988
0.4968450207637,0.49668995
0.499580511765055,0.4990323
0.505293461477566,0.5055614
0.829231886431379,0.8220139
0.49654866135697806,0.50054896
0.8134436701509871,0.8090768
0.8570080894544451,0.8518802
0.630250747642051,0.6308335
0.49979369971931603,0.4999553
0.7562270545435511,0.7614424
0.9190069782953011,0.9114736
0.7648944586881651,0.72775924
0.8226787360465471,0.8455411
0.49750156972143206,0.4983108
0.506346932000288,0.5035398
0.513769245447534,0.522289
0.5158819914086771,0.5164094
0.8634375012057091,0.8564799
0.500810247184957,0.5007071
0.50001371170741,0.5010218
0.9373452130769271,0.9374476
0.501840850387248,0.50940573
0.49918770066295604,0.4997029
0.49792465016282106,0.50114906
0.9205975941280451,0.9264877
0.5004070501062431,0.5017414
0.8485767023003771,0.8085205
0.8656265036483781,0.85691077
0.500558013856718,0.5000995
0.515010946907498,0.6688382
0.49657564110685104,0.49951357
0.49918770066295604,0.5006254
0.49892143726581606,0.49882847
0.504601772992541,0.49903426
0.502541133194019,0.50471747
0.498449413237162,0.50219196
0.893354843960182,0.88237333
0.5007841294916691,0.51029295
0.8841307866556871,0.8778806
0.500923933778572,0.50100625
0.509814662295469,0.5064214
0.49973610055538104,0.5007417
0.500565197105398,0.49884155
0.983340364274297,0.9778015
0.9136115137545031,0.91825426
0.63021669341894,0.62784404
0.97090687179055,0.9683212
0.9375,0.9032228
0.9845501671478081,0.98954445
0.9377492815393621,0.9274681
0.5004070501062431,0.49980783
0.49925020236184503,0.50010353
0.909687143740688,0.90507305
0.5023269048546071,0.5045669
0.49950405146004806,0.49999917
0.956411692504006,0.9627053
0.509191504917474,0.50971895
0.516983477406692,0.50021535
0.528701708264094,0.6024
0.59519751082251,0.66466856
0.49750156972143206,0.49838004
0.7313114027993031,0.73307294
0.545382366506953,0.5314449
0.9521609638282591,0.9530097
0.601697521534585,0.5807058
0.506373244554416,0.5052953
0.658683242713897,0.6427536
0.499745275795049,0.5005776
0.49707614120036503,0.49968532
0.9848461630748371,0.97492284
0.8648213319685201,0.8735264
0.5000249731831891,0.5011706
0.54902622311146,0.546006
0.902789053898522,0.8833694
0.500454067453571,0.49980783
0.499648936267201,0.4998951
0.506078157088062,0.49981964
0.5047226115804321,0.50468874
0.8866106623915081,0.87780887
0.947051167661854,0.9473317
0.49988837093825506,0.49864772
0.49926820304022906,0.50140136
0.9658592441780091,0.97055256
0.49971191282109806,0.50003344
0.917332579321471,0.9202988
0.9599756569294381,0.9732365
0.48275326649996103,0.50026846
0.792389776555072,0.7766338
0.833249354027878,0.83466333
0.926148769475106,0.9453599
0.572081006488672,0.57609206
0.5109583764516931,0.5053309
0.630057873830237,0.55960274
0.8658342466151151,0.8632814
0.636719483953476,0.6454358
0.91876205776327,0.91124094
0.49964134173464303,0.50138485
0.49931466886729203,0.5056279
0.49652035514771403,0.49970695
0.501393992169448,0.5014108
0.9651469843089341,0.9532621
0.9726133839271611,0.95551896
0.9798162246438101,0.9755224
0.800596482852838,0.8387534
0.500949894442691,0.5019572
0.498042911677041,0.49864772
0.874527620032974,0.8508799
0.500592018047819,0.49850592
0.615186025415951,0.5861184
0.9220897335454201,0.9056782
0.9918699186991871,0.9968466
0.86698167300143,0.87881476
0.49804523428894004,0.50008005
0.8858204232057321,0.88651496
0.49668821811807806,0.5001387
0.522454213922467,0.5013937
0.8060394614308131,0.8385574
0.502606975521402,0.5129149
0.7079587079587081,0.6925969
0.49742963110499905,0.5002587
0.982100956343197,0.9321165
0.498766552650148,0.5162199
0.49198630188903203,0.50035477
0.503066292975872,0.50277483
0.500511544482512,0.4997383
0.503571145042057,0.51507956
0.9550321871023221,0.9683515
0.499444879647826,0.49911553
0.50337933341758,0.5028736
0.9382569734847461,0.9257958
0.9826509655983231,0.98251057
0.8523589070741341,0.857492
0.49893805928350604,0.49918225
1.0,0.99413216
0.500239914586007,0.49990064
0.8690488567234421,0.84502494
0.500931926227075,0.50288856
0.8604979659820301,0.84626263
0.7954491094457551,0.7824973
0.505777816720207,0.5077534
0.49781613799915103,0.50089896
0.500708693152706,0.50061375
0.7665896218725811,0.80232716
0.687309175379714,0.68859464
0.5022383890602771,0.50087494
0.974370729801267,0.9776115
0.501806880745989,0.5016701
0.49676203921370704,0.49897707
1.0,0.998096
0.49198630188903203,0.49977025
0.567519550331125,0.57748604
0.512733096257451,0.533222
0.9356254750524301,0.92471576
0.988774001840204,0.9801411
0.536250183052008,0.56428945
0.597775770303828,0.57864165
0.626862683020414,0.59541744
0.9861823361823361,0.9882855
0.557133261839392,0.5331465
0.511282243163253,0.5642302
0.5110732966072971,0.5057153
0.8402799537899761,0.8585646
0.964756493328051,0.9532406
0.671758960805869,0.6595167
0.6495816312610201,0.64822567
0.864814814814814,0.8831404
0.8534603556493191,0.8507785
0.5236497877122871,0.50053644
0.9164279492990761,0.92174065
0.941736694677871,0.94334376
0.964705467529633,0.97623235
0.501077247973254,0.5022051
0.545372506874167,0.5259793
0.7961849331008211,0.79785275
0.645246171944134,0.6069019
0.620896748377548,0.6108203
0.5291841731716,0.5341389
0.848104829654114,0.8590532
0.687257384857554,0.73344505
0.5153745760552191,0.5048713
0.8135140058315631,0.83799726
0.49717805727789005,0.49973992
0.8954060350676881,0.90784353
0.8309010724548591,0.86589783
0.637664783427495,0.6356267
1.0,0.9992368
0.854825425450462,0.8785395
0.932251335023007,0.92482525
0.9147504662198881,0.9069837
0.9267760860431701,0.91631335
0.504597780595268,0.506739
0.496189498325092,0.50087404
0.8805640501906751,0.8997171
0.8320878054938111,0.8383378
0.841941885903532,0.82892
0.5178228375645161,0.5132089
0.8824403358595021,0.9020272
0.497483394404772,0.4992925
0.502177479353709,0.5039527
0.9004120315295231,0.91967916
0.6458058741046441,0.75258183
0.500158014110567,0.49847776
0.5007017790807541,0.5060352
0.516024673979219,0.5204144
0.942922380695097,0.9297089
0.643083663989366,0.5460119
0.49931859161911,0.5005803
0.774230117510169,0.80034983
0.691363707395503,0.73218685
0.49187461855414305,0.49916768
0.894047580795679,0.85893184
0.9813587901933761,0.98136604
0.515010946907498,0.6698116
0.864814814814814,0.86349785
0.7412204208884701,0.72092336
0.501229055294669,0.49968532
0.575526401090739,0.60210085
0.953029556185042,0.9621848
0.9695098808002031,0.994524
0.78585772711527,0.78496116
0.49866589658526905,0.49954128
0.500454067453571,0.49980783
0.49823317499747805,0.49999714
0.49862299254934206,0.49958283
0.971532544346232,0.98592836
0.971201205793014,0.9555566
0.9692504409171071,0.98609555
0.9563184663536771,0.9674492
0.944363277250518,0.9449137
0.5020116578658751,0.49885386
0.7961849331008211,0.806757
0.49882972481367205,0.50152004
0.500196483219839,0.50146276
0.9125594426005541,0.89477557
1.0,0.9973546
0.500912125521858,0.49952602
0.876315787180253,0.8649808
0.578991076495672,0.5536545
0.8233651436479481,0.8202861
0.50337933341758,0.50628006
0.92121982499316,0.92123526
0.9393298305713281,0.93592685
0.5132762899747161,0.5202372
0.5788946641675781,0.57709754
0.973534338358459,0.9707651
0.49944698782481806,0.49856153
0.6276139315858941,0.63172597
0.8879345722028651,0.8936062
0.49855193896819605,0.50533515
0.852923599067216,0.898126
0.5004070501062431,0.5002861
0.7732698906632841,0.76403916
0.8399652171174741,0.84574723
0.5004070501062431,0.5004573
0.5196491695616341,0.54164666
0.5947574740461771,0.5958047
0.502528758744563,0.5014643
0.49459843295655503,0.4973914
0.499512079911519,0.5000981
0.500728741052317,0.49954128
0.496236152162062,0.50199807
0.953588910829077,0.9634544
1.0,0.9867682
0.5072309593679281,0.5054914
0.49990608997482505,0.49933532
0.500454067453571,0.49980783
0.870311376583154,0.8534387
0.9918699186991871,0.99639696
0.9295792929754021,0.9271524
0.503058335837557,0.5003927
0.49971191282109806,0.499817
0.500304302608046,0.5044504
0.7506127450980391,0.7421317
0.5003770359124791,0.501092
1.0,1.0087967
0.49826935142133,0.5019764
0.514745570515708,0.52429724
0.5037753590866291,0.49801847
0.531799048001926,0.5159542
0.517541285298294,0.51786214
0.502356911996059,0.5018704
0.5004070501062431,0.5007303
0.501753034581885,0.49973992
0.54714346705657,0.5379497
0.500507886656388,0.50012434
0.499879448442118,0.50055534
0.7022680469505871,0.8543049
0.49945956534365404,0.5011574
0.9015894779574001,0.9146953
0.520364394770307,0.5200106
0.9319278831825261,0.93410933
0.506666231016178,0.50426364
0.8189630508380501,0.8741485
0.500538880838864,0.50499886
0.49876826102715605,0.49952897
0.9672793395026931,0.95274013
0.9493814430100601,0.94532543
0.7413690476190471,0.7504133
0.578727187472434,0.6104494
0.49862299254934206,0.49966937
0.50002312641829,0.50015694
0.9298521240757711,0.9314484
0.50624433826627,0.50728655
0.49075591968213006,0.50189394
0.600070483996859,0.5644067
0.8601882553476611,0.8334257
0.500345496894614,0.5020855
0.5666120253512801,0.5659062
0.49978739370589703,0.50244844
0.8286568785375621,0.85640377
0.501753034581885,0.49979255
0.544720073988048,0.53328466
0.897251839139778,0.9030209
0.501753034581885,0.49973992
0.9859382024007881,0.9664773
0.500239914586007,0.4999131
0.503131481457717,0.5056015
0.5270317213423831,0.52872074
0.63247222320704,0.6450584
0.51260739513275,0.50468934
0.497122986143104,0.5060574
0.9290271675395361,0.92889243
1.0,1.0060242
0.7229973529950111,0.7083561
0.49966998600585,0.5025474
0.8728784626061241,0.8560895
0.49654191992128305,0.50226325
0.500912125521858,0.49951357
0.7413690476190471,0.7409232
0.49899321580348605,0.5005854
0.9817961359628021,0.98136604
0.7389077645037491,0.8526483
0.821470132470629,0.8492998
0.49934563800066806,0.4996329
0.9254051906445561,0.9255552
0.8132263396325891,0.8148979
0.49983992584833503,0.49981132
0.5002774823785691,0.5001338
0.9705152913000311,0.9614287
0.9579226474668261,0.81204456
0.7335562621585471,0.71126425
0.606040099664741,0.61967236
0.792302944589476,0.80715024
0.502857016145411,0.50012434
0.49970386444477105,0.498929
0.9261117202564491,0.9301943
0.505495127165774,0.502742
0.49809563054404704,0.50166243
0.700429400615968,0.73221177
0.828397550676171,0.82794195
0.49995679887755,0.50004977
0.941736694677871,0.9440394
0.49633240120074507,0.50150645
0.7251125119057821,0.72610265
0.499648936267201,0.4998951
0.9122220477225811,0.90841925
0.49947445958747605,0.4996329
0.5006955946478261,0.5004573
0.502384756963555,0.50504154
0.900119502134692,0.915587
0.7571930748381861,0.7713786
0.941932500414124,0.9319884
0.5339102158586401,0.5265638
1.0,0.99877065
0.9288283045590031,0.9294844
0.989275421984355,0.9855384
0.9219658724815901,0.928149
0.8316276997352691,0.8386743
0.8469366416728581,0.8470478
0.9648707353252801,0.9663203
0.9310964999865111,0.9093456
0.9258141256179591,0.9264295
0.5188804462002821,0.5156663
0.804943299878899,0.8280025
0.543277396214895,0.542589
0.5007159010361171,0.50424504
0.7177993361288001,0.70122373
0.49938249211165303,0.5011918
0.503443445261438,0.5017171
0.501667976968812,0.5000295
0.9572992800159741,0.9574941
0.501496724308778,0.49934283
0.8499999999999991,0.837101
0.499080687231277,0.4992601
0.935704927514567,0.9449137
0.9339728833820851,0.9411661
0.9082395303428851,0.8955144
0.49915527454453507,0.49961698
0.9861823361823361,0.9888765
0.499745275795049,0.5000995
0.7536642574579681,0.7140685
0.49811173289433003,0.49933064
0.9838039513057161,0.98477
0.9480286738351251,0.94474566
0.9558623200321831,0.9543473
0.49483142422623105,0.50021785
0.5076013997616781,0.54543805
0.63021669341894,0.62962407
0.49868847657561305,0.4990316
0.505308865708156,0.506739
0.500695032837249,0.50038797
0.50052093191691,0.5002044
0.513802770677756,0.51714396
0.9465042137191221,0.94091046
0.7962768396448621,0.78005016
0.9585377836942711,0.9822356
0.500565197105398,0.49852613
0.9701509971848181,0.97142047
0.645233209569804,0.7304487
0.9005880540980831,0.87543863
0.8893252885881361,0.88400686
0.49971191282109806,0.5008169
0.5666380996977171,0.5631896
0.796260906460427,0.7741062
0.8003122283320591,0.80582803
0.49971191282109806,0.49979985
0.975724996311591,0.9771297
0.49990608997482505,0.49933532
0.497209265584415,0.49795565
0.9200855108254901,0.95123476
0.49652035514771403,0.49982032
0.499080687231277,0.5001826
0.49922349136945404,0.50239754
0.515010946907498,0.6698116
0.9417824698760411,0.9455161
0.8526800575254211,0.8417166
0.520730006592208,0.5201126
0.630250747642051,0.6308335
0.498640900853885,0.50112075
0.509189749576412,0.50021785
0.49988837093825506,0.49864772
0.9476548389264511,0.9451784
0.50431563622755,0.5052052
0.9545900624269771,0.9373719
0.5386451394753431,0.52289045
0.9449426731500211,0.9500046
0.921375866867654,0.9255552
0.521396788381688,0.5269427
0.5048016828482771,0.5017618
0.498713552170488,0.49912035
0.527264791478774,0.5317032
0.9586061507936511,0.9666059
0.9565439155844631,0.9604357
0.845536190292351,0.8639112
0.501502943472516,0.5007863
0.8592818677546391,0.8610199
0.515609451086123,0.5171994
0.519809385467758,0.51946914
0.5006955946478261,0.5002861
0.5148949553356851,0.5171994
0.9431767118087231,0.9533455
0.502387797838383,0.49947357
0.95056276971461,0.9479697
0.5014038141732581,0.5020401
0.49947445958747605,0.50028235
0.510152364719612,0.5004432
0.936330712961409,0.913006
0.499879448442118,0.50011116
0.80858704723564,0.81580776
0.499879448442118,0.49989477
0.501730502596727,0.5025066
0.49895693491174103,0.5003906
0.847112279834294,0.8556489
0.6073679302974221,0.636881
0.52151685834159,0.51682603
0.5021451451704231,0.50466555
0.9167011496070201,0.9321573
0.5010501726757081,0.50137883
0.49893805928350604,0.49888504
0.7393986952911591,0.85431564
0.9261740463486791,0.9255825
0.497209265584415,0.49829915
0.5335952787287921,0.542002
0.5046665428628,0.50511867
0.9410830632453171,0.9244236
0.63021669341894,0.62784404
0.501264148062127,0.5063118
0.5165424135362311,0.49742946
0.508204615446209,0.51427615
0.49823317499747805,0.5000757
0.5010281509304351,0.5028072
0.9323175954888071,0.9273061
0.49459843295655503,0.49804106
0.879849517618369,0.8645767
0.931229878942983,0.94874185
0.49927350117714603,0.49939355
0.9598925381394141,0.9582179
0.9523165177789451,0.9614994
0.502659699267854,0.5048862
0.8417449052995201,0.8302706
0.500558013856718,0.5010218
0.971828764799411,0.98038805
0.503213475611169,0.5031443
0.49947445958747605,0.50011116
0.9031082819649711,0.9070226
0.6653625366004,0.5462926
0.9157468556374431,0.92967397
0.502924408777583,0.5065277
0.7365862258237591,0.7397207
0.8247894606549421,0.8216303
0.49984831728131907,0.49951357
1.0,1.0009521
0.8261537520576641,0.8383378
0.5037753590866291,0.4966611
0.883646817350032,0.895743
0.9860502079619721,0.98250085
0.49966439687565206,0.5000577
0.8653546158998491,0.8603275
0.953078332043871,0.94878155
0.505198304146505,0.5022717
0.816054323167537,0.7939578
0.8683856166472801,0.860664
0.504556372306183,0.5008485
0.9375,0.9293741
0.8711429646822221,0.86311275
0.885637475327803,0.9045011
0.49847476946715,0.49880704
0.5947574740461771,0.5958047
0.7432583314637,0.7328919
0.7117359000337721,0.737086
0.9120514878221141,0.9152173
0.602987596001414,0.5511447
0.503832784231952,0.5039285
0.49875491246527703,0.49975058
0.49852733247435504,0.49778283
0.6830496816238261,0.6837834
0.529198250523032,0.5258795
0.5329493290509111,0.53172123
0.9391405122655121,0.92115265
0.9845501671478081,0.98954445
0.49763998039973306,0.49736038
0.4968450207637,0.49668995
0.9749611174507651,0.9491617
0.49761776303578004,0.49856105
0.500316846678864,0.49981353
0.570829947924952,0.5595095
0.49771089423556203,0.502961
0.9124021301170091,0.9091651
0.9412408222849181,0.9362389
0.740050524585889,0.74020886
0.510081507160103,0.502008
0.500558013856718,0.5010218
0.884835533402323,0.88633054
0.9590823970037451,0.9355704
0.8906719721544941,0.89287776
0.9438202247191011,0.92612535
0.49983537459501004,0.49847776
0.9214900420198471,0.92586243
0.8791660341657541,0.91642076
0.49750156972143206,0.49812037
0.49781613799915103,0.50089896
0.9433026531652291,0.96135396
0.5735409208265441,0.56478107
0.874766467156415,0.89043814
0.7406594379042081,0.7410498
0.6940280031897981,0.7420359
0.87397842116152,0.8675385
0.8432254211182231,0.7807924
0.574874248645806,0.6020608
0.551792887914413,0.5379497
0.884805759967598,0.9074338
0.5003976673015961,0.49920657
0.49852733247435504,0.49847293
0.526518462345829,0.5212706
0.504556372306183,0.50485885
0.5004070501062431,0.49980783
0.502387797838383,0.49948603
0.7117243867243861,0.8893505
0.918427230046948,0.9188484
0.501502943472516,0.5008356
0.759785059064341,0.7475528
0.500573224566362,0.4999801
0.643263599938357,0.58677655
0.90580506076191,0.9129031
0.63021669341894,0.62784404
0.9004120315295231,0.9056811
0.49801492621977905,0.5002313
0.9331491960071261,0.93648744
0.8499999999999991,0.831493
0.561969569640261,0.5701711
0.9005466025834781,0.7835615
0.501193629267469,0.5014643
0.500240522569907,0.5071102
0.9573643668857541,0.9445455
0.506533557796432,0.50238615
0.5014360930007651,0.50168306
0.924508645733038,0.9478943
0.534095980345994,0.51389205
0.6669937240250561,0.6192273
0.8549523988735771,0.8603275
0.629278547352155,0.6647983
0.572081006488672,0.57609206
0.8989818320783871,0.9019638
0.8622396391596581,0.86412036
0.49892143726581606,0.4983278
0.963895476948442,0.94699097
0.503058335837557,0.50005203
0.49429623167394404,0.5030669
0.501202416537546,0.5000577
0.49288480608202306,0.49999112
0.499080687231277,0.4992601
0.9503383858439801,0.94852275
0.502405799874526,0.49756038
0.7058673469387751,0.7062911
0.499378615141481,0.5012299
0.495188167333284,0.5013642
0.500316846678864,0.5001028
0.49918770066295604,0.5003524
0.504574803220889,0.4934919
0.8113616780320411,0.83941805
0.9250338635566031,0.91526526
0.8698080885118741,0.8627638
0.8295233921786771,0.8328936
0.9480286738351251,0.9486568
0.822333195696609,0.8249485
0.992878028404344,0.9869008
0.773751834667124,0.76653075
0.8902862319682171,0.87034893
0.8736173105732651,0.86323667
0.49970386444477105,0.4992725
0.529280394926088,0.5246181
0.504107468881411,0.5009516
0.504060008676797,0.49906358
0.499240349947895,0.49902782
0.9708995027960541,0.96139354
0.985907766163949,0.97833055
0.5037753590866291,0.50202894
0.895624125625174,0.9110876
0.500366546145096,0.4988711
0.548262038358709,0.5535753
0.508949375062921,0.50490963
0.663758203049005,0.61941135
0.508816183262746,0.50486124
0.5027219034810101,0.5011566
0.921800446860896,0.9300845
0.6260049743004611,0.63036513
0.85913090339702,0.8523248
0.522233878793395,0.5232926
0.543724480965139,0.54246044
0.5002623458294411,0.50074446
0.5822436625327141,0.62258554
0.499648936267201,0.50026375
0.9478883570930331,0.9453599
0.501573426604507,0.5008283
0.49915527454453507,0.49961698
0.5048256150179511,0.5027088
0.848204131182123,0.83376956
0.505668439832348,0.5060521
0.8286595363536611,0.8350793
0.499879448442118,0.4996329
0.511714990926265,0.506327
0.499512079911519,0.49933064
0.49931859161911,0.5005803
0.496219894771151,0.49988642
0.976712304087847,0.9683212
0.5906495857545531,0.5734991
0.500196483219839,0.50146276
0.8487978393742971,0.85635144
0.939864793411695,0.7558753
0.50012240225198,0.50125915
0.503248091090534,0.4975475
0.500366546145096,0.4988711
1.0,1.0000485
0.90580506076191,0.901623
0.49952382398589806,0.5030274
0.501730502596727,0.50422764
0.9868370064809401,0.9773356
0.9315400530430571,0.9122499
0.49811173289433003,0.49933064
0.826117153468632,0.8297247
0.9552994274959651,0.9621732
0.49855463791498306,0.50028795
0.5013120857916891,0.5008507
0.5130481566592361,0.5103236
0.9879400945874931,0.9862575
0.5196491695616341,0.53171533
0.495611661615788,0.49855796
0.500949894442691,0.5020065
0.49969987725430604,0.4992725
0.9686583092833091,0.967002
0.8910597449520311,0.89464813
0.495188167333284,0.50021714
0.900508572362759,0.9123595
0.5129354376871921,0.5098535
0.5022111382681821,0.500173
0.511242113238485,0.51053697
0.530839481269131,0.52856886
0.49932753335914004,0.49979177
1.0,0.9968629
0.50679451953681,0.54545635
0.945361163125478,0.93896025
0.9779786053839521,0.9774298
0.504362620318444,0.4988599
0.502872287807696,0.501978
0.9335459523954851,0.94044787
0.7034772182254191,0.72595793
0.50337933341758,0.50513303
0.97003582218948,0.9732576
0.498890782814056,0.49999
0.8908912572101421,0.88861674
0.49947445958747605,0.50055534
0.9633411596987761,0.95286405
0.498713552170488,0.4983278
0.49676203921370704,0.4992925
0.986384976525821,0.9795143
0.7506127450980391,0.7421317
0.875676527801827,0.8828874
0.9861823361823361,0.99079573
0.586052466064073,0.5774386
0.9692504409171071,0.98733103
0.801436201206943,0.8395138
0.9654182674010671,0.96270114
0.5002623458294411,0.50074446
0.562378525604536,0.5549353
0.51887843089407,0.526834
0.499879448442118,0.50011116
0.5002878058029441,0.5022679
0.5018468466511911,0.5046739
0.497659473213426,0.5081058
0.5084720497725831,0.4981419
0.6486203572338021,0.75955355
0.499080687231277,0.4992601
0.49763998039973306,0.49736038
0.9266070558273841,0.9274681
0.9130820926630011,0.9149296
0.903474862879146,0.9090636
0.487872102992473,0.4990203
0.7142020316360651,0.73816663
0.929853770739945,0.93346435
0.5007017790807541,0.51463854
0.500323675707262,0.50027776
0.621102293928055,0.59028786
0.49963142192520704,0.49933532
0.9617809160518751,0.98152584
0.49882972481367205,0.5011723
0.5061288564152321,0.5392319
0.507433805399761,0.5005854
0.6612059204737121,0.6924797
0.49889943051422503,0.4997882
0.5004044770249161,0.5002788
0.501161544190443,0.5022941
0.5004227315494191,0.50178
0.843033093947075,0.86078054
0.9588213113492091,0.9535337
0.5025585048859811,0.50096023
0.942600751352861,0.93179035
0.514887871122343,0.505129
0.502725424389006,0.50099736
0.49873597925853,0.4991799
0.9036726353821941,0.9210266
0.8176377904171601,0.7990324
0.501762493715577,0.50178
0.820921826326644,0.8436229
0.503683629772092,0.5034193
1.0,1.007745
0.9391405122655121,0.9316582
0.5105881384987281,0.5164094
0.9646312596894331,0.9532621
0.784550001333089,0.74859154
0.499648936267201,0.5008683
0.918427230046948,0.9334127
0.504082193788851,0.5015536
0.49811173289433003,0.49933064
0.5888835555823311,0.507842
0.9052069330944821,0.9120417
0.501298943348574,0.49934426
0.5013446003806771,0.50175244
0.9560347672951691,0.94873965
0.509270386400563,0.5024135
0.509910102598765,0.5022706
1.0,0.9995071
0.504089239106641,0.5017618
0.7096362414848211,0.7417018
0.508847345707461,0.50168306
0.852736712648628,0.83918804
0.5240356868106201,0.53317213
0.9101445812842881,0.91960776
0.863630926042922,0.86177
0.5016232342467101,0.5017414
0.49893353652929906,0.49840137
0.49514659565078906,0.4984958
0.500573224566362,0.49933064
0.772030930152757,0.7512699
0.7961849331008211,0.80331063
0.49885544970926204,0.50174326
0.8646962369656971,0.8548941
0.503429611890382,0.50234747
0.503749774589987,0.5019776
0.500196483219839,0.5015413
1.0,1.001277
0.516024673979219,0.5144475
0.512280147643165,0.51129955
0.927542205161848,0.9182054
0.899359008789801,0.9054179
0.9357888013902531,0.92412543
0.5049700113765171,0.5077792
0.49915527454453507,0.50059026
0.497659473213426,0.50708205
0.505155180432599,0.5029591
0.8328515628674741,0.8050317
0.9256714374129861,0.93414474
0.9664258596814511,1.002031
0.520812486233047,0.5232591
0.5692107631951381,0.64987266
0.7413690476190471,0.74041235
0.49333263125343,0.49696887
0.709857507214472,0.7059684
0.9204052786337271,0.9260912
0.49990608997482505,0.49933532
1.0,1.0014919
0.5015458071336281,0.5052531
0.5006955946478261,0.49980783
0.8688699616857191,0.857492
0.9452966681910311,0.9334661
0.5842932052384271,0.598311
0.9529736504271431,0.95274013
0.9175471218219711,0.9289398
0.495188167333284,0.5016952
0.505523239257324,0.4990553
0.503429611890382,0.50234747
0.9861132149938381,0.9877352
0.492634696383396,0.5065092
0.49944447405080905,0.5004787
0.613561020569389,0.6117147
0.505821191673363,0.4983582
0.498640900853885,0.50112075
0.506310944728611,0.5014949
0.49855463791498306,0.5002587
0.9487887771632351,0.944282
0.502088980303765,0.5014006
0.786538707793478,0.8126306
0.49645676428022906,0.49902928
0.501418997162556,0.50033283
0.5021934746739201,0.4997288
0.497356705623326,0.502961
0.6355221823607731,0.63560724
0.8457345230412651,0.85356766
0.9793087313355421,0.97801626
0.7711839995130131,0.7882165
0.8292593290948861,0.8184802
0.563641709340396,0.55305254
0.561897725436328,0.539401
1.0,0.9999927
0.505495127165774,0.5026286
0.49963142192520704,0.49933532
0.49932753335914004,0.49996924
0.505724108803936,0.50566983
0.500949894442691,0.5019572
0.5002623458294411,0.5012226
0.9756459278613441,0.97982085
1.0,0.998179
0.49676203921370704,0.49805
0.956685576632131,0.9484695
1.0,0.9945702
0.792572823230382,0.7959617
0.49801935757019605,0.49973068
0.8112535612535611,0.8227431
0.787687383744836,0.74754715
0.48852418588796204,0.503676
0.5004227315494191,0.50471747
0.838124378793566,0.8328233
0.504082193788851,0.5015536
0.5004044770249161,0.4998006
0.507247798075759,0.50049067
0.7191269101187111,0.68411326
0.569301355004153,0.6802088
0.9544753064311671,0.9375658
0.9224035053628561,0.93410933
0.504315391092799,0.5081159
0.500323675707262,0.5002653
0.5034877628119611,0.501978
0.61826446520194,0.5724496
0.49963142192520704,0.49981353
0.5020116578658751,0.49958283
0.510730487049202,0.51147455
0.8908912572101421,0.879965
0.9648629148629151,0.9681309
0.7700870314256261,0.76859677
0.782469426823103,0.7732936
0.963300165300455,0.97906494
0.513001876614493,0.518402
0.498713552170488,0.49863374
0.501502943472516,0.5007863
0.8471885816318531,0.8610199
0.6093915636560481,0.5917568
0.49835246090225205,0.49933064
0.501549133847647,0.5011977
0.49906825143667205,0.50186956
0.5150450162774101,0.50516963
0.498713552170488,0.49878109
0.5094758426478541,0.50722724
0.9599756569294381,0.97213745
0.49934563800066806,0.4996329
0.8601488095238091,0.86506146
0.49811173289433003,0.49933064
0.49619140048702304,0.5002291
0.873220817643054,0.8894392
0.505654235387066,0.5054886
0.511714990926265,0.5061061
0.496194063647011,0.5000441
0.915155048427262,0.9142334
0.49333263125343,0.50228435
0.5028536296709181,0.5105607
0.825475110524981,0.8157729
0.508875024437721,0.49991134
0.93485998325216,0.9531952
0.49950778109993804,0.5003596
0.837929958314351,0.8482333
0.9109462429732491,0.9096921
0.501035434220469,0.50055355
0.50001371170741,0.5000995
0.9246370583572071,0.91761243
0.967846850207789,0.96527696
0.772030930152757,0.7510336
0.803622146564763,0.7741062
0.5784543218640641,0.5895219
0.830131676285341,0.806696
0.9528502584385321,0.93926036
0.7058673469387751,0.7060673
0.49983992584833503,0.5002896
0.5298109019199081,0.67796373
0.9759092372437931,1.007391
0.503079944968279,0.50009507
0.6319862090638261,0.6480114
0.8158559285471371,0.8317485
0.50052093191691,0.5002044
0.497659473213426,0.5061117
0.8838599457216231,0.89043695
0.49983992584833503,0.49981132
0.5042355641935,0.5024901
0.946776990552288,0.944209
0.8167567063869331,0.83862936
0.512402079358678,0.5074069
0.57069834127745,0.55309314
0.8362799239610971,0.8222472
0.498409922024635,0.49866018
0.49854734973614906,0.4993009
0.49861386754551706,0.5002313
0.5044915963063561,0.5024951
0.621873684599621,0.6792635
0.499354866055418,0.49944246
0.500642846832961,0.50074446
0.499244204140023,0.50188744
0.514200338433747,0.5111306
0.50002312641829,0.4998951
0.905250371552739,0.9013893
0.5028966862326061,0.49903426
0.5124262633911421,0.51682603
0.49893353652929906,0.49843946
0.495611661615788,0.4988985
0.498409922024635,0.49864772
0.515010946907498,0.66944784
0.9020170057651941,0.88538885
1.0,0.99449074
0.912113728769752,0.9144304
0.947856866569552,0.9187313
0.49823317499747805,0.50004643
0.506902461127813,0.50485265
0.687309175379714,0.6712745
0.5340020018069941,0.54842305
0.8382864103941121,0.84350234
0.506902461127813,0.50828743
0.49886676557566406,0.50004977
0.864814814814814,0.86879295
0.8608973914206951,0.85038763
0.5017722185225371,0.5005192
0.976324545935577,0.9796318
0.9784844579063341,0.98186374
0.9086240144348211,0.9032248
0.764632309722824,0.76955354
0.500916349419921,0.49999112
0.487872102992473,0.4990203
1.0,0.9603198
0.496682386908857,0.49912304
0.501296629358374,0.5049382
0.9617348627093371,0.94641525
0.500976717881447,0.5346948
0.49763998039973306,0.49736038
0.500687922686139,0.49966937
0.8688460787404251,0.88115233
0.9234004164218551,0.9257958
0.49983992584833503,0.5002896
0.501229055294669,0.49973246
0.5104663200551041,0.50557226
0.49863013576295806,0.49996367
0.5248012601566351,0.52006453
0.9335038028816871,0.9296818
0.95053650049572,0.9161524
0.49626525855393305,0.4992725
0.5004044770249161,0.4998006
0.5010454538107141,0.49999112
0.9055725875953111,0.91842574
0.49175242167297406,0.5020199
0.9861823361823361,0.98639387
0.49941293093065103,0.5024901
0.956391314757794,0.96642447
0.964565295815296,0.9755674
0.856623081529803,0.8456855
0.9503708238581261,0.94414455
0.533755867688099,0.520271
0.49922349136945404,0.50285804
0.5169146135274,0.51996547
0.9016154518707781,0.9256299
0.498036659797612,0.5001608
0.509918241864469,0.5002291
0.832620248150952,0.83916515
0.572081006488672,0.57609206
0.9277874529649991,0.93778414
0.8682276154734561,0.8645136
0.8584153832581171,0.8492349
0.592976387855713,0.6069771
0.9665437262032991,0.9470055
0.9097353286435541,0.9114395
0.5177395233947061,0.5147252
0.507088372589073,0.5119837
0.7964875959361261,0.7720651
0.5218110593110591,0.53068405
0.499827204468106,0.499783
0.5007177389584461,0.50106955
0.8946755982951231,0.90097004
0.49234655042052006,0.5064807
0.796816158824285,0.81565124
0.50001371170741,0.5000995
0.926419602061024,0.925583
0.622301343616655,0.6813499
0.500695032837249,0.5000194
0.947486201441141,0.9453599
0.499240349947895,0.49950603
0.49675294502618206,0.49747562
0.501047084685711,0.4995318
0.5053469557967321,0.51324147
0.500659396564038,0.5021174
0.6366742551354091,0.61553586
0.5138293481436861,0.5129843
0.5041389892275611,0.5095747
0.942216646683911,0.9455161
1.0,1.0004922
0.9574250513775121,0.9730711
0.500511544482512,0.4992601
0.500565197105398,0.49884155
0.5012948228396791,0.4998504
0.8112535612535611,0.82215875
0.8175666430935691,0.8291374
0.49932753335914004,0.49910435
1.0,0.9991951
0.49893805928350604,0.49891844
0.49892143726581606,0.4983278
0.9097490682977171,0.9178626
1.0,0.99839
0.49612913845605705,0.49682617
0.500368344483629,0.5002313
0.495611661615788,0.498388
0.5068251245199561,0.5054914
0.9438202247191011,0.93001235
0.5016448866728,0.50460577
0.510616629382825,0.4961464
0.9429578235166991,0.9398281
0.5029671218750751,0.49988642
0.961716427553831,0.966294
0.515566606389391,0.5192381
0.5157655583731571,0.59210396
0.9202630205508701,0.9333021
0.9590823970037451,0.92216223
0.487872102992473,0.5002036
0.8347020991435361,0.84313524
0.49847476946715,0.49936575
0.49993347492712303,0.49973992
0.9265494932922741,0.921848
0.9087935100130221,0.8843178
0.5612837382143461,0.52474236
0.50001371170741,0.5000995
0.9686605405806671,0.96964985
0.9220508722461741,0.91960484
0.5004052662650771,0.49973992
0.692828316835669,0.6587254
0.9019101425881081,0.90839803
1.0,0.9974014
0.500827474773271,0.5006781
0.8417138493420661,0.836969
0.519491270653702,0.51926553
0.518148341244012,0.50602406
0.507395884228653,0.5094782
0.947903059902189,0.95498455
0.9395833333333331,0.93711585
0.7933078199463741,0.8192054
0.5021451451704231,0.5049966
0.9278885696354571,0.9333021
0.798793165168165,0.82014805
0.863097485028628,0.8886834
0.49866589658526905,0.49954128
0.499085430419937,0.5014108
0.50453527926525,0.50728345
0.5020116578658751,0.49960694
0.50014723271575,0.5008946
0.497209265584415,0.49752083
1.0,0.9889207
0.49759714044130104,0.49804106
0.704397864429377,0.72097063
0.849396135881462,0.8414207
0.49333263125343,0.49638435
0.9350627810466101,0.94036174
0.956427235176273,0.94672763
0.9354322907445731,0.9431609
0.8611262378151421,0.8610352
0.911583649761538,0.9054881
0.499161289745196,0.5009098
0.499512079911519,0.49933064
0.8288267880822381,0.7904977
0.648681584580151,0.64521587
0.7905920742950101,0.81625366
0.49876826102715605,0.49961683
0.49921964899393206,0.5009459
0.49632471191387906,0.5148456
0.7058673469387751,0.7060673
0.580782135059701,0.5790583
1.0,0.9986868
0.852817223153108,0.8841334
0.500642846832961,0.50074446
0.511040367818107,0.50047326
0.52353271165223,0.5024901
0.49227132232751303,0.4968411
0.805444482096464,0.7768067
0.5000070911811201,0.5010218
0.497887008795708,0.5006781
0.49918770066295604,0.4997029
0.9604668454850551,0.9653357
0.50399813453422,0.50555205
0.5007772343574101,0.49898928
0.500511544482512,0.4992601
0.9890742363139841,0.9875758
0.9553741015982571,0.9411661
0.9034312095388781,0.8988692
0.8161724479654291,0.8256297
0.573676223490562,0.57126164
0.49947445958747605,0.4996329
1.0,0.998096
0.500033000362297,0.5025474
0.9836489720882031,0.98401105
0.805119184205033,0.81580776
0.726442071805904,0.8582171
0.772794251804322,0.7763518
0.5056218246562301,0.5053289
0.9260683760683761,0.90686095
0.519725779621613,0.50820017
0.884805759967598,0.89615375
0.894776793269144,0.8819457
0.49198630188903203,0.50035477
0.5012948228396791,0.49828506
0.936562909175887,0.9391055
0.9507749186680771,0.9449137
0.548189501504825,0.50021535
0.893296120182511,0.897642
0.650516502561538,0.6114331
0.9344092448694951,0.9314963
0.941254340569569,0.955061
0.498263375631296,0.49777132
0.8657031388156241,0.8475776
0.49813759343838804,0.5025753
0.49333263125343,0.50228435
0.87827274361047,0.8880144
0.500757065297619,0.50153846
0.508249434237319,0.50771165
0.49927350117714603,0.49934426
0.49514659565078906,0.49873257
1.0,0.9630507
0.500659396564038,0.50244844
0.903647683080503,0.8725583
0.90224904847663,0.9180638
0.497652576874736,0.5006781
0.49932753335914004,0.49910435
0.588358318018763,0.5792466
0.9103205628741591,0.90601474
0.923879009681815,0.9243949
0.6873608520764101,0.67377067
0.499648936267201,0.5006428
0.5004070501062431,0.49980783
0.8991219461095981,0.9146314
0.49900207084731,0.5021208
0.5006407417551351,0.49903426
0.5004044770249161,0.4998006
0.776372205075144,0.78478014
0.500708693152706,0.5001356
0.8555969693551471,0.8936904
0.49947445958747605,0.5004003
0.49908561318925704,0.5012185
0.49652035514771403,0.5000577
0.9446048710341671,0.9417857
0.49527758172628006,0.50047326
0.605487190634389,0.6046533
0.516024673979219,0.5206661
0.49528512531366603,0.49969247
1.0,1.0011518
0.51534897023822,0.5171994
0.8558222532578431,0.86323667
0.5004070501062431,0.50057524
0.9813207561339381,1.0081408
0.8765812427063471,0.88115233
0.49806361374627006,0.49847776
0.501573426604507,0.5008283
1.0,1.0004603
0.9501964341437441,0.95814425
0.49990608997482505,0.50025785
0.52026791283948,0.5355441
0.498769981174049,0.49973992
0.746096109551249,0.74146706
0.504740465822162,0.50534403
0.496219894771151,0.49988642
0.49854347189868004,0.50049067
0.498409922024635,0.49866018
0.9587181691688791,0.9644496
0.82111289687455,0.8012247
0.9036726353821941,0.9070285
0.5001223941650711,0.49873707
0.5088858308942951,0.5018416
0.965196845240274,0.9552771
0.9087935100130221,0.8865274
0.505651815038445,0.50064576
0.49963142192520704,0.5001028
0.497604531158823,0.49918896
0.7953089934749671,0.7725393
0.500239914586007,0.49918407
0.500237754817213,0.502236
0.503391126068324,0.50170493
0.7930262863925851,0.7741062
0.49943205509064903,0.50087404
0.498263375631296,0.49777132
0.630860649681657,0.6058122
0.499378615141481,0.5012299
0.9601715686274501,0.9655838
0.5063412936089561,0.5041359
0.49893353652929906,0.49840137
0.9428574436876511,0.95107955
0.854621830853561,0.84183407
0.5039915038293621,0.5001766
0.5001444302225551,0.5071141
0.501762493715577,0.50062996
0.799708175451567,0.7663943
0.9218902187794171,0.9453599
0.5822087202792591,0.5757083
0.496349282877429,0.4980946
0.492458183597253,0.5055542
0.749108674878176,0.701219
0.6315951665888071,0.6112098
0.8461324073671991,0.82969856
0.5119932991843741,0.52038777
0.8814686269964781,0.86577547
0.49717805727789005,0.49956942
0.904357572919642,0.90892476
0.49676203921370704,0.49877903
0.49781613799915103,0.50089896
0.510373119419272,0.53553224
0.500672748462896,0.49942282
1.0,0.9973052
0.501298936759786,0.5005971
0.8882926174548921,0.8723234
0.503363555704562,0.5065507
0.49459843295655503,0.4983108
0.497637390281559,0.49717054
0.902549165265312,0.8861996
0.500912125521858,0.49951357
0.5299269054971071,0.545329
0.508464207388395,0.5042404
0.969352179965387,0.98859763
0.9615495933547511,0.96471536
0.493204008775297,0.49813828
0.5013120857916891,0.5008507
0.761727947195293,0.782718
0.9879353233830841,0.989981
0.496682386908857,0.49912304
0.5706504097621571,0.5949892
0.49484753277226906,0.49689016
0.6706031899541001,0.642818
0.918312897683594,0.9696077
0.49651688659367404,0.5001928
0.8933440628806111,0.8815042
0.5002878058029441,0.5022679
0.9918699186991871,0.9958754
0.502895922392361,0.50551784
0.5002878058029441,0.5001146
0.8516412751333571,0.850716
0.8953778003121781,0.8933851
0.611393838823152,0.6113165
0.835459207581245,0.8382396
1.0,0.9992143
0.9793870917871871,0.9830959
0.501411783808094,0.49968532
0.559280703499997,0.53181857
0.500573224566362,0.49933064
0.716162383069309,0.67542255
0.500119604378338,0.49968532
0.500558013856718,0.5000995
0.503742349992312,0.49973992
0.5007841294916691,0.50917107
0.499827204468106,0.49944246
1.0,0.99566555
0.9312240468768831,0.93691206
0.8408031568239921,0.82283187
0.504556372306183,0.50143296
1.0,0.9963954
0.503745156109463,0.504574
0.8041650686749391,0.80034983
0.5103780292634781,0.5005274
0.570829947924952,0.5564382
0.5260479067970351,0.5670635
0.869114138936788,0.87286854
0.6830496816238261,0.687636
0.5154006930502331,0.51429754
0.49717805727789005,0.49980775
0.8742839411955661,0.8468876
0.49774319456414706,0.49988204
0.517053184768109,0.5098074
0.49993298366737504,0.49979517
0.5008933554242181,0.4999802
0.6871711588718681,0.7011485
0.9611140753731251,0.94874185
0.5012948228396791,0.49964958
0.978875283446712,0.9809015
0.49706711810160203,0.5003544
0.7095630551787561,0.6576088
0.645212830968611,0.62696403
0.49674203845581805,0.49804106
0.9970588235294111,0.99347854
0.945240878885738,0.9654152
0.961058038489053,0.9615001
0.49811173289433003,0.5000981
0.49983373386925406,0.5000679
0.501610266277696,0.50010043
0.49963802310328304,0.5026284
0.49950778109993804,0.5003596
0.9744976896112091,0.9641863
0.921911448066787,0.94312316
0.511469070080739,0.5098113
0.498968339374296,0.5009285
0.50001371170741,0.5000995
0.5138293481436861,0.5129843
0.683584032368687,0.70925707
0.680371503161167,0.57124376
0.49856532731203707,0.4926592
0.558996136813813,0.556922
0.49570325416230104,0.50172246
0.8395005040476161,0.8439997
0.8201095657668741,0.8486273
0.557174102469945,0.50299513
0.8631534895978551,0.8521785
