true_mean_similarity,predicted_mean_similarity
0.7859699046982851,0.78543985
0.496862097183462,0.49905875
0.5020536019836871,0.5076052
1.0,0.98396945
0.9702509819474201,0.96920574
0.500380311865968,0.50087065
0.8557621509544581,0.7870269
0.49884089895195505,0.53216475
0.498042911677041,0.49803734
0.620986128258986,0.61026245
0.515566606389391,0.5931359
0.49970386444477105,0.4993173
0.503391126068324,0.5102337
0.5138293481436861,0.5231208
0.503540713397657,0.50730586
0.9395833333333331,0.9281779
0.8787469385120641,0.8835986
0.5000249731831891,0.4988641
0.497209265584415,0.49899223
0.9249490126623011,0.94970274
0.9104770610588011,0.91653395
0.664699396734729,0.676068
0.5359592807469871,0.5068776
0.7848093025099381,0.8564119
0.5004044770249161,0.4991087
0.883691756272401,0.8776184
0.9524007286346531,0.94588375
0.498713552170488,0.49883077
0.506258256569944,0.50476974
0.49087453478973303,0.5057471
0.8443281045852571,0.86872554
0.565284691430823,0.56700444
0.49893353652929906,0.4987468
0.864814814814814,0.886992
0.9106745103477931,0.9261637
0.49219564444432806,0.5062204
0.49925020236184503,0.49951223
0.49651688659367404,0.498823
0.885613662548662,0.88876057
0.497268506123528,0.49918637
0.517269704577071,0.5195358
0.9395833333333331,0.9562053
0.826867217545166,0.8234033
0.9728208877796011,0.9750226
0.5294205157374451,0.52111435
0.8429821140158761,0.83860624
0.500573224566362,0.50046694
0.941406045298626,0.9291787
0.503391126068324,0.50837743
0.554351615347644,0.5481827
0.499827204468106,0.49929783
0.95955719358656,0.96707845
1.0,1.0001979
0.6983075256304091,0.6992243
0.49892143726581606,0.49892816
0.49676203921370704,0.4976313
0.49527393771607103,0.49988493
0.980776629453572,0.96964663
1.0,0.9997112
0.923311974660125,0.91132236
0.9705878123225051,0.97806853
0.51863433112746,0.5168666
0.501610266277696,0.49921387
0.500079433225301,0.50183845
0.98196505162176,0.97521645
0.5052246039975821,0.50387055
0.5324593048277251,0.4866236
0.9089498076875181,0.91753286
0.9155925490290141,0.92042196
0.8846970450239041,0.8885569
0.981039876697479,0.9771626
0.817163631725055,0.8573541
0.7479074599065051,0.75784534
0.49652035514771403,0.49939647
0.841058535935943,0.8488777
0.49972792679134503,0.51496625
0.49652035514771403,0.49960554
0.504851510250524,0.52113557
0.827895768961988,0.81347793
0.95762840445939,0.9536232
0.9375,0.96681637
0.5020801914810781,0.5003709
0.500912125521858,0.4991799
0.522072570629456,0.5439889
0.637664783427495,0.6807157
0.49989718451914605,0.4992367
0.8041308805265791,0.8043279
0.5241601619550981,0.527558
0.9041462445547811,0.90772283
0.9074484122173591,0.9120824
0.500120174296345,0.5011836
0.49672344731848206,0.506638
0.498382714064433,0.5012538
0.5004044770249161,0.49868444
0.5732221456819511,0.5666136
0.902789053898522,0.89400494
0.500573224566362,0.50046694
0.49918528466723205,0.49850607
0.501522523165235,0.50287807
0.5019054264316231,0.4990392
0.8272424586251781,0.78183216
0.630250747642051,0.67742795
0.49115678122111206,0.49680945
0.49707190797868306,0.50219387
0.524878468753468,0.5123466
0.5112591306148571,0.5037942
0.8948067632850241,0.8928443
0.851579570288526,0.868179
0.499719316510189,0.5054535
0.50002312641829,0.49953482
0.49811173289433003,0.49944195
0.978399855166404,0.97419226
0.565709277238403,0.57577115
0.957242369629769,0.9668021
0.49783277650010305,0.5010912
0.49971191282109806,0.4996815
0.491724624786024,0.49891686
0.499879448442118,0.4992063
0.500708693152706,0.50047505
0.645418325721808,0.5981103
0.516024673979219,0.513306
0.95039314346112,0.9551057
0.9918699186991871,0.99585676
0.620986128258986,0.60452527
0.8734304375667871,0.87954307
0.508666166205183,0.5013631
0.9438949337615921,0.946484
0.5015020206553921,0.49945197
0.49918770066295604,0.4992367
0.5171827160108411,0.51868623
0.9214389016558391,0.93944913
0.501610266277696,0.4991711
0.511432356213068,0.50858176
0.8088148612564581,0.7604316
0.919191446446852,0.91779876
0.500454067453571,0.50047505
0.8948067632850241,0.90580916
0.5146045033205671,0.5086478
0.5010176912781621,0.50650114
0.502339010448239,0.50350225
0.974207541760511,0.975729
0.950975867494748,0.962015
0.9477412781455691,0.95843345
0.548054224335904,0.57570267
0.91096138472899,0.88820124
1.0,0.9999065
0.499381135713136,0.4999784
0.520609527087597,0.5205986
0.526108445172849,0.53196317
0.49626525855393305,0.4962773
0.497483394404772,0.4962773
0.503749774589987,0.5011005
0.49845123957137805,0.4993173
0.49626525855393305,0.4962773
0.986308371540993,0.972279
0.833490868450361,0.89415157
0.7885697175642581,0.7611264
0.5947574740461771,0.6165244
0.830137005205531,0.82814
0.499080687231277,0.49963742
0.502339939667183,0.49901754
0.5339798123039611,0.5265432
0.501743283943045,0.519557
0.49804523428894004,0.49940738
0.9181222559945961,0.94875944
0.8548542557098331,0.8722699
0.49978137132874106,0.5000535
0.5099426511107811,0.5113611
0.8728053805747501,0.8592534
0.517541285298294,0.5175541
0.8954060350676881,0.90961266
0.497209265584415,0.49845147
0.49852733247435504,0.49793068
0.9073781913636021,0.9142528
0.504585384725703,0.5013181
0.87384195125575,0.88095933
0.928616352201257,0.9512567
0.9800397465727431,0.97458714
1.0,0.9975195
0.50361339539577,0.50038975
0.9654728066575791,0.9681807
0.8884588215260021,0.9059356
0.49234726211288704,0.5175791
0.8517386114426581,0.63465834
0.964671920503796,0.9631846
0.894046170843046,0.90932745
0.8954060350676881,0.91167504
0.944979413539583,0.9385665
0.9470673696251861,0.9566681
0.726939585903128,0.7485741
0.497685388722554,0.49966574
0.50001371170741,0.4993724
0.500146972595885,0.49620724
0.7179198354432,0.6464755
0.503749774589987,0.5019418
1.0,0.99938875
0.9375,0.9307624
0.509952821690557,0.51551807
0.73512622136029,0.7553144
0.503605558607885,0.50050807
0.497209265584415,0.49829212
0.5164246438708661,0.5687547
0.926846941099397,0.92931247
0.49862299254934206,0.49963787
0.49915527454453507,0.5007818
0.49918770066295604,0.4992063
0.563761773740603,0.546074
0.493629520940757,0.49945197
0.756195805271475,0.5677775
0.648985066508431,0.6350356
0.9845086635162971,0.975414
0.9082015379890771,0.88541067
0.675060199755738,0.6971745
0.9436890111745401,0.9544824
0.497316292883663,0.49940464
0.5222580933137191,0.5168666
0.984707314649175,0.93856883
0.6477544591723791,0.5771278
0.612399552854469,0.6347262
0.5046739385394371,0.49803528
0.501573426604507,0.49938148
0.49932753335914004,0.49978238
0.5052246039975821,0.50415695
0.9590823970037451,0.92294365
0.9262009750175451,0.92667013
0.829779530884293,0.8387568
0.5178228375645161,0.4946048
0.50273893751333,0.50925624
0.7580071361246461,0.7141339
0.8441949645611331,0.8520599
0.853481588312025,0.86595595
0.9506792253999291,0.90257674
0.6164269148393761,0.7025544
0.49687613060657804,0.50282973
0.9705746715499671,0.97458166
0.9720075292323691,0.97043943
0.506612656733894,0.505327
1.0,0.9765672
0.499741346752515,0.4973763
0.511961310380581,0.52260983
0.946669403776323,0.9410626
0.6578865542887801,0.82086533
0.500380311865968,0.500327
0.5237591293467561,0.53567684
0.49972792679134503,0.51496625
0.9375602270230591,0.94416976
0.9098122777363681,0.9213278
0.498640900853885,0.4995562
0.512813710827544,0.51121503
0.5054040362909821,0.51456964
0.49934563800066806,0.49961895
0.49494837954059606,0.5000483
0.940016429827156,0.9344359
0.9727268317887181,0.916848
0.504102425907047,0.50158125
0.503966813210568,0.49926588
0.6653625366004,0.65478
0.865827650097238,0.85934585
1.0,1.0008565
0.49338125545624606,0.4994769
1.0,0.99938875
0.9322094370422861,0.6949649
0.6099834236587021,0.8339394
0.880232854846247,0.851918
0.9589077102289231,0.95822
0.945443265367886,0.94654274
0.49866589658526905,0.49834478
0.500323675707262,0.49946946
0.855967428182782,0.8432761
0.49925020236184503,0.50030446
0.499080687231277,0.49960703
0.5381157613030141,0.52153206
0.8520845468267211,0.85217327
0.49835246090225205,0.4994839
0.49876004752767705,0.4990784
0.50517609899826,0.4996837
0.9695221381795911,0.9688948
0.9359346001019451,0.92143095
0.8102510483344161,0.8117429
0.49925020236184503,0.49951223
0.5303004495504491,0.5220635
0.663958187675986,0.6595621
0.5666120253512801,0.5667156
0.50500233100233,0.51087964
0.5034877628119611,0.49574023
0.50001371170741,0.4993724
0.643263599938357,0.6793062
0.73637715062715,0.76628476
0.5060264137121311,0.50617224
0.50092961695603,0.50260085
0.746451957130925,0.754439
0.500810247184957,0.4957467
0.879336489898989,0.8529168
0.493204008775297,0.49526614
0.8517477217729441,0.8639323
0.49892143726581606,0.49892816
0.8642919176649331,0.82235444
0.799960139762206,0.7967502
0.49819178231280603,0.49905875
0.5394742043502211,0.5370885
0.8103943687874351,0.83919334
0.524497724497724,0.5219096
0.502737797113438,0.50089276
0.49763998039973306,0.4978298
0.6970890791493151,0.6322266
0.502405799874526,0.50048995
0.49768929472501705,0.49889633
0.523977829757996,0.55720407
0.8578339673624571,0.8582178
0.751666666666666,0.94582546
0.9375,0.95992005
0.5312808731138451,0.51384586
0.608653543925821,0.67780834
0.9571946512956481,0.95153046
0.957114827484234,0.9374812
0.6319862090638261,0.6231759
0.5132762899747161,0.5057209
0.713184197721873,0.66840017
0.508782375256823,0.50930274
0.9646159532189241,0.9646199
0.830432340652224,0.7854584
0.499745275795049,0.49956203
0.7506127450980391,0.7518981
0.5019781258522611,0.50284386
0.499741346752515,0.4973763
0.8499999999999991,0.8085984
0.500728741052317,0.49782455
0.600138913762396,0.61344
0.505068314351631,0.49837375
0.49862299254934206,0.49950555
0.8215143672878491,0.8383812
0.520730006592208,0.5195735
0.65393614093036,0.51223385
0.49651688659367404,0.4989068
0.8112535612535611,0.816691
0.9618084572660731,0.95309955
0.918427230046948,0.9369125
0.9343604108309991,0.922961
0.5055182626590631,0.50029117
0.5004044770249161,0.49868444
0.5866977019931501,0.625796
0.8893252885881361,0.88039845
0.5029671218750751,0.5011686
0.499648936267201,0.49953482
0.5032767425251451,0.4996973
0.5204036083401891,0.53639
0.515741028143024,0.5178902
0.70437369448019,0.6949668
0.9600277723393301,0.92144537
0.512453687500262,0.5115581
0.501555558613415,0.5020087
0.49835246090225205,0.4994839
0.872411989719682,0.89410543
0.49876826102715605,0.50096476
0.984707314649175,0.7130312
0.8734304375667871,0.879158
0.520121098584831,0.51675206
0.5040098164170881,0.50392306
1.0,0.99613833
0.6970890791493151,0.6620301
0.495611661615788,0.4991655
0.49187461855414305,0.4977914
0.5236497877122871,0.5096733
0.49823317499747805,0.4999784
0.500672748462896,0.50049275
0.501525907030078,0.4995184
0.49885548484912207,0.5221591
0.503749774589987,0.50160503
0.49892143726581606,0.498657
0.501610266277696,0.49933046
0.497659473213426,0.49773353
0.5147236832542721,0.50858176
0.49945956534365404,0.49911976
0.963989977322354,0.9711468
0.503013926082315,0.49901754
0.963322240484294,0.90258163
0.8873902199231791,0.8884794
0.495611661615788,0.4994584
0.49811173289433003,0.49944195
0.9262405158572721,0.6497984
0.7506127450980391,0.74638534
0.500114298989349,0.50083345
0.5031569298213611,0.49680945
0.501363073282161,0.5000193
0.8979814764433861,0.91580456
0.501753034581885,0.49994123
0.49925020236184503,0.49951223
0.930944963993478,0.9139879
0.5032322168019701,0.50392306
0.8575858456736841,0.8492116
0.9246010863442451,0.9232522
0.531087468208258,0.5515299
0.899971701274031,0.9075546
0.6639362667924951,0.6656288
0.49764179266474406,0.51011634
0.9664791507081041,0.9621351
0.49750156972143206,0.49889502
0.916969018015356,0.9069039
0.5004085006177981,0.49857882
0.730289669972169,0.7534218
0.8335444850925181,0.8146401
0.8817904209185651,0.87010455
0.5950706700152261,0.5293307
0.498624528713531,0.49942747
0.517841270006662,0.5921594
0.906767482392121,0.90757674
0.499528057763775,0.52491117
0.892578888087296,0.8886583
0.824065466906986,0.84834236
0.9586801641688341,0.9655648
0.5150450162774101,0.5088136
0.9438746233079811,0.95654184
0.9724937996031741,0.9813671
0.49893353652929906,0.49941248
0.500316846678864,0.49800488
0.771628328565331,0.7726252
0.506902461127813,0.5175341
0.7466076521678381,0.7561891
0.497483394404772,0.4962773
0.9424055358331731,0.9386095
0.5006955946478261,0.50051826
0.502724389232254,0.5054384
0.516024673979219,0.519146
0.837304578298602,0.83878267
0.49990608997482505,0.49856958
0.8656838454358751,0.86588883
0.5020116578658751,0.49978817
0.7704583877269781,0.676068
0.49763998039973306,0.4978298
0.503742349992312,0.49933118
0.9385868264402131,0.94970274
1.0,0.996599
0.500459183576489,0.49988538
0.9486439722280441,0.9306535
0.960294858751438,0.9547525
0.557578112832381,0.55533254
0.8496229696257851,0.8254435
0.499512079911519,0.4994535
1.0,0.9987225
0.815795350499094,0.8119687
0.9659262702348901,0.96601486
0.9503708238581261,0.9478837
0.49804523428894004,0.5005719
0.5005422752066571,0.5017412
0.9092898719489371,0.88595587
0.501329765639906,0.5031224
0.49971191282109806,0.4996815
0.50216019937624,0.50534856
0.9089995731625731,0.9146776
0.544464511353297,0.54869235
0.654363573655632,0.6090856
0.9592199618494021,0.9659433
0.9522797670058251,0.955426
0.524455129581552,0.5088509
0.499354866055418,0.49643666
0.504461787239619,0.548992
0.9196596654573651,0.91779876
0.500558013856718,0.50047505
0.499378615141481,0.49957284
0.8662793840602451,0.8569565
0.9026069291766431,0.91025484
0.603154415029414,0.55583286
0.539247479135314,0.53884566
0.5894329588281011,0.5644216
0.49901086043658305,0.50333464
0.5114685493172471,0.51127076
0.49949661160096803,0.50093806
0.96517658531906,0.94917744
0.501035434220469,0.49957284
0.49927350117714603,0.5000996
0.8799415144566941,0.9021205
0.9535810280174921,0.9537011
1.0,0.9961699
0.92327990102649,0.9685845
0.497209265584415,0.4972198
0.8170558516860441,0.7974199
0.867745070345261,0.83803344
0.866216213794555,0.85013205
0.645212830968611,0.61026245
0.5049647369355831,0.51760197
0.49398672135175203,0.49944475
0.5241601619550981,0.527558
0.502212745753666,0.50273865
0.8476355582030821,0.82574344
0.895786153576914,0.9022587
0.5002188903674001,0.5044388
0.5950049603174601,0.58269185
0.851039207247502,0.8533801
0.851107991578364,0.863573
0.49852733247435504,0.4978298
0.49852733247435504,0.4978298
0.501116343711943,0.5059491
1.0,0.99949384
0.7507582939184031,0.91880435
0.833373874592457,0.81803423
0.9623385556426061,0.9599583
0.508071931866345,0.4998814
0.63021669341894,0.6447847
0.49763998039973306,0.4978298
0.5310894797690571,0.5223179
0.939551125986623,0.90798056
0.5004070501062431,0.50325847
0.974207541760511,0.97635496
0.7095864676032181,0.64374375
0.554310313342123,0.55764633
0.5020116578658751,0.5002045
0.500380311865968,0.5000589
0.981994331166371,0.9718381
1.0,1.0026705
0.8468338399189461,0.85397923
0.499067453974299,0.50054896
0.941736694677871,0.950245
0.506291524944759,0.51350695
0.500079433225301,0.50130385
0.88370234309075,0.87113833
0.49892143726581606,0.49892816
0.8487633717909071,0.8582431
0.515566606389391,0.5931359
0.9043520713999441,0.9159108
0.49953373213060603,0.49929637
0.49906806893659106,0.50279915
0.529638281715071,0.5265176
0.504169691068119,0.5042865
0.9598583012004991,0.9559896
0.508475295026176,0.4998338
0.5341745460466321,0.52836096
0.504859966817932,0.50392306
0.503611803185778,0.5070093
0.501229055294669,0.4990041
0.5058548065363471,0.5080181
0.9617400044731291,0.9559896
0.49989718451914605,0.4992063
0.49835246090225205,0.4994839
0.500728741052317,0.49798897
0.899204675413602,0.9150702
0.9672648102553911,0.97452384
0.49862299254934206,0.49950555
0.9083708755932781,0.89336807
0.501753034581885,0.49976614
0.8468338399189461,0.8479648
0.5008933554242181,0.49887732
0.500875834216958,0.501772
0.9383315574180311,0.9326447
0.7766783235739491,0.75431156
0.9664755022165531,0.96898764
0.498042911677041,0.49817088
0.5014244411815301,0.50588167
0.9446765913832481,0.9547525
0.51887843089407,0.5214133
0.5210370582729741,0.5102806
0.589934682947316,0.60238355
0.9549317788617591,0.9559896
0.569126903756857,0.5624804
0.515241962490061,0.50476027
0.838359282956018,0.85307723
0.9325583209224501,0.9143856
1.0,1.0006729
0.5000402802899451,0.49887732
0.8443505257064841,0.7854584
0.49521460941190903,0.498823
0.5022162440276571,0.50201356
0.799460527110418,0.8716398
0.8686145794485151,0.9105036
0.7186277892799631,0.71530324
0.8468338399189461,0.85389954
0.9085662491866571,0.9161073
0.501146821387166,0.5033301
0.8564215164932151,0.87517196
0.9287722522909351,0.91780794
0.9853202489127391,0.97705626
0.9218778538391411,0.9183446
0.506393647217889,0.51237285
0.7711983536807471,0.76628476
0.502387797838383,0.49922267
0.49975057879967805,0.49983093
0.870311376583154,0.87576884
0.9395833333333331,0.94553274
0.49614197355154205,0.49971372
0.9396207081237431,0.9312287
0.9441967414251441,0.9495683
0.503640497682541,0.50219387
0.873143371905666,0.86954486
0.8247098432555651,0.83556825
0.886280274325786,0.8698623
1.0,0.9934877
0.49854734973614906,0.49978188
0.9827525221691881,0.9574585
0.8305295168911071,0.8441636
0.9120075747404001,0.9256513
0.899427658364761,0.9213278
0.573350113358643,0.6172836
0.936005060956928,0.9516713
0.502387797838383,0.49922267
0.8653101971158561,0.86517507
0.49922349136945404,0.49890688
0.500728741052317,0.49856475
0.500119604378338,0.49954656
0.500312096715272,0.49589634
0.560584856664177,0.5491902
0.926260424029935,0.941281
0.505495127165774,0.50217295
0.495611661615788,0.4992821
0.500708693152706,0.50050545
0.501296629358374,0.50154096
0.500323675707262,0.49946946
0.7117359000337721,0.69876677
0.8643665575521361,0.8267462
0.5108387053570961,0.5215533
0.501007972238405,0.50169104
0.50002312641829,0.49953482
0.971532544346232,0.9801063
0.49889943051422503,0.4998443
0.9390263367916991,0.9320342
0.522821516933024,0.5163836
0.6678427528742651,0.6285409
0.8249122950272371,0.8622457
0.49734644264454203,0.49991858
0.5236497877122871,0.5093206
0.850347336522121,0.85602653
0.5774756626473171,0.61002344
0.7058673469387751,0.6986871
0.943545311939293,0.94620043
0.9117869198799341,0.9270917
0.499354866055418,0.4962773
0.53437021451702,0.53002524
0.5006955946478261,0.50051826
0.505371569679898,0.5044384
0.8431366399827871,0.820103
0.5017722185225371,0.50025815
0.5082562574949601,0.5090307
0.49915687990029706,0.49980325
0.5595875519550031,0.5680414
0.8594881472677021,0.8521118
0.49763998039973306,0.49849552
1.0,1.0233847
0.500708693152706,0.50047505
1.0,1.0079234
0.49676203921370704,0.4976313
0.7345648207698571,0.74522066
0.825316124232993,0.7907028
0.516024673979219,0.51429474
0.5004238303887111,0.5050785
0.497261717047539,0.49813968
0.504471845061728,0.50278825
0.500454067453571,0.50050545
0.500708693152706,0.50050545
0.49520334264539306,0.50169843
0.5468674976880501,0.60765976
0.503412221329081,0.49808675
1.0,0.9987225
0.9680633255409311,0.9711843
0.511140664009467,0.5142942
0.52639952838755,0.5147935
0.9042612257724401,0.9022128
1.0,1.0010012
0.931589045474923,0.928107
0.7664230720767731,0.82086533
0.677784428482752,0.68201196
0.49826935142133,0.5002675
0.504060008676797,0.49930763
0.49983992584833503,0.49926418
0.5097958257783171,0.5048572
0.88839448517099,0.9003724
1.0,1.0006729
0.9071522760125361,0.90230095
0.980426780757177,0.9749699
0.49983373386925406,0.50026214
0.962635182127314,0.97047853
0.9861823361823361,0.9667229
0.539639869681341,0.5259382
0.5442931703365721,0.5657173
0.49734644264454203,0.49991858
0.5054884621459991,0.5068776
0.5094649108865651,0.51916724
0.96584162586271,0.973056
0.502439655468938,0.50142103
0.980191554019127,0.9702179
0.49922349136945404,0.49895903
0.8831069358480501,0.8684606
1.0,1.0008565
0.499580511765055,0.49917412
0.9305603402694451,0.94276357
0.8844629400025801,0.8687596
0.601693045680193,0.62320155
0.504082193788851,0.50096995
0.9543769007931121,0.9513366
0.9899555175054061,0.9788923
0.95136304796041,0.94019115
0.5014010653652771,0.5220684
0.499381135713136,0.4999784
0.501073859387226,0.50022775
0.521360638405041,0.5227597
0.513432479613914,0.50501335
0.49826829768907205,0.48393226
0.49946395044266007,0.511826
0.5046270154587751,0.5010812
0.9639091272656231,0.9716626
0.49892143726581606,0.49892816
0.501189420525401,0.5022637
0.8712394451118951,0.8713754
0.88033067794838,0.87177336
0.5034686661901251,0.50022054
0.9815024006542861,0.6496742
0.8952592352454121,0.8822713
0.50001371170741,0.4993724
0.9879353233830841,0.98461175
0.7058673469387751,0.6986871
0.864814814814814,0.86135936
0.500380311865968,0.5000589
0.8175259245112181,0.7905701
0.899949348607173,0.9167027
0.503058335837557,0.49963194
0.8468338399189461,0.85791
0.87674762067499,0.8836026
0.7911250754523701,0.8135307
1.0,1.0249735
0.5552919655249,0.5710033
0.8616791615762671,0.85357016
0.972004057283776,0.9618374
0.500912125521858,0.499355
0.9464758291999471,0.9490054
0.884012238239226,0.8728502
0.956019562579517,0.95182043
0.49484753277226906,0.5080138
0.500239914586007,0.50030446
0.877513708958329,0.8686884
1.0,0.99938875
0.8828816717899891,0.89822125
0.8494639033804681,0.8612532
0.514216384599683,0.50858176
0.504793128275961,0.5012879
0.49927350117714603,0.5000996
0.520689274330433,0.5162509
0.49970386444477105,0.49929783
0.5020116578658751,0.49983093
0.975667615054407,0.9772704
0.720111448834853,0.7198738
0.49854734973614906,0.49978188
0.49993298366737504,0.49986213
0.501403960438067,0.49818912
0.9479106398505521,0.9344709
0.49892143726581606,0.49919614
0.502590066307244,0.49783832
0.8271950678505381,0.8484769
0.9025502853455221,0.90382093
0.49978137132874106,0.50046974
0.498713552170488,0.49872988
0.49227132232751303,0.4990814
0.955259568021906,0.9519837
0.49866589658526905,0.49933782
0.5022111382681821,0.50021005
1.0,1.0008976
0.501303589912739,0.5008564
0.9193056537947051,0.91528237
0.5957263718033551,0.5949942
0.49935750458445305,0.49988493
0.9963519313304721,0.9870577
0.49971191282109806,0.4996815
0.5035041265492091,0.50436956
0.5451432211697871,0.5466169
0.502953837286747,0.499664
0.49958472784866503,0.5015209
0.503217633840517,0.50009626
0.8264382548154301,0.8542498
0.496682386908857,0.4980932
0.49979369971931603,0.4999882
0.49881554017108104,0.4987095
0.912128155883082,0.9077297
0.9323537954069461,0.93308866
0.49886676557566406,0.49947265
0.533181737505045,0.60146505
0.5020116578658751,0.49983093
0.5028595716712231,0.50392306
0.9480286738351251,0.94675064
0.49474996850988506,0.49678126
0.500050277734842,0.50002915
0.497685388722554,0.49949065
0.9381193757295071,0.9377473
0.6536882394864051,0.6732855
0.9601715686274501,0.9640218
0.500511544482512,0.49928164
1.0,0.99971414
0.8003903299863611,0.83334213
0.5013756999945951,0.4980932
0.505845478409159,0.5080181
0.506800169097368,0.5118485
0.518718110851227,0.5113584
0.6486203572338021,0.78047574
0.5114334270245641,0.55592656
0.5374030117605421,0.55393505
0.847795691235506,0.8495483
0.49866589658526905,0.49859762
0.9051940340376141,0.9094689
0.49835246090225205,0.4994839
0.5117695778198841,0.50850695
0.9380329559810591,0.92383075
0.8787838484267061,0.8643739
0.802899720801009,0.82700795
0.8883691199500641,0.9013873
0.500280941142444,0.4964291
0.6274407658711081,0.6318724
0.50483068137814,0.5017443
0.49876826102715605,0.5004602
0.501869467036921,0.500848
0.5947574740461771,0.615571
0.50712522033159,0.5006022
0.9913123582766441,0.98098105
0.7412204208884701,0.7739788
0.915488359709092,0.9155365
1.0,0.9807477
0.9724937996031741,0.9801063
0.9310964999865111,0.9293914
0.5018967835540691,0.49784338
0.764931545295467,0.7541655
0.9229564944006621,0.920898
0.5374666543701511,0.53782904
1.0,0.99938875
0.9355332676989081,0.91019464
0.506210288705902,0.60651994
0.99039575858642,0.96133554
0.913759681133367,0.90798056
0.8964657546232071,0.8769477
0.741132631412689,0.75606126
0.9438202247191011,0.9301853
0.49934717363976505,0.49680945
0.5079959468627371,0.51569015
0.49990608997482505,0.49859998
0.960879357865117,0.9534763
0.49945956534365404,0.49911976
0.507970688631948,0.5120241
0.502313689255906,0.50092083
0.89104973446468,0.90637445
0.49754106080258304,0.5008564
0.880209473778726,0.86928445
0.5004044770249161,0.49871483
0.489070013667096,0.49985552
0.499354866055418,0.4962773
0.51235755371263,0.52201444
0.834423364670788,0.8267462
0.50216019937624,0.4996909
0.500239914586007,0.49951223
0.503391126068324,0.50837743
0.5006955946478261,0.50064963
0.49804887792371905,0.500639
0.885613662548662,0.8891456
0.8823810136769701,0.8900977
0.8468338399189461,0.85397923
0.501296629358374,0.49970752
0.499354866055418,0.4986442
0.5021745927094511,0.5025256
0.501502943472516,0.50091535
0.500323675707262,0.49964455
0.893479151460398,0.8714662
0.49932753335914004,0.4996815
0.956124191941893,0.9661044
0.49653711743128104,0.5013437
0.49521460941190903,0.498823
0.9397793486133491,0.930603
0.500239914586007,0.49946946
0.577189592315676,0.82239467
0.992878028404344,0.9828516
0.9669440811677181,0.9644972
0.99076812076812,0.9773897
0.503362116266979,0.50267196
0.532852514444315,0.61578417
0.9531638228107041,0.9062588
0.498042911677041,0.49799457
0.7565585305853001,0.79697573
0.9082583003444961,0.9178193
0.49950405146004806,0.4996815
0.5550555689495751,0.5970224
1.0,0.97667533
0.501357853164056,0.5011716
0.5158661292727731,0.5091326
0.872398489699836,0.84986776
0.501762493715577,0.50300914
0.613149154190478,0.5982702
0.5082562574949601,0.5090307
0.7117243867243861,0.72733444
0.8955436009829311,0.9139568
0.5027211180147511,0.545883
0.9587419154036211,0.94620043
0.501424358324994,0.49945924
0.9963519313304721,0.99034524
0.617281142925841,0.6215883
0.49763998039973306,0.4978298
0.841954770447341,0.8471401
0.580782135059701,0.5784034
0.503101552999604,0.50050807
0.497209265584415,0.49845147
0.49823317499747805,0.4999784
0.7186277892799631,0.7144871
0.500573224566362,0.50049734
0.89905780271877,0.9157323
0.937930605248887,0.92090636
0.9360027405146071,0.95654184
0.9079817195030451,0.9149513
0.49934563800066806,0.49958855
0.49983992584833503,0.49923378
0.50551443769323,0.5088509
0.9395833333333331,0.9378596
0.511934214294423,0.5136914
0.5202140646936491,0.5105055
0.501298943348574,0.49938148
0.536830860807028,0.5489857
0.8559810381304891,0.8289839
0.8000343634282251,0.56701714
0.49950778109993804,0.5007264
0.514147757946132,0.49507573
0.8316435240741271,0.84124285
0.949715758040178,0.9547525
0.500923933778572,0.5007634
0.5887946193431101,0.61086535
0.925673894976449,0.941281
0.7706090796875471,0.7961043
0.543808909796207,0.61000305
0.495611661615788,0.4993173
0.513001876614493,0.5088509
0.49484753277226906,0.5058974
0.979190186210337,0.97552514
0.9646220069948881,0.95703095
0.8257938931498031,0.7826725
0.502128113090336,0.4995184
0.9601715686274501,0.9593464
0.5018141178647301,0.5236298
0.501189593925318,0.50238234
0.523928406670176,0.5253449
0.500511544482512,0.49931204
0.49865372781523204,0.501113
0.497261717047539,0.49813968
0.49988837093825506,0.49937576
0.580782135059701,0.5789134
0.495611661615788,0.49929783
0.8545893719806761,0.7480099
0.495611661615788,0.4991655
0.497316292883663,0.5010355
0.9055106014505111,0.91286975
0.850347336522121,0.8651793
0.7880790911998881,0.82922894
0.610802718381115,0.6236913
0.50001371170741,0.4993724
0.896777529316191,0.90152943
0.518335883775352,0.51791316
0.9590823970037451,0.92399615
0.591779748463349,0.5853298
0.494711123913372,0.49905875
0.501460164601713,0.5021261
0.50010967133983,0.52163607
0.984918850289875,0.9801063
0.502686175915493,0.49977455
0.499080687231277,0.49960703
0.49993347492712303,0.49948272
0.49852733247435504,0.4978298
0.500642846832961,0.49924982
0.529393893619826,0.55677396
0.881168831168831,0.83332235
0.9800247845648821,0.98054713
0.49922349136945404,0.49890688
0.9963519313304721,0.9829353
0.7734734917336421,0.79858226
0.515122745067297,0.5120241
0.507756256376765,0.49837375
0.497685388722554,0.49949065
1.0,0.99576354
0.49895693491174103,0.50183845
0.8862514763883511,0.89140844
0.9565678858432021,0.9410626
0.501229055294669,0.498829
0.560232422014458,0.5666136
0.96696243329855,0.9598046
0.49932753335914004,0.4996815
0.902340420837989,0.9232556
0.5178228375645161,0.49283242
0.636885592324922,0.67559284
0.49983992584833503,0.49923378
0.7124972195792031,0.7157562
0.5154016491236361,0.5149561
0.5080858548824221,0.5043276
0.5439943852323651,0.53881997
0.8735295871259611,0.84981793
1.0,0.99613833
0.587337114421388,0.61708504
0.5086553299070801,0.5086478
0.9397933983863531,0.8169176
0.7058673469387751,0.6986871
0.9662956664774531,0.9534763
0.509865868053697,0.5116571
0.49852733247435504,0.4978298
0.48850345382522103,0.49766874
0.589082391804416,0.62231463
0.51199712546548,0.5058028
0.5007573911272101,0.5036518
0.499580511765055,0.49933347
0.50523853793157,0.50016016
0.815160870803163,0.7915997
0.8385275787105101,0.856547
0.49978298597268106,0.50174356
0.496189498325092,0.50188124
0.506066490433948,0.50544685
0.504635270682941,0.50536776
0.499827204468106,0.50011724
0.9958768832323741,0.98419434
0.7681269876614111,0.7501813
0.9305814179849391,0.91622204
0.9691091438558521,0.96900046
0.7876418658282771,0.80494124
0.499601202287469,0.50023717
0.9470851560191541,0.9295004
0.9539288553544331,0.9285183
0.674497520453403,0.6240929
0.8384205463131931,0.8592534
0.500949894442691,0.5040177
0.49893805928350604,0.49956632
0.49893353652929906,0.4987468
0.5529850459418111,0.5485081
0.508949375062921,0.50593853
0.9840086034413761,0.9797351
0.49676203921370704,0.49842125
1.0,1.0004045
0.502064968152203,0.50227094
0.497685388722554,0.49966574
1.0,0.9988066
0.49782323706629306,0.49623135
0.9763615139397871,0.9691268
0.497209265584415,0.49845147
0.8580498814380499,0.8542498
0.6861462390555261,0.73185956
0.9464238894632281,0.9649546
0.912755595129316,0.91534173
1.0,1.0001979
0.8323344584297571,0.700328
0.500323675707262,0.49951223
0.501753034581885,0.500018
0.498769981174049,0.49950555
0.5014481944211401,0.5007295
0.5004227315494191,0.5007264
0.508558438842722,0.5020101
0.54582264188752,0.59010804
0.961810912967305,0.9050883
0.590555935520882,0.63083565
0.9262405158572721,0.63683146
0.8097646103896101,0.83332235
0.511087264401833,0.5104332
0.95618114867083,0.96463627
0.502600199132773,0.4995334
0.8980712964851211,0.91514045
0.878401344303484,0.65038794
0.9655731719925441,0.97111976
0.49763998039973306,0.4978298
0.49990608997482505,0.49859998
0.766087643549039,0.7961043
0.499512079911519,0.4994839
0.49990608997482505,0.49856958
0.7040792983046481,0.6038189
0.978875283446712,0.9767553
0.8323344584297571,0.687361
0.502924408777583,0.5091667
0.518492059820252,0.5265176
0.9103484915271081,0.91338396
0.501753034581885,0.49976614
0.917248329362755,0.9062498
0.521515015129213,0.51860845
0.638356692318648,0.72401816
0.511791641640313,0.50708073
0.9634957531669001,0.9304731
0.49726254178796603,0.4971718
0.7146542174286911,0.60281944
0.9628526382494631,0.96781456
0.8676872912706081,0.8627834
0.549758130633293,0.5701001
0.49949697218835504,0.5037315
0.850269712525153,0.83704376
0.500558013856718,0.5009158
0.5324593048277251,0.48287386
0.8894578037545541,0.868433
0.923504560931335,0.92383075
0.497685388722554,0.49974248
0.8813239184562711,0.90092623
0.88457550221724,0.89249575
0.498263375631296,0.4978392
0.499080687231277,0.49960703
0.9344092448694951,0.91611904
0.927370333813843,0.9275214
0.49906825143667205,0.5003921
0.49915527454453507,0.5011324
0.864814814814814,0.86394286
0.528383295340632,0.538587
0.6653625366004,0.5917479
0.502530087366996,0.5046432
0.499625384800133,0.49896893
0.9097535401644301,0.8982909
0.50014723271575,0.49964702
0.7412204208884701,0.6907375
0.920143787282173,0.92092633
0.858358585095623,0.8298204
0.8397885932437581,0.8434237
0.9296576568053121,0.92758924
0.504082193788851,0.50096995
0.500558013856718,0.50047505
0.504979644237129,0.5085808
0.49333263125343,0.49822745
0.9899555175054061,0.97623074
0.5019054264316231,0.4990392
0.6653625366004,0.5894945
0.503151694924995,0.50876564
0.606040099664741,0.5765586
1.0,0.9879117
0.9395833333333331,0.9281779
0.500380311865968,0.5000589
0.5138293481436861,0.5227688
0.51487276533711,0.50850695
0.5033206017712061,0.503664
1.0,1.0076176
0.5008236370590881,0.49947265
0.976965447746697,0.97635496
0.985742144140581,0.97587335
1.0,0.9898778
0.8884588215260021,0.9038732
0.9686583092833091,0.9550019
0.9646220069948881,0.9602018
0.8499999999999991,0.8081913
0.5031461828626991,0.50441176
0.498263375631296,0.49811035
0.5273636458158051,0.5162283
0.9745526183195491,0.9746031
0.6653290773941151,0.7189973
0.855585630901821,0.8642301
0.8505932207986431,0.96839064
0.501753034581885,0.49994123
0.499879448442118,0.4992063
0.9480665638166281,0.9225387
0.981039876697479,0.9778987
0.49950405146004806,0.4996815
0.9576384029330841,0.9627073
0.5498069195387211,0.6035861
0.503779888463705,0.4994631
0.811696592921875,0.78058785
0.9735897592858701,0.96842104
0.930789158757908,0.93247885
0.8841150816264991,0.86819416
0.5784543218640641,0.5667796
0.8005369966304301,0.7723433
0.492611821822566,0.50955576
0.9277794719322091,0.9151397
0.49866589658526905,0.4981697
0.495188167333284,0.49900442
0.49717805727789005,0.49950525
0.9423564734642631,0.96854675
0.8823810136769701,0.89216006
0.5021745927094511,0.49938148
0.5219009123086581,0.5413871
0.503429611890382,0.5014318
0.9044297596797751,0.91402006
0.500239914586007,0.49951223
0.901721332418925,0.8836026
0.499080687231277,0.49963742
0.835663631702737,0.85235304
0.900409745837332,0.9244024
0.51789822691399,0.52375317
0.9411016026652,0.94276357
0.968326879639231,0.6479128
0.649357745883534,0.6343769
0.490079465553295,0.5184127
0.8117023933103841,0.81029946
0.49983373386925406,0.50026214
0.9019101425881081,0.84128433
0.5006099915297011,0.50148094
0.49990608997482505,0.49859998
0.517246693925109,0.51650995
0.648985066508431,0.634864
0.9886802661864401,0.985062
0.5033206017712061,0.50557315
0.6508161083846421,0.6929122
0.978775231886792,0.9598579
0.503360565378779,0.5025256
0.49932753335914004,0.4996815
0.49893353652929906,0.4987468
0.50414686280964,0.4971718
0.6395106275081031,0.5441547
0.510999274405282,0.5086774
0.9181222559945961,0.9222815
1.0,0.9890887
0.5000249731831891,0.49912345
0.973717948717948,0.9742021
0.8335444850925181,0.80494124
0.500079433225301,0.50201356
0.499648936267201,0.49950442
0.5181965212449741,0.6054856
0.49932753335914004,0.4996815
1.0,0.98250604
0.630250747642051,0.6764746
0.9019101425881081,0.8641644
0.9463768172023581,0.94789654
0.49932753335914004,0.4996815
0.9779786053839521,0.9749859
0.965085933236793,0.9643334
0.501573426604507,0.49938148
0.847828183325489,0.80991375
0.567962259533486,0.57450914
0.49979369971931603,0.4999882
0.5807203820485071,0.5783656
0.8292593290948861,0.8080154
0.9682229504659411,0.96786726
0.498263375631296,0.49811035
0.49784555715271006,0.50190187
0.502338496694755,0.5013682
0.5002878058029441,0.5000235
0.499122828779531,0.5008341
0.502088980303765,0.4999882
0.9573387727274281,0.9599583
0.500316846678864,0.49800488
0.501229055294669,0.49908084
0.734493805491355,0.7383726
0.8188019148751081,0.83628094
0.516024673979219,0.513306
0.5000249731831891,0.4988641
0.49810869812858805,0.49988493
0.49675294502618206,0.49885342
0.49484753277226906,0.5058974
0.499745275795049,0.49956203
0.548492115341332,0.52440864
0.5748575637784651,0.5820682
0.957082770865546,0.9486826
0.622954410351084,0.5989128
0.5016685695205481,0.5062707
0.504260348925207,0.5012681
0.499827204468106,0.4991655
0.493204008775297,0.49605626
0.496682386908857,0.4993173
0.6892118281274721,0.70412904
0.72385862521113,0.6341429
0.580782135059701,0.5784034
0.687565066718094,0.6655554
0.49950778109993804,0.5007264
0.498409922024635,0.49964455
0.552230020040126,0.57295084
0.7058673469387751,0.6986871
0.578727187472434,0.62391394
0.498713552170488,0.49872988
0.6358602156773531,0.72401816
0.5060533224771591,0.50219387
0.508428952696181,0.5086356
0.8259958153422061,0.81718016
0.51887843089407,0.5214133
0.521648465831254,0.5114992
0.9500726159485281,0.9531679
0.507860610507576,0.50003064
0.500558013856718,0.50050545
0.8468338399189461,0.85791
0.5000402802899451,0.49887732
0.499378615141481,0.49957284
0.503360565378779,0.5025256
0.858554101429114,0.86252016
0.499745275795049,0.49956203
0.49862299254934206,0.49946278
0.49523999540401104,0.4994631
0.9195278778620111,0.92470175
0.49338125545624606,0.49940464
0.5666120253512801,0.5667156
0.9337313128692101,0.955426
0.503362116266979,0.5028384
0.535389311011717,0.5707105
0.49962663200614105,0.50697875
0.501630616817168,0.49896893
0.49806361374627006,0.499664
0.5005015237193481,0.5048572
0.636719483953476,0.61854255
0.5602613057193611,0.56312597
0.5020224242407161,0.49811405
0.914321094909838,0.90250725
0.49932753335914004,0.4996815
0.49676203921370704,0.4976313
0.9468067879270031,0.9468594
0.5070080480168411,0.5043366
0.5250083889204821,0.5184172
0.9858698712556261,0.974781
0.530182674514252,0.5172454
0.829110219257105,0.8181317
0.498928975657894,0.49803513
0.498640900853885,0.4995562
0.8877902483633611,0.88954633
0.5561683965759461,0.5604029
0.9674694372383191,0.97437334
0.8933440628806111,0.8885255
0.9343604108309991,0.9269336
0.606993058183073,0.6801502
0.7413690476190471,0.7442692
0.503058335837557,0.49963316
0.5120114057473361,0.50858176
0.863836643635122,0.86588883
0.8425134628266511,0.85944724
0.5019781258522611,0.50268173
0.5130219433562551,0.5112807
0.929138025983209,0.9150375
0.49978137132874106,0.5000535
0.5024021580575571,0.49888384
0.8636079622559011,0.97577393
0.8548542557098331,0.87680435
0.5013700412902551,0.50021005
0.499745275795049,0.49959242
0.841905332787365,0.8209187
0.9845086635162971,0.97110784
0.49893805928350604,0.49956632
0.500323675707262,0.49951223
0.897571491832954,0.9169072
0.49811173289433003,0.49941155
0.51213159390968,0.6359102
0.49983992584833503,0.49923378
0.606040099664741,0.60942376
0.9161149951373311,0.91335124
0.5010020432359751,0.4987627
0.49893353652929906,0.4987468
0.9207106959500141,0.9084206
0.48609851259851206,0.51087964
0.501859342206393,0.5015124
0.817623341280278,0.8044442
0.559855409464845,0.55785245
0.6929948518944651,0.71290064
0.499543956689436,0.5048572
0.602515418609168,0.5794111
0.5015412825680671,0.4950225
0.502562467246864,0.5020917
0.92008324570583,0.923581
0.8127119362380241,0.7041221
0.501573426604507,0.49938148
0.502630283580172,0.5086829
0.9161345642426281,0.9472961
0.500380311865968,0.50015986
0.7340352998616431,0.7042257
0.927167460180341,0.969151
0.9101684497840821,0.88336045
0.49999131051885803,0.49939418
0.8901579630493921,0.86288375
0.516175549630816,0.5108917
0.8465659758763021,0.8428301
0.587453767680248,0.6700724
0.883691756272401,0.8582157
0.853112900059482,0.86595595
0.51019166487273,0.5090307
0.49676203921370704,0.49835622
1.0,1.0122213
0.9965562097977351,0.96284634
0.50337933341758,0.5010481
1.0,0.9927532
0.505702746373304,0.5116138
0.5004070501062431,0.5011085
0.864814814814814,0.8637479
0.501381158134345,0.49976262
0.9800397465727431,0.97471726
0.501356145078611,0.51812136
0.499745275795049,0.49956203
0.49811189667259503,0.49975616
0.8894620450155291,0.8904864
0.771987434969797,0.8146401
0.9272608044468351,0.928107
0.9727192833651801,0.93114936
0.5026487502397661,0.49783832
0.8769065113350071,0.8528228
0.510379393902449,0.4971686
0.5183088650917941,0.520508
0.49835246090225205,0.4994535
0.49983992584833503,0.49923378
1.0,0.9797529
0.49970386444477105,0.4991655
0.501296629358374,0.50007015
0.49811173289433003,0.49944195
0.7413690476190471,0.73704433
0.506902461127813,0.5152226
0.8948067632850241,0.8847983
0.8958736163533281,0.86717206
0.49804523428894004,0.50024885
0.803519007497408,0.80906564
0.87837938043881,0.8876776
0.907537723190281,0.6622727
0.500321460442106,0.5008564
0.49975057879967805,0.49983093
0.8698145589436711,0.86666304
0.5031805977110251,0.5065994
0.5712623775492061,0.57006603
0.7413690476190471,0.7402587
0.49983992584833503,0.49926418
0.49652035514771403,0.4993537
0.49989718451914605,0.4992063
0.529958440763414,0.51993704
0.500672748462896,0.50238234
0.864814814814814,0.8637479
0.500196483219839,0.5010823
0.500949894442691,0.5040177
0.5006955946478261,0.50081676
0.9554967750881741,0.91607773
0.515566606389391,0.5941246
0.951327622213698,0.96457577
0.9120012471008071,0.9135778
0.8121200267525971,0.79666185
0.49651688659367404,0.49926957
0.501596444988212,0.5011433
0.501298943348574,0.49938148
0.49893805928350604,0.5006191
0.572081006488672,0.5775985
0.9017708310972891,0.91338396
0.516421905926154,0.51089585
0.49902456868492107,0.4997143
0.504597780595268,0.5048603
0.9378813370309781,0.92811203
0.9682047073238731,0.9625223
0.9057333828,0.9201913
0.5000249731831891,0.4988641
0.9638897511794431,0.9709951
0.652416434774249,0.72056735
0.9330925477584531,0.9261134
1.0,1.0026705
0.49995679887755,0.49947265
1.0,0.99724823
0.8565594777506951,0.87678367
0.504038917030879,0.51004094
0.500687922686139,0.49815628
0.5032126983955231,0.50280946
0.821910341320772,0.8321019
0.8750909598580421,0.86819416
0.8493684556612391,0.8038764
0.9815000115515661,0.9710858
0.501103413035602,0.5006553
0.507223160497158,0.50332606
0.500642846832961,0.49924982
0.6332789160988731,0.60613024
0.498858537451261,0.53022844
0.93681780864674,0.92446756
0.5138293481436861,0.5231208
0.500923933778572,0.5007634
0.7579786374777181,0.7965056
0.560436211714552,0.62386054
0.730967871513407,0.69782615
0.5004227315494191,0.50300914
0.8946454712759061,0.75123113
0.5004070501062431,0.5011085
0.5166724944076531,0.5252425
0.499354866055418,0.49870926
0.502686175915493,0.5025256
0.498263375631296,0.49800563
0.541116851732321,0.5439152
0.6793915650410031,0.6929122
0.687309175379714,0.6803064
0.674750184577879,0.76004404
0.610802718381115,0.6120334
0.501667976968812,0.4989077
0.49991661423062606,0.50004464
0.640658308411931,0.67677176
0.9874031007751931,0.9825614
0.9394971159510521,0.93751407
0.5297026004953841,0.5161487
0.5002878058029441,0.4999225
0.9470076279257961,0.9282889
0.857746850611328,0.8108189
0.7020392115845561,0.6705141
0.504082193788851,0.50096995
0.8541621602536911,0.83936137
0.509274879699821,0.49936607
0.500923933778572,0.5007634
0.5019702499540041,0.4960709
0.8243324458676281,0.8443466
0.509983431467503,0.5067808
0.9053635394324071,0.8904864
0.9612480349155511,0.973056
0.5178228375645161,0.49283242
0.9713495356648881,0.9570067
0.5012948228396791,0.5005232
0.5002878058029441,0.4999225
0.928870762012279,0.92000055
0.8391740958296051,0.82806104
0.498713552170488,0.49872988
0.9832885176497511,0.97623074
0.501502943472516,0.50091535
0.49823317499747805,0.4999784
0.5052317902959881,0.49850607
0.9658958230288911,0.93666935
0.49988837093825506,0.4991436
0.9426621236694611,0.9638436
0.9064986148946431,0.9225988
0.50966403846261,0.60632366
0.80119702344205,0.83902186
0.9142051694683511,0.89823824
0.9022990847906951,0.9095735
0.503248091090534,0.50000733
0.532878036671907,0.5376909
0.735761867626023,0.7793111
0.8496663449696801,0.84386635
0.5004044770249161,0.49871483
0.9380472589541291,0.9283412
0.500573224566362,0.50046694
0.498042911677041,0.49816966
0.8939077396917381,0.90899867
0.656484254180353,0.6525561
0.5064995535736401,0.5009529
0.495188167333284,0.49900442
0.690789248498022,0.711193
0.5002878058029441,0.4999225
0.502895922392361,0.5055865
0.6033756758302681,0.5926963
0.499973622189519,0.50064033
0.8133552004319281,0.79158276
0.988379530916844,0.9787885
0.9911007712944331,0.93856883
0.8765812427063471,0.88575804
0.5394889648861461,0.54871565
0.624396899396899,0.61291206
0.9711047254150701,0.96786726
0.496682386908857,0.49929783
0.5168320587808151,0.5113584
0.9169579444335111,0.91992897
0.499381135713136,0.4999784
0.49858333644283803,0.49980325
0.9251849155370311,0.90871984
0.7766367339640851,0.76897556
0.50936587996916,0.50374156
0.496682386908857,0.49912274
0.7880108638275091,0.7590183
0.504938402079946,0.51558137
0.498263375631296,0.49811035
0.738277304419866,0.77400744
0.505240839245793,0.50233316
0.5053379541495391,0.5259382
1.0,0.99365115
1.0,0.9734492
0.515201072320964,0.51571137
0.922042580500922,0.9015793
0.510500301799763,0.50287807
0.8541687978008461,0.8518244
0.8135356521197521,0.831372
0.9054880154779581,0.8630921
0.5609156411852491,0.5483019
0.499444879647826,0.4977356
0.8179155686534211,0.8043447
0.9713495356648881,0.9599004
0.8132576870407441,0.8343755
0.5023747166025581,0.50865155
0.7964126626144331,0.8197463
0.499745275795049,0.49959242
0.49897118149462105,0.5014004
0.49950405146004806,0.50073427
0.49763998039973306,0.4978298
0.9162115061511621,0.9165959
0.49945956534365404,0.49911976
0.909245529792653,0.8988996
0.847024254592533,0.86595595
1.0,0.9977249
0.9007683450615621,0.90761036
0.5018167680567931,0.4990057
0.8278189534772581,0.8038764
0.8466739110532521,0.8497397
0.9175926553125651,0.9230307
0.831783711839142,0.80145866
1.0,0.99829406
0.586612299825227,0.57796
0.568830286375757,0.569431
1.0,1.0006729
0.9109836806096241,0.8908608
0.8920643475671741,0.8837455
0.8142744307724271,0.8085832
0.979135782012655,0.99231315
0.5208750425626121,0.51789635
0.501955151870465,0.5015602
0.49340934363574906,0.49936697
0.506493964368964,0.5123466
0.5200243925849021,0.5204271
0.859077160390258,0.87025326
0.873891544320688,0.8704029
0.49614197355154205,0.49971372
0.501945043447732,0.50588167
0.500454067453571,0.50050545
0.9056665480431441,0.96363866
0.502686175915493,0.49938148
0.7117359000337721,0.71932024
0.630250747642051,0.67742795
0.5666120253512801,0.5672256
0.91096138472899,0.90961266
0.9458838862863621,0.95372224
0.509982521599969,0.5119157
0.8041308805265791,0.81291586
0.50361339539577,0.5005402
0.49563445526456706,0.501148
0.5014038141732581,0.5017944
0.9339735132940411,0.8000155
0.9513924012860671,0.93922704
0.6021662131272121,0.5961684
0.8311933401890711,0.85110193
0.5690197613025231,0.574153
0.8436128613781031,0.7920997
0.500810247184957,0.49625567
0.5020116578658751,0.49996325
0.50052093191691,0.50087804
0.9219757086378031,0.91284275
0.951906751790163,0.9564085
0.9480286738351251,0.9690103
0.9744746066131451,0.9756147
0.8414252199339771,0.84352905
0.785597518041044,0.7743328
0.5038719492771561,0.4998884
0.731455694654995,0.64668196
0.501792353115745,0.50260085
0.49750156972143206,0.49897927
0.8887916533136311,0.88846445
0.5859565333356961,0.6620326
0.500366546145096,0.50013804
0.9739822767558891,0.9759655
0.5004389942298321,0.5006941
0.9786204823915061,0.9631284
0.887516556738406,0.88575804
0.49945956534365404,0.49911976
0.9377498111592171,0.93108225
0.49990608997482505,0.49856958
0.9899555175054061,0.9756048
0.498640900853885,0.4995562
0.919066471413812,0.94075096
0.772030930152757,0.6975196
0.502895922392361,0.5055865
0.49629177508381306,0.5002285
0.508411886302298,0.5011809
0.5002623458294411,0.50126487
0.9554102302925831,0.9266458
0.927721323232192,0.9200426
0.9661630811377001,0.98296183
0.589675248705666,0.5790576
0.511714990926265,0.5055865
0.9586061507936511,0.95682245
0.502957842263349,0.50145227
0.85627758481155,0.85328645
0.500593670732559,0.51072574
0.8844847102166181,0.8672233
0.598364709347436,0.59913087
0.533981022385287,0.5347062
0.49983373386925406,0.50026214
0.838515542980472,0.8432761
0.510574845147183,0.51666796
0.9970588235294111,0.9647777
0.5032126983955231,0.50264734
0.8393785605513351,0.85013205
0.680045394420394,0.68203115
0.5002623458294411,0.50126487
0.5019976111109671,0.50294626
0.5029296327774581,0.502707
0.9686583092833091,0.94981277
0.8763127710566541,0.85066605
0.551107190554727,0.6353049
0.49521460941190903,0.498823
0.7880475567072741,0.8146401
0.9022754027895351,0.9149513
0.5006955946478261,0.50051826
1.0,0.99949384
0.952215400869557,0.93496126
0.5112591306148571,0.5113301
0.839225687516549,0.86425817
0.9299893280858391,0.91055673
0.49811173289433003,0.49944195
0.500830987603316,0.5076052
0.502150906199755,0.49985552
0.514688988705512,0.518699
0.9343815179682391,0.9079863
0.511822165133332,0.5095406
0.9253137432028451,0.93944913
0.7917144331812741,0.7967136
0.9534761017357731,0.9486502
0.9158552570261451,0.9225881
0.488830237274726,0.49723998
0.8020036222954721,0.8094972
0.8591961859905091,0.87480116
0.988379530916844,0.9804028
0.886940478339402,0.8596861
0.9188463096203481,0.88825405
0.49893805928350604,0.49956632
0.501298943348574,0.49938148
0.927313966213372,0.92549795
0.49989718451914605,0.4992063
0.5337434965660101,0.5245913
0.500239914586007,0.49964577
0.8853758616812111,0.86252016
0.9601715686274501,0.9564527
0.505523239257324,0.5003559
0.558318338333177,0.5211532
0.9695506777898051,0.9679548
0.844537713820462,0.8444693
0.49893353652929906,0.4987468
0.49826935142133,0.5004425
0.535854342809284,0.5278984
0.8639172351907131,0.8740896
0.874639989638877,0.87025326
0.571192543159454,0.582618
0.9344092448694951,0.93747133
0.548782322308588,0.5712779
0.9879400945874931,0.9887216
0.61046583493029,0.6105659
0.4968450207637,0.49919105
0.6739235992151971,0.6027711
0.500358412720001,0.5000026
0.499879448442118,0.4992367
0.9048637598699161,0.9269609
0.491724624786024,0.5010333
0.9313363395199531,0.92963934
0.49835246090225205,0.4994839
0.9395833333333331,0.9562053
0.864814814814814,0.9251331
0.9346701904758351,0.9200426
0.503749774589987,0.5012756
0.984689194767645,0.9636456
0.49541953128130706,0.49896893
0.9122366795662251,0.914266
0.518272655915559,0.5205043
0.49717805727789005,0.49950525
0.5029671218750751,0.5020099
0.49927350117714603,0.5000996
0.831957079232391,0.83034766
0.499741346752515,0.4962014
0.49855894982756704,0.50075835
0.927501528645259,0.92680067
0.919556757885797,0.920527
0.499512079911519,0.4994839
0.49742963110499905,0.49971372
0.500079433225301,0.5030029
0.500573224566362,0.50046694
0.9591049189939721,0.9512568
0.9420578547977281,0.9752074
0.8767827531655731,0.8822713
0.499747049370504,0.501113
0.668124472746893,0.6941793
0.9425885047969281,0.929491
0.8687788987999081,0.8837455
0.49915527454453507,0.49938133
0.8559510344211251,0.8450724
0.504556372306183,0.49960247
0.500949894442691,0.5040481
0.49934563800066806,0.49958855
0.500573224566362,0.50049734
0.524088229833629,0.5188008
0.502503087408384,0.49930423
0.49849935959839603,0.50451416
0.919813417257875,0.92446756
0.500454067453571,0.50047505
0.5033251278595741,0.50096583
0.49993347492712303,0.4993504
0.9186440310042561,0.9150702
0.947397691750204,0.9385665
0.498640900853885,0.4995562
0.9232198321172821,0.9124722
0.945098405352029,0.90760887
0.9764820810340891,0.96581906
0.572659157483112,0.547542
0.515566606389391,0.5941246
0.49763998039973306,0.4978298
0.498042911677041,0.49803734
0.9393466177718761,0.91019464
1.0,1.0004045
0.526909714924586,0.5253449
0.8562303343035621,0.83968085
0.8651865101087071,0.87147844
0.84039587408613,0.8244283
0.589624489208047,0.61708504
0.520812486233047,0.5197047
0.982073346043934,0.98045015
0.49719969959279703,0.4997143
0.6712442411292371,0.6914385
0.49972792679134503,0.51496625
0.5033765871203331,0.5043697
0.500380311865968,0.5000589
0.50052093191691,0.5013826
0.498808181476719,0.50185907
0.498409922024635,0.49951223
0.500138381132268,0.49991524
0.886982734261023,0.905631
0.5042243164190501,0.5066837
0.49803015809398804,0.4990784
0.497316292883663,0.49940464
0.500523043852401,0.48428804
0.541381791667169,0.5535234
0.504082193788851,0.50096995
0.8112535612535611,0.89337623
0.502924408777583,0.5095194
0.964686327872537,0.9700091
0.5947574740461771,0.6160144
0.9180476460310951,0.91464645
0.499240349947895,0.49961895
0.8463759923133821,0.85444486
0.503749774589987,0.5011005
0.7601906716908211,0.777199
0.502516265461829,0.5186788
0.49931859161911,0.49967712
0.49932753335914004,0.50055385
0.808019472792952,0.82806635
0.978220968139321,0.9738671
0.5004070501062431,0.5011085
0.6962406442893441,0.7228268
0.5558924536239981,0.55804443
1.0,0.98396945
0.508737747738299,0.5003559
0.847881178059892,0.81625676
1.0,1.0188487
0.49963142192520704,0.49922144
0.5905858280966491,0.55510235
0.5004070501062431,0.5011085
0.875627396601601,0.8883525
0.513026473660758,0.49850607
0.8097895136991171,0.8114463
0.9526405191495291,0.96015215
0.988511576106272,0.9816478
0.495176164396017,0.50010395
0.8060012057543081,0.7944606
0.49990608997482505,0.49856958
0.814402394604633,0.7849603
0.5047731088912241,0.5056303
0.78841806537722,0.7752772
0.506805938692235,0.50925624
0.49847686358395005,0.49953076
0.502484904840646,0.49957284
0.839058830818957,0.84749424
0.616865055318598,0.60036886
0.864814814814814,0.8637479
0.548528584159877,0.5302269
0.702544845478114,0.67188334
0.9093388731792541,0.9052423
0.504576241012047,0.5122593
0.49932753335914004,0.49994937
0.49971191282109806,0.4996815
0.7739649513837571,0.5807445
0.63021669341894,0.6449309
0.49971191282109806,0.4996815
0.9914974283011421,0.988955
0.6947151548335311,0.8613656
1.0,1.0076176
0.499879448442118,0.4992063
0.8241232547859381,0.8265935
1.0,1.0076176
0.49872768328390704,0.4998884
0.49945956534365404,0.49911976
0.519910711455367,0.51957077
0.868911883949216,0.85143256
0.500239914586007,0.49946946
0.499745275795049,0.49956203
0.813468316382784,0.8454886
0.8223917320709541,0.83402973
1.0,0.99938875
0.8535152223278991,0.85256225
0.500454067453571,0.5007487
0.49970386444477105,0.49929783
0.8657329184180961,0.85294515
1.0,0.9849616
0.572035985059348,0.5727456
0.49702378860077806,0.5015695
0.881265691393158,0.90528077
0.499240349947895,0.49958855
1.0,1.0190252
0.500912125521858,0.4991799
0.518136714051153,0.5286327
0.49862299254934206,0.49963787
0.8586403535591061,0.86707765
0.499587016107333,0.50551784
0.801257964408822,0.79915553
0.862947657103426,0.84749424
0.50052093191691,0.50171936
0.6221097288598001,0.5029988
0.500239914586007,0.49951223
0.498409922024635,0.49951223
0.52198475710338,0.51879275
0.8424590553115581,0.85138935
0.6495816312610201,0.6273794
0.49889943051422503,0.4998443
0.578727187472434,0.6125585
0.87299637785795,0.8837455
0.5072388160441881,0.5065888
0.9363832988643521,0.94690573
0.50002312641829,0.49950442
0.499079001416093,0.49986103
0.553852732435695,0.61687255
0.538992275086024,0.50866514
0.8173183900623011,0.82066727
0.49676203921370704,0.4976313
0.542752705603055,0.5599762
0.5112591306148571,0.50403273
0.892178313622447,0.8919803
0.8301004618240331,0.82854396
0.500280941142444,0.4964291
0.626689129492867,0.6231991
0.9339272448730601,0.93671536
0.9027137004704091,0.91394836
0.505286180660509,0.5064004
0.7289424639098271,0.77631915
0.9431780404760881,0.960293
0.504082193788851,0.50096995
0.49528512531366603,0.49849677
0.896937078722677,0.87447715
0.7807331279402461,0.7566865
0.500459183576489,0.49988538
0.9021966767753171,0.9081071
0.960523105264632,0.9555891
0.5052317902959881,0.49850607
0.5066477993781411,0.5056452
0.8601488095238091,0.8389008
0.5007801724492711,0.4996566
0.49971191282109806,0.4996815
0.8425564122379271,0.8533801
0.502686175915493,0.5025256
0.8827197556463571,0.8685399
0.8957419489094701,0.9013274
0.49918528466723205,0.49850607
0.49617822974260906,0.5012114
0.5068628473841701,0.50509113
0.949666962028978,0.93666935
0.49823317499747805,0.4999784
0.49750156972143206,0.49871993
0.501035434220469,0.49957284
0.499512079911519,0.4994839
0.49852733247435504,0.4978298
0.501296629358374,0.50154096
0.610802718381115,0.5807609
0.9375,0.94560534
0.86379107316517,0.85147864
0.954918245500399,0.9291787
0.49750156972143206,0.49871993
0.8277416698586431,0.86288375
0.49852733247435504,0.4978298
0.49892143726581606,0.4980385
0.49837119725478,0.49887478
0.528317183357745,0.6835741
0.513722649414737,0.52038914
0.9677949025829141,0.9680016
0.5178010756671491,0.5048572
0.56148190826037,0.5502154
0.8043641772140251,0.7611264
0.5006955946478261,0.50051826
0.9679027684258961,0.96890366
0.9806446707298191,0.97395563
0.500642846832961,0.4931889
0.9152844319913971,0.8967023
0.505654235387066,0.50850856
0.8245461183371461,0.80790895
0.761900986968537,0.7539862
0.5123805598029211,0.50850695
0.550651910038935,0.5557804
0.9258665665876461,0.90152943
0.49629177508381306,0.5002285
0.686608349312499,0.6091819
0.8734544123308071,0.83461285
0.49521460941190903,0.498823
0.8256188428826161,0.8041398
0.9396018277856201,0.92190397
0.49932753335914004,0.4996815
0.500558013856718,0.50050545
0.49763998039973306,0.4978298
0.6278142330972211,0.61338466
0.49852733247435504,0.4978298
0.506733970499893,0.50109816
0.5017584392595871,0.50293845
0.498409922024635,0.49964455
0.548262038358709,0.5325096
0.501521060274143,0.501772
0.501502943472516,0.50091535
0.989275421984355,0.9813117
0.5006955946478261,0.50051826
0.5008236370590881,0.50133646
0.5157785446512541,0.505366
0.782300097005979,0.70510995
0.918427230046948,0.92893124
0.49673077836830803,0.4996837
0.53634650806862,0.5202707
0.9316237497719531,0.9225881
0.8303528728442181,0.84599286
0.9395833333333331,0.944156
0.5253740137832851,0.50543875
0.50585813285074,0.51121503
0.853458776701408,0.87343603
0.5032767425251451,0.5024484
1.0,1.0257618
0.5047226115804321,0.5055865
0.569359163476245,0.6172303
0.5087105761703501,0.50316596
0.881814413169093,0.8885569
0.498263375631296,0.49811035
0.501039859807004,0.49609903
0.9185257004471471,0.91779876
0.9738643435426011,0.9692076
0.7953535253449381,0.7853644
0.8686538931436181,0.85573405
0.49947445958747605,0.49958855
0.498707601555666,0.4993263
0.498089484014516,0.5024784
0.812711530893348,0.74766076
0.499240349947895,0.49958855
0.8178367021657461,0.81291586
0.500366546145096,0.50013804
0.936940136211685,0.951988
0.49590731238057406,0.49989483
0.508186742124023,0.50907016
0.49893353652929906,0.4987468
0.5014244411815301,0.50588167
0.500316846678864,0.49800488
0.5014481944211401,0.5008458
0.8589124060742701,0.85507
0.506902461127813,0.5069682
0.502088980303765,0.4999882
0.9296249487772531,0.9476612
0.50729940520104,0.50178605
0.506551448597221,0.50109816
0.946909319482337,0.9406567
0.49893805928350604,0.49956632
0.9208173636656911,0.9290195
0.6718605339685481,0.63544166
0.504825813688346,0.5798951
0.49891511344259304,0.49964064
0.9447270168659481,0.9528503
0.908468838618083,0.91967136
0.52085239682531,0.51996785
0.49915527454453507,0.5007818
0.9206679940500191,0.9182635
0.9375,0.96483624
0.8964200540032821,0.8891456
0.501753034581885,0.5001825
0.97958277354829,0.97559196
0.504060008676797,0.49972388
0.49915527454453507,0.49938133
0.501092098721804,0.4950225
0.9719773106304921,0.9694289
0.517541285298294,0.5211898
0.499580511765055,0.49933347
0.904217327082785,0.92446756
0.50001371170741,0.4994028
0.49925020236184503,0.49946946
0.5012948228396791,0.5005232
0.499381135713136,0.4999784
0.501575093810658,0.50501335
0.6638958530766931,0.69384944
0.49893805928350604,0.5004527
0.518261378124795,0.51178443
0.49721246958197907,0.50697875
0.500316846678864,0.4979745
1.0,0.9825706
0.500345496894614,0.49746686
0.500558013856718,0.50050545
0.49893805928350604,0.49956632
0.629278547352155,0.6261457
0.5295787297305931,0.51993704
0.5095751226161901,0.5059934
0.835095938783438,0.810586
0.5898113938988471,0.57267624
0.962328530844156,0.95682245
1.0,1.0013239
0.8603679214045971,0.87640285
0.496376090910342,0.49815628
0.497685388722554,0.4999069
0.720111448834853,0.72101456
0.9620123942307041,0.96279424
0.505453416785526,0.5057033
0.942311942658927,0.94588375
0.50062715119181,0.5234488
0.9265936386772811,0.94731027
0.743666434405989,0.74137634
0.5044915963063561,0.5045683
0.8227347841297831,0.80943704
0.49227132232751303,0.4990814
0.5021745927094511,0.49977455
0.502088980303765,0.4999882
0.497340107129272,0.50053626
0.49866589658526905,0.49821246
0.640658308411931,0.67685145
0.5038940519574321,0.5102806
0.8192932217041451,0.8185954
0.9222160138689901,0.9190966
0.8550791229242221,0.8654538
0.49994656236074503,0.49963453
0.706732128333392,0.6840281
0.7265507757160351,0.7717324
0.500558013856718,0.50050545
0.5048582809272,0.5046432
0.971046650855451,0.97458714
0.49187461855414305,0.49803257
0.774413286019993,0.79544485
0.514997949095887,0.57030225
0.5718277030702871,0.58255714
0.9590823970037451,0.9376591
0.49862299254934206,0.49963787
0.9480286738351251,0.9641308
0.49776259943022905,0.5008258
0.49864276235077304,0.5009553
0.500345496894614,0.49562967
0.7413690476190471,0.7402587
0.49922349136945404,0.49969923
0.74955016942133,0.77344304
0.5112591306148571,0.50374633
0.56555926213089,0.6992243
0.8663252863215091,0.863573
0.572081006488672,0.5775985
0.9299481624377791,0.9166912
0.506143288738248,0.49977115
0.9282491094485581,0.9378715
0.501073859387226,0.50022775
0.49750156972143206,0.49889502
0.816048300761772,0.809906
0.49844358586777904,0.5007264
0.9560803034658161,0.9624964
0.49915527454453507,0.49938133
0.941736694677871,0.9445082
0.973717948717948,0.9751515
1.0,0.9926252
0.9375,0.94836825
0.514695689587593,0.5086774
0.48472799246608705,0.5121927
0.502725424389006,0.5006209
0.947988416114753,0.9282623
0.9480286738351251,0.9520143
0.49169321581483705,0.5003559
0.49947056058802203,0.50148094
0.5019054264316231,0.49890688
0.49889943051422503,0.4998443
0.49804523428894004,0.49958247
0.8468338399189461,0.8486937
0.503702571207955,0.5015883
0.49970386444477105,0.4991655
0.500573224566362,0.50046694
0.5126379269712951,0.51543385
0.947960543223872,0.9521929
0.502387797838383,0.49922267
0.943818238786124,0.9241648
0.9375,0.9488315
0.578727187472434,0.62391394
0.9411344932862481,0.9486826
1.0,1.0010012
0.877678818311549,0.86706346
0.5312039642796881,0.5500632
0.6335583735401491,0.6028115
0.50361339539577,0.50038975
0.49983373386925406,0.50026214
0.498713552170488,0.49872988
0.49893805928350604,0.49956632
0.5091365244285581,0.5049149
0.703903190658934,0.7151935
0.8575821629323741,0.86599475
0.7804675070646011,0.7824605
0.530852779066039,0.5162283
0.95762840445939,0.9499837
0.501753034581885,0.49976614
0.574311837871135,0.63624847
0.535389929676767,0.51993704
0.6965254806450311,0.5946893
0.49893805928350604,0.49956632
0.9349920292274071,0.9460693
0.50002312641829,0.49950442
0.9832885176497511,0.9749699
0.836706129834015,0.85147864
0.8871457600692151,0.88039845
0.49187461855414305,0.49761632
0.49947445958747605,0.49958855
0.783247050110743,0.78307176
0.9321437820288111,0.9603623
0.498263375631296,0.49811035
0.497483394404772,0.4962773
0.5107500965829941,0.50441176
0.506556464298073,0.505622
0.9266107159454091,0.9153621
1.0,0.9994698
0.9556977797258921,0.7144598
0.8244563777424301,0.79660934
0.823638638101418,0.8193118
0.9501334942660761,0.94266933
0.751666666666666,0.9481909
0.516129368385104,0.5186788
0.5222092384196481,0.5054708
0.7325480946893,0.7783191
0.501531879812377,0.50148094
0.49934563800066806,0.49961895
0.924636732506057,0.92033064
0.49796061978022405,0.49936697
0.511714990926265,0.5055865
0.503058335837557,0.49945685
0.499080687231277,0.50195676
0.502375772524553,0.49605626
0.50483068137814,0.5046593
0.49802702381370806,0.5043929
0.50084213525049,0.5016013
0.6830496816238261,0.6354927
0.5002878058029441,0.4999225
0.501357735780665,0.4999757
0.9670673277362191,0.97577393
0.873378581241232,0.88745415
0.49882357436603403,0.50219387
0.9205098206387141,0.9215083
0.49972792679134503,0.51496625
0.49812934180793705,0.49937445
0.8415560554728531,0.8407142
0.5112906204108201,0.5102041
0.49990608997482505,0.49859998
1.0,0.9997112
0.5211112223806651,0.52472067
0.942176834613287,0.9536748
0.5112591306148571,0.50403273
0.498263375631296,0.49811035
0.500366546145096,0.50013804
0.912851836692204,0.92192835
0.5004044770249161,0.49868444
0.5293865056265681,0.5306327
0.49811173289433003,0.49979258
0.8387174605093091,0.8672136
0.9240390831897131,0.9232687
0.8391812202651381,0.8380087
0.5008236370590881,0.50133646
0.50540879413567,0.5068822
0.499378615141481,0.49957284
0.511040367818107,0.4998884
0.8225472270699581,0.83034766
0.49862299254934206,0.49963787
0.9460247600092441,0.94308025
0.499648936267201,0.49950442
0.8567547140893371,0.8847661
0.5258756530557881,0.55677396
0.501730502596727,0.50074106
0.497685388722554,0.50048286
0.500875257432965,0.5055687
0.610763407687906,0.63179725
0.540962627303308,0.5381447
0.493204008775297,0.4957751
0.8691240700514381,0.87273085
0.8923892495155971,0.88541067
0.499648936267201,0.49953482
0.866074422371026,0.82915515
0.916072563384785,0.9198779
0.5666120253512801,0.5672256
0.9469192310374911,0.950302
0.500521691225922,0.49290094
0.500323675707262,0.49964577
0.8336621523839061,0.8440424
0.5019054264316231,0.49969923
0.501730502596727,0.49927044
0.502780965594189,0.5060652
0.500380311865968,0.503983
0.964014534277924,0.9680134
0.49915527454453507,0.49938133
0.5073311892383681,0.49928468
0.513847809635644,0.5095406
0.5052246039975821,0.51145434
0.49990608997482505,0.49859998
0.8545893719806761,0.7467504
0.497209265584415,0.49829212
0.804950990882444,0.797566
0.526028856880411,0.51488787
0.5269524892264631,0.51879275
0.8441906605050381,0.83918005
0.501189593925318,0.50238234
0.49725182284990604,0.5016941
0.495650128515338,0.5010656
0.511013785206448,0.5062204
0.49922349136945404,0.49890688
0.928141056437615,0.9244024
0.9227619432663391,0.92722684
0.5010020432359751,0.49769038
0.848255595910252,0.8176152
0.49918770066295604,0.4992367
0.508737747738299,0.4995657
0.938761850105689,0.9320623
0.491724624786024,0.49891686
0.5004031956281041,0.49890688
0.9263216109071981,0.92033064
0.529638281715071,0.5265176
0.9375,0.9296577
1.0,0.9970787
0.500642846832961,0.49924982
0.501298943348574,0.49938148
0.74526642355421,0.76493907
0.502081532223429,0.501113
0.500196483219839,0.5011127
0.912586742535572,0.8960953
0.9784699036964931,0.9835824
0.927225293515722,0.9207152
0.5019054264316231,0.49890688
0.500728741052317,0.49743938
0.9906623513407541,0.9750226
0.5032767425251451,0.49930423
0.501949755440659,0.5010656
0.500323675707262,0.49951223
0.5011309865591881,0.5010718
0.51487276533711,0.50850695
0.49934563800066806,0.49958855
0.5026221688783851,0.50588167
0.892578888087296,0.8699637
0.501193881350131,0.5922836
0.9452310319814261,0.9486826
0.7506127450980391,0.7457221
0.8796081505298461,0.899988
0.8009001553282481,0.8122462
0.938302865776897,0.93032134
0.873555489141262,0.86802256
0.9492767855718581,0.7793111
0.8699839511013191,0.87080544
0.8719164909400231,0.8652939
0.8391284699572501,0.8545764
0.49743234425435406,0.50004464
0.49804523428894004,0.49940738
0.49965957597160304,0.4993504
1.0,0.97667533
0.508245571023283,0.5086356
0.7136464760343341,0.78886515
0.500728741052317,0.4975717
0.499648936267201,0.49950442
0.9532707696231901,0.9484718
0.9237982805801531,0.8877787
0.502600199132773,0.4995334
0.99076812076812,0.9772596
0.7772804150844751,0.7900303
0.49811173289433003,0.49944195
0.49862299254934206,0.49946278
0.49610386033885107,0.49783385
0.985907766163949,0.97759837
0.582395530677973,0.5818665
0.5007320340614371,0.4980056
0.49856468182859903,0.50332606
0.844907706310114,0.8594321
0.9236753721814511,0.9142091
0.49859940733232705,0.50344896
0.49861589478299906,0.5015124
0.883691756272401,0.87731045
0.496202075690561,0.49910352
0.507118985088789,0.5010513
0.8492800469485101,0.8547257
1.0,1.001371
0.9019101425881081,0.8600048
0.859745690769078,0.8159711
0.526241977996564,0.5791956
0.9639856019721591,0.9532224
0.495611661615788,0.4991655
0.49746336079752,0.5244125
0.5337434965660101,0.5245913
0.49980941394073103,0.49905849
0.9049834255000041,0.90646756
0.5297204674793741,0.52342504
0.502060591292537,0.49942747
0.960989462846739,0.9572719
0.5131071175726031,0.50850695
0.501215931720999,0.49884087
0.53650303210216,0.5211739
0.7368981709698951,0.7430752
0.5987433429123891,0.87570214
0.503728086335959,0.5048603
0.500380311865968,0.5000589
0.941736694677871,0.95216763
0.501356650286916,0.49813968
0.829741733199792,0.8455658
0.5029645279249031,0.5009553
0.49852733247435504,0.4978298
0.8421948743614981,0.84604883
1.0,0.99938875
0.49972792679134503,0.51496625
0.919642134978578,0.9275214
0.49918770066295604,0.4992367
0.878401344303484,0.6633549
0.5290402564834691,0.5238184
0.49889943051422503,0.4998443
0.504851510250524,0.52111435
0.675235391059618,0.62460804
0.49514659565078906,0.50029117
0.8746470660308521,0.8523704
0.858609609544099,0.8563198
0.8866876616230891,0.88333184
0.5012948228396791,0.50067496
0.9269098720260971,0.9200426
0.6653625366004,0.59296346
0.9585818810231891,0.95371
0.49925020236184503,0.49964455
0.804707511420356,0.80808157
0.512476740784511,0.5149561
0.501229055294669,0.49924526
0.49794772754909905,0.49890688
0.497209265584415,0.49829212
0.501743673165247,0.49733567
0.502924408777583,0.5171347
0.498713552170488,0.49872988
0.499080687231277,0.49963742
0.5000246356233471,0.49896893
0.49734644264454203,0.49991858
0.5559756097560971,0.6802556
0.922898002997351,0.91834706
0.833493407470947,0.77032244
0.8583650850880211,0.8203116
0.864814814814814,0.8637479
0.7190029353751151,0.7683596
0.8445894320653181,0.84596527
0.6395296167247381,0.67685145
0.503058335837557,0.49963194
0.8388030216672411,0.85227734
0.502387797838383,0.49943924
0.501084135977494,0.50282973
0.49895693491174103,0.50183845
0.955627188793378,0.95653635
0.9223457758909661,0.9273416
0.5204036083401891,0.53639
0.500708693152706,0.50050545
0.6495816312610201,0.62986964
0.506662353824489,0.51155376
0.578054086128815,0.5766795
0.9026973647284471,0.9243952
0.49970386444477105,0.4991655
0.9868370064809401,0.97458714
0.5002438213061551,0.49975607
0.495188167333284,0.49900442
0.49852733247435504,0.4978298
0.822438040069934,0.76004404
0.731455694654995,0.6459613
0.7548940095137551,0.7842758
0.582505345991504,0.5766795
0.855252286056964,0.8519689
0.746869482053069,0.7104271
0.9737853709684541,0.960522
0.5071192529856681,0.50536454
0.9334458688925541,0.95653635
0.5004044770249161,0.49868444
0.571146743908038,0.6610383
0.501229055294669,0.498829
0.49844358586777904,0.5007264
0.9633208689458681,0.9598046
0.49811173289433003,0.49941155
0.500920042062183,0.49964702
0.49439591710253006,0.49945015
0.589929192923588,0.5891578
0.9349410526418911,0.93621695
0.5022111382681821,0.500503
0.574390058266896,0.5569162
0.9260442694366011,0.9183739
0.5167317033444461,0.6202937
0.8586805937974491,0.87025326
0.499827204468106,0.4991655
0.9472298424425851,0.9637979
0.49983992584833503,0.49923378
0.977343006477241,0.9657367
0.500510631321905,0.49933815
0.91096138472899,0.91167504
0.8887916533136311,0.89052683
0.835309627985642,0.818042
0.9176304653260291,0.91702247
0.49947445958747605,0.49961895
0.501753034581885,0.49976614
0.500810247184957,0.49803513
0.961433631595457,0.95153046
0.506958683192515,0.50548905
0.6468361580163221,0.7479151
0.644974567702966,0.5933423
0.630250747642051,0.67691797
0.8840551444009601,0.87194633
0.500454067453571,0.50047505
0.7227658154969051,0.7314748
0.513914774182285,0.49545833
0.49835246090225205,0.4994839
0.9328154103778311,0.90610677
0.49862299254934206,0.49946278
0.499378615141481,0.49957284
0.919341009703129,0.89553046
0.941736694677871,0.955979
0.6272215413199,0.62126625
0.886503928661816,0.8693688
0.5008236370590881,0.5018042
0.49934563800066806,0.49958855
0.7650549584198261,0.7843469
0.49893353652929906,0.4987468
0.5002623458294411,0.50181824
0.6276139315858941,0.6281786
0.9443033558898921,0.91019464
0.49385255559440006,0.5009529
0.501285586197474,0.50233316
0.530839481269131,0.5306327
0.517989812475106,0.5162904
0.9814320842556131,0.9766379
0.918725635180452,0.93231934
0.502623669208216,0.5048681
0.863727521591453,0.8544813
0.500695032837249,0.49990326
0.7733472153384321,0.75622827
0.502686175915493,0.49941194
0.5036822624921871,0.49609903
0.989886219974715,0.99278384
0.5002878058029441,0.4999225
0.491724624786024,0.5007732
0.519036560661561,0.52134454
0.501610266277696,0.4993462
0.9045200645976821,0.91611165
0.9046811763336831,0.9053775
0.49809345005821803,0.50024146
0.760289740874589,0.7542564
0.512143459733095,0.49837375
0.8810859099683781,0.8447798
0.8627221044568071,0.7924231
0.501743283943045,0.5195358
0.5231023812550211,0.51545066
0.9366998608149081,0.93497
0.507208214324777,0.49837375
0.49514659565078906,0.5008002
0.49625389137576004,0.4992943
0.503149997751625,0.5031205
0.5008236370590881,0.50133646
0.5134369611162171,0.5258301
0.49932753335914004,0.4996815
0.5016634730281551,0.4974258
0.500565197105398,0.49912274
0.501486968280562,0.49682516
0.497209265584415,0.4984439
0.496202075690561,0.49910352
0.6560923718506431,0.6190191
0.973305955556031,0.97011286
0.5032767425251451,0.49933463
0.564484068284841,0.5370885
0.505050087841835,0.49896893
0.517246693925109,0.51650995
0.8822174512787441,0.85917157
0.9303283423344281,0.94917744
0.5037753590866291,0.4998338
0.5000249731831891,0.4990392
0.892178852536442,0.88213533
0.495188167333284,0.49906373
0.8356504454309951,0.8071705
0.49620370484067805,0.49813506
0.8287519115601181,0.81383866
0.50001371170741,0.4994028
0.5226848134734,0.50312823
0.502239977580721,0.49936566
0.8959284100961191,0.8773275
0.9352265792073181,0.9079519
0.9509016743631531,0.95870924
0.513518095382108,0.5195358
0.50052093191691,0.50087804
0.9482402857969181,0.94917744
0.944829665453451,0.92758924
0.500239914586007,0.49951223
0.9761012980837751,0.9765671
0.8933440628806111,0.8698309
0.965944721330773,0.9476612
0.503799877326045,0.50280946
0.526238320507998,0.55383
0.5733539682651431,0.6206031
0.8522925055348901,0.8369474
0.892636960296128,0.9126245
0.97009657009657,0.96786726
0.500208339214831,0.5029883
0.8663490283092871,0.8699914
0.638960412658329,0.6642141
0.500923933778572,0.5007634
0.49717805727789005,0.49963757
0.805135323542383,0.8113097
0.5050134939010971,0.500935
0.517537944203553,0.5125575
0.500708693152706,0.50047505
0.504979644237129,0.5085808
0.5078002600278321,0.5055817
0.9050987315068231,0.8482811
0.5077685292623391,0.50078297
0.925444766778399,0.90640444
0.501527412647054,0.50013804
0.498713552170488,0.49872988
0.784007090787146,0.75707805
0.49934563800066806,0.49958855
0.49734644264454203,0.49991858
0.797191819961343,0.78886515
0.7648944586881651,0.6459613
0.5004227315494191,0.50111955
0.561897725436328,0.55347896
0.49781613799915103,0.49957284
0.8761363680188111,0.87348366
0.9044316079037731,0.8477212
0.49598768279598904,0.50018436
0.8699839511013191,0.8742519
0.941879050910663,0.9151397
0.509423915152425,0.5116571
0.49932753335914004,0.4996815
0.655219847299642,0.71217376
0.971540593909014,0.9771626
1.0,1.0119803
0.7580969892395051,0.7853644
0.9861823361823361,0.990936
0.519725779621613,0.50360984
0.502503087408384,0.49930423
0.487872102992473,0.49562967
0.50239928536267,0.5086356
0.49333263125343,0.49867833
0.501296629358374,0.49967712
0.976313347588419,0.977215
0.510609142104126,0.51243854
0.49866589658526905,0.49834478
0.502088980303765,0.50038135
0.551490420354678,0.536615
0.639213909847492,0.6353049
0.8657678669662201,0.86595595
0.5082562574949601,0.5090307
0.7873118395188181,0.8044442
0.5019662323656711,0.51102436
0.9700844669460841,0.9559896
0.500744778858481,0.50093806
0.5099543097462831,0.5469296
0.49963142192520704,0.4996622
0.9814320842556131,0.9778987
0.5006955946478261,0.50051826
0.49474996850988506,0.49652112
0.499906874516633,0.501772
0.5630757780859731,0.57175463
0.506902461127813,0.5175341
0.8556653445898571,0.7998804
0.8192998338114421,0.81055695
0.9737804388080121,0.96945006
0.9572420627601781,0.97324985
0.5947574740461771,0.6165244
0.49852733247435504,0.4978298
0.500573224566362,0.50046694
0.502677133111139,0.50697875
0.9053994010135971,0.8806328
0.511957380080406,0.51730734
0.5007528412883491,0.4992922
0.9321273422135141,0.9309059
0.745250777294428,0.6566458
0.9509914799216701,0.90908366
0.498263375631296,0.49811035
0.501264528684604,0.500665
0.502503087408384,0.49930423
0.68186319046526,0.70042133
0.794688180878898,0.8120417
0.497316292883663,0.49981368
0.500690497842005,0.5010812
0.5210370582729741,0.5133816
0.5012948228396791,0.5005232
0.8948067632850241,0.8871379
0.5666120253512801,0.5667156
0.498710088988551,0.50233316
0.504389555201746,0.50109816
0.502503087408384,0.49930423
0.5258567300750691,0.5265176
0.881265691393158,0.8845238
0.502895922392361,0.5055865
0.5017697171374771,0.5019271
0.5035194263324471,0.48170114
0.87384195125575,0.8818018
0.5006955946478261,0.50054866
0.49866589658526905,0.4981697
1.0,0.8193766
0.9395833333333331,0.96672803
0.910203086638226,0.93231934
0.49227132232751303,0.4990814
0.5309832680898451,0.53402966
0.496682386908857,0.4991655
0.515245434267221,0.52162206
0.5012948228396791,0.5006429
0.9375,0.9628701
0.5273786912510741,0.5317639
0.49459843295655503,0.49751872
0.49474996850988506,0.49652112
0.5718277030702871,0.5840495
0.8294360254677711,0.8487376
0.9860502079619721,0.92890596
0.880066335825449,0.86928445
0.504481530931859,0.49849677
0.978875283446712,0.9767553
0.5613099812090471,0.54838127
0.9884415775288791,0.9802843
0.9719518849206351,0.975414
0.9805420601701511,0.9621392
0.49990608997482505,0.49856958
1.0,0.9876353
0.9803112049417471,0.9819832
0.9210613192017941,0.9288363
0.8548219016288441,0.8722699
0.8827818570968131,0.90788
0.8383757984852841,0.8415308
0.498263375631296,0.49821123
0.869132948376773,0.87292624
0.847151982074212,0.83800787
0.834278753168705,0.8378249
0.5927056131479981,0.6190102
0.501073859387226,0.50022775
0.9130346796041161,0.92383075
0.49187461855414305,0.49786815
0.49823317499747805,0.50000876
0.500935667194736,0.49937445
0.5138293481436861,0.5227688
0.908586309523809,0.8751699
0.9227061317540671,0.9164847
0.50034340695635,0.49936566
0.9608899647060771,0.9713946
0.498713552170488,0.49872988
0.6085243887764891,0.6810996
0.500511544482512,0.49928164
0.6943593173651551,0.76004404
0.49925020236184503,0.4996186
0.9394856129905351,0.9151397
0.5006955946478261,0.50054866
0.817211015492585,0.78935593
0.499080687231277,0.49960703
0.8317408347999291,0.80561054
0.500345496894614,0.49720672
0.51887843089407,0.5214133
0.500728741052317,0.49739662
0.520710341762338,0.5167228
0.504635270682941,0.50536776
0.8141673772355591,0.8107063
0.905479821457362,0.91093415
0.500912125521858,0.49922267
1.0,1.0006729
0.5007841294916691,0.5013804
0.586335073389969,0.60334563
0.5047226115804321,0.5055865
0.49854734973614906,0.50030684
0.503058335837557,0.49945685
0.9277962453866481,0.6531431
0.503248091090534,0.49646136
0.5123486292943891,0.5043697
0.5048582809272,0.5046432
0.825655237771428,0.7988742
0.5339798123039611,0.5280315
0.499444879647826,0.4977356
0.503248091090534,0.49646136
0.503058335837557,0.49945685
0.9668185148185151,0.9660348
0.9861823361823361,0.9696166
0.896246145735987,0.9026882
0.9438202247191011,0.93683
0.501762493715577,0.50300914
0.906788897804312,0.8979833
0.49999887830050804,0.49857882
0.9260683760683761,0.93929535
1.0,0.9953176
0.945019375677644,0.94462365
0.9579015928222271,0.9482573
0.5303004495504491,0.52201104
1.0,0.83423734
0.9282091958934191,0.9210639
1.0,0.9879117
0.49405649757381703,0.5002922
0.511532069834103,0.52415895
0.819208861449451,0.8284942
0.87539798747578,0.8755778
0.958926214928648,0.9632896
0.5052246039975821,0.509403
0.507018479152022,0.50670165
0.959408618974759,0.9513366
0.9016455624506321,0.91679794
0.8629568710569471,0.857206
0.975427360135323,0.96973366
0.832217967439817,0.8378249
0.8415240404247061,0.8325016
0.9890742363139841,0.9813671
0.49892143726581606,0.49892816
0.8659652603055841,0.8458827
0.8772862997077141,0.8870298
0.497659473213426,0.49589634
0.49854734973614906,0.4996068
0.498713552170488,0.49872988
0.49492820188722203,0.50018996
0.496682386908857,0.49929783
0.937734277860328,0.9344359
0.7413690476190471,0.7403384
0.928716125547539,0.9172846
0.530624109345275,0.52545774
0.9313134219330361,0.9322086
0.8526878271636671,0.83902186
0.972987766462826,0.9467897
0.499580511765055,0.49917412
0.8873902199231791,0.88641703
0.5052246039975821,0.51145434
0.8882157503640631,0.87229204
0.8089403018341471,0.8141948
0.497483394404772,0.495205
0.517053184768109,0.5067808
0.941736694677871,0.9515055
0.8141673772355591,0.81194746
0.49675294502618206,0.49822745
0.663925630833547,0.62457645
0.8668548317909051,0.8642301
0.49577822637074903,0.4998884
0.498640900853885,0.4995562
0.823540483174339,0.8476417
0.511818086196658,0.50398505
0.51869526615518,0.51970255
0.501590801559402,0.5013933
0.9188463096203481,0.8903164
0.7648944586881651,0.6468816
0.7862602092563921,0.7623334
0.911691348146312,0.9144112
0.9453475364246671,0.9230538
0.49947445958747605,0.49961895
0.5018265560556701,0.501338
0.96016210806982,0.87130415
0.846505466244246,0.8362302
0.9598341647921811,0.9607122
0.49971191282109806,0.4996815
0.523303764554783,0.6070344
0.499588444237948,0.49975607
0.500454067453571,0.50050545
0.897197695154291,0.9021884
0.50354216440414,0.48205692
0.619972061183378,0.62320155
0.500728741052317,0.49743938
0.7404101108363821,0.70479065
0.500558013856718,0.50047505
0.500642846832961,0.49924982
0.992878028404344,0.99095
0.495611661615788,0.4991655
0.495054503265048,0.5031205
0.5043466547254041,0.5000172
0.49463047658701004,0.49917603
0.938708091178396,0.69157064
0.5121101412695881,0.5079943
0.502172743103364,0.5031224
0.500323675707262,0.49946946
0.7180705884099531,0.71873856
0.499512079911519,0.4994839
0.49835246090225205,0.4998346
0.498713552170488,0.49872988
0.520620187906916,0.5232462
0.502686175915493,0.49977455
0.5807203820485071,0.5788756
0.9085396192910971,0.91318333
0.497483394404772,0.4962773
0.8168938427826381,0.8551667
0.49978137132874106,0.50104547
0.9480286738351251,0.96188825
0.498042911677041,0.49799457
0.501949755440659,0.5010656
0.931800712919667,0.90728575
0.9328178615971721,0.95153046
0.49652035514771403,0.4995288
0.989886219974715,0.9935474
0.49972792679134503,0.51496625
0.49260178355186907,0.4981701
0.5002719594445081,0.49961552
0.9649022978706341,0.96761256
0.9350121003942391,0.92504734
0.5026253856196901,0.50350225
0.933840636896317,0.9225387
0.5037753590866291,0.4998338
0.49990608997482505,0.49856958
0.8495491595359491,0.83402973
0.80985065055376,0.7951556
0.7954372445858381,0.7777586
0.983645681129486,0.9711776
0.49621292099906206,0.49905875
0.849423584137156,0.8283338
0.984918850289875,0.9801063
0.499827204468106,0.4980932
0.9260683760683761,0.92847884
0.624396899396899,0.5816395
0.8249936558701191,0.82933456
0.87577413093121,0.8755778
0.947320463731645,0.94654274
1.0,0.9727863
0.835095938783438,0.81917393
0.500380311865968,0.5000589
0.49835246090225205,0.4994535
0.9770241887858181,0.9719571
0.655112862916672,0.6732855
0.6891041027178031,0.6841146
0.507708767787874,0.5051455
0.931921840129836,0.94588375
0.491724624786024,0.49962407
0.8547368937702671,0.84553206
0.498409922024635,0.50030446
0.502261347221173,0.50004464
0.849633226225134,0.8306017
0.49459843295655503,0.4963506
0.9451746111520141,0.95819145
0.5019054264316231,0.4990392
0.5076206740804,0.50009525
0.7953818211238111,0.80654514
0.9040060120406761,0.9145498
0.5080433483176551,0.5000172
0.560155300596848,0.5594657
0.9322131689567451,0.9513366
0.963732179371052,0.99298596
1.0,0.9997938
0.49481148203849507,0.5018542
0.9602519290063951,0.9559896
0.501610266277696,0.49921387
0.5002623458294411,0.50126487
0.5017649901662691,0.4997224
0.500316846678864,0.4979745
0.49947445958747605,0.49958855
0.778588182113607,0.7806664
0.8981491372429181,0.90662724
0.49349115396150106,0.49945015
0.9860633497957441,0.9724281
0.5227121777988051,0.5043929
0.916956925333525,0.9207621
0.743930739661355,0.7361041
0.9088988975245481,0.9215002
0.912231805387516,0.9188902
0.499648936267201,0.49953482
0.5342080078469761,0.52154344
0.9480286738351251,0.94201404
0.532685841052256,0.5211739
0.49971191282109806,0.50073427
0.505338978201763,0.50747967
0.9879353233830841,0.98461175
1.0,0.9858128
0.9138443755193931,0.91318685
0.499745275795049,0.49959242
0.5807203820485071,0.5788756
0.5026221688783851,0.50588167
0.502088980303765,0.4999882
0.53045412452685,0.52264786
0.49852733247435504,0.49849552
0.5012948228396791,0.49945092
0.9601715686274501,0.96766126
0.500711934936789,0.5080757
0.743810185357464,0.6448965
0.880995317810584,0.87399846
0.5421010902748671,0.5519658
0.891558102749963,0.7718239
0.8683886772167301,0.8728502
0.5080343646583391,0.5060383
0.504057160233192,0.50096583
0.636885592324922,0.67559284
0.9001250369207261,0.88601786
0.495188167333284,0.49900442
0.9626234291878331,0.9604979
0.523257739657574,0.5098562
0.63879269480775,0.662784
0.49781613799915103,0.49957284
0.49198630188903203,0.4957467
0.5019054264316231,0.49895903
0.509983431467503,0.50641805
0.49961331205424103,0.50022054
0.540055544247043,0.5413802
0.9343604108309991,0.92545587
0.9150183148588211,0.9294492
0.500239914586007,0.49946946
0.49963142192520704,0.4996622
0.630250747642051,0.67691797
1.0,0.9972797
1.0,0.9765672
0.924320098304474,0.90546995
0.5117977892087541,0.519557
0.9097635120851331,0.8596255
0.5050787237923421,0.50460845
0.515010946907498,0.57677543
0.49993347492712303,0.4993504
0.499192032797281,0.5025096
0.9069235140510351,0.9134534
0.513458249530658,0.49623135
0.499940690175654,0.50090474
0.5656365002025471,0.55526143
1.0,0.9985265
0.6782410388682171,0.63864094
0.7699146192267251,0.79478586
0.501313556737031,0.5015883
0.9706042060718171,0.96463627
0.8362785484520201,0.8394581
0.500558013856718,0.50050545
0.8831069358480501,0.8887772
0.49892143726581606,0.49892816
0.9918699186991871,0.99698263
0.5002285555676,0.4995184
0.9280329591326901,0.93701726
0.507611294250909,0.511861
0.500196483219839,0.5010823
0.49866589658526905,0.49821246
0.542823157944569,0.55652314
0.500198746867463,0.50697875
0.858471862360177,0.8265842
0.506389842864726,0.5054384
0.49675294502618206,0.49822745
0.497483394404772,0.4962773
0.502924408777583,0.51072574
0.505495127165774,0.5004739
0.513267514518554,0.5211814
0.9970588235294111,0.98368907
0.5020801914810781,0.5003709
0.9279162366568171,0.9086467
0.49979369971931603,0.4999882
0.9375,0.9638542
1.0,1.0005293
0.5116594831619591,0.49582985
0.912469492942611,0.92586094
0.5144889905105661,0.49879017
0.5148857812215281,0.5158289
0.864814814814814,0.8637479
0.9901053592795671,0.95577306
0.552069543470955,0.53248894
0.49872768328390704,0.49867833
0.499244539474444,0.50282973
0.9235411545037321,0.92417043
0.7381075386754951,0.7135319
0.8838474686658131,0.88336045
0.9343604108309991,0.93977684
0.5012948228396791,0.50067496
0.538576300438637,0.5293867
1.0,0.99938875
0.502775535495777,0.5074671
0.499827204468106,0.4992821
0.52534116172468,0.53002524
0.8725828928129191,0.8391817
0.5947574740461771,0.6160144
0.511690692642727,0.5069159
1.0,0.98945224
0.9753306560383691,0.9788127
0.497209265584415,0.49829212
0.924536937942089,0.924347
0.9967467467467461,0.9925246
0.7413690476190471,0.73704433
0.498769981174049,0.49946278
0.502387797838383,0.499355
0.6452473269282301,0.64424676
0.769906213899574,0.7555652
0.6876085168850291,0.67167646
0.5002878058029441,0.4999225
0.7122772018772241,0.6683248
0.7269873466687461,0.7305127
0.5002158827156921,0.49957907
0.7413690476190471,0.7442692
0.8432674657807231,0.84294945
0.538082496878995,0.55446064
0.9554334802102581,0.95402855
0.5997310740426931,0.58031785
0.49260178355186907,0.49939182
0.500366546145096,0.50013804
0.5008236370590881,0.49986577
1.0,1.0013239
0.507250485598968,0.50744903
0.49893353652929906,0.4987468
0.979190186210337,0.97565526
0.853449825600589,0.8488777
0.94645838653918,0.9643097
0.500119604378338,0.49958932
0.886809217816361,0.8856483
0.5113656838250831,0.5232462
0.49932753335914004,0.4996815
0.501559668982286,0.5012114
0.6653625366004,0.5885058
0.909829776160445,0.9103484
0.522388033891887,0.51665175
0.49964772878436603,0.50535923
0.49953512061744804,0.519557
0.534862155940745,0.56951946
0.49866589658526905,0.4981697
0.9358926004551,0.94348675
0.501527412647054,0.50016844
0.499080687231277,0.49963742
0.517053184768109,0.51243854
0.8845522689507651,0.86844546
0.7186277892799631,0.71302414
0.49227132232751303,0.4990814
0.5030186771561991,0.5009333
0.5000249731831891,0.49895903
0.49188382856274904,0.5003559
0.5021745927094511,0.49941194
1.0,1.0076176
0.9395098600221261,0.94837976
0.5118027846530491,0.5093051
0.908727947454486,0.9232522
0.614932400749718,0.5949942
0.5034877628119611,0.49574023
0.849828444722681,0.85951895
0.49852733247435504,0.4978298
0.9683727623031511,0.9693033
0.5008236370590881,0.49947265
0.500728741052317,0.4975717
0.864814814814814,0.8639594
0.49654998001424006,0.49964124
0.501730502596727,0.50074106
0.9480286738351251,0.9505307
0.504060008676797,0.49948272
0.510276774187123,0.5116138
0.9216413618587531,0.93205154
0.8691696230818021,0.85217327
0.49855952079285804,0.499664
0.49886676557566406,0.49947265
0.917208187683724,0.932659
0.9477173257365,0.92729735
0.5246941388078941,0.5310405
0.49578111244384504,0.5009333
0.597521666692515,0.6593606
0.501869467036921,0.500848
0.9534104207160431,0.9597235
0.543260596347665,0.5319991
0.9216413618587531,0.9192628
0.502600199132773,0.4995334
0.582183021764611,0.59622467
0.54328014005913,0.5791956
0.8499999999999991,0.8103937
0.837353763585667,0.8445081
0.76648989764343,0.76425457
0.512238632337754,0.50476027
0.5029536444288281,0.50571597
0.9597102688977681,0.96279424
0.6221918757304781,0.61022794
0.9122366795662251,0.92631644
0.500949894442691,0.5040177
0.5080137762480881,0.52153206
0.9813207561339381,0.975052
0.5006955946478261,0.50054866
0.501642963899088,0.50533354
0.503749774589987,0.5012756
0.501730502596727,0.50074106
0.8664280681414631,0.8685691
0.6057142769246201,0.7128045
0.7820076027162941,0.7849696
0.500237754817213,0.5003709
0.516421905926154,0.5105331
0.902789053898522,0.89194256
0.909986340728216,0.9214876
0.76650119981417,0.78730375
0.573259415768126,0.57682544
0.49463047658701004,0.4993504
0.7191269101187111,0.66392267
0.8358371390079921,0.8527948
0.9072886138271621,0.90606415
0.580782135059701,0.5789134
0.9613293419939831,0.9828748
0.49971191282109806,0.4996815
0.49452610807296704,0.49930894
0.8467821168909181,0.8932084
0.49074469866888504,0.501772
0.500119604378338,0.49929637
0.500699004349489,0.50147545
0.921526910511066,0.9182635
0.49227132232751303,0.4990814
1.0,0.9987225
0.501092098721804,0.4950225
0.8944121245851041,0.89881134
0.8567547140893371,0.89624745
0.9680198495581611,0.9139008
0.49763998039973306,0.49870846
0.502212745753666,0.50227094
0.506565213184586,0.4990057
0.531448672965064,0.5837176
0.8777097815095171,0.8728502
0.500316846678864,0.4979745
0.5004070501062431,0.5011389
0.547823610175451,0.5961707
0.49438068851743605,0.49680945
0.5002623458294411,0.50178784
0.6011700268287881,0.6200128
0.5040623068807251,0.49687365
0.9231269544670031,0.90728575
0.858575702318181,0.8460457
0.534786954268032,0.5205241
0.8170747509353421,0.8260503
0.501641203102362,0.49845877
0.501610266277696,0.49921387
0.8112535612535611,0.81639796
0.5042232853060871,0.5012953
0.5196244017509101,0.5153692
0.5093818814794241,0.5049149
0.5975324578160061,0.60305846
0.49983992584833503,0.49923378
0.658082053408342,0.5771278
0.9518351060703991,0.9499837
0.548759064956839,0.58134454
0.501073859387226,0.50022775
0.503781559922796,0.5115749
0.9101684497840821,0.8837455
0.5082562574949601,0.5090307
0.52295303076553,0.50571597
0.501727262755088,0.5013938
0.7514926891001391,0.64410466
0.49866589658526905,0.49834478
0.49988837093825506,0.4993187
0.5162478143502991,0.5704825
0.598364709347436,0.5901347
0.838475275071326,0.8341789
0.8469530357053741,0.83828515
1.0,0.99938875
0.499354866055418,0.4962773
1.0,0.99971414
0.964573139146043,0.9566681
0.499535901604897,0.50406724
0.5007528412883491,0.4991087
0.50001371170741,0.499646
0.49983373386925406,0.50026214
0.509253151669916,0.50010395
0.497483394404772,0.49643666
0.503845197848346,0.51666796
0.9803112049417471,0.9819832
0.9436557749210681,0.952246
0.5000249731831891,0.4990392
0.501460164601713,0.5021261
0.9122366795662251,0.9369478
0.501035434220469,0.49957284
0.7506127450980391,0.74401987
0.699801587301587,0.7281021
0.506907388769062,0.51468784
0.49449669402940405,0.5197047
0.49558332632738405,0.49934292
0.764439464690933,0.75552094
0.9071229490021311,0.92251784
0.502503087408384,0.49930423
0.499378615141481,0.49957284
0.9072904256454191,0.9137014
0.9604790537280591,0.9741274
1.0,0.77703136
0.9431767118087231,0.664212
0.8628850951838031,0.8472914
0.498713552170488,0.49872988
0.519946126327904,0.51970965
0.907930441166612,0.9166054
0.49852733247435504,0.49771056
0.503975350281575,0.4990784
0.980617775518783,0.98606896
0.500323675707262,0.49951223
0.49947445958747605,0.49958855
0.8177039062437761,0.8227618
0.8178367021657461,0.8043279
0.973910884434322,0.9467897
0.9232082212454981,0.9467925
0.5019054264316231,0.4988641
1.0,1.0004045
0.5236497877122871,0.5090342
0.926275424261592,0.932659
0.49626525855393305,0.4964291
0.50111457252546,0.501772
0.543360143644234,0.55606097
0.500565197105398,0.49929783
0.5042281483540011,0.5036042
0.500454067453571,0.5009158
0.834147631503777,0.84233403
0.49761536817873203,0.53142357
0.9333302638266431,0.93807536
0.8176377904171601,0.7824584
0.8827484119095781,0.8806328
0.8488418173159781,0.8422699
0.500316846678864,0.4979745
0.915306211329943,0.91537684
0.9861823361823361,0.9783825
0.49988837093825506,0.49918637
0.502136876609108,0.6359102
0.500119604378338,0.49929637
1.0,0.99971414
1.0,0.99553376
0.850660599039553,0.8583675
0.49854734973614906,0.50059897
0.8468843867523611,0.82046074
0.500196483219839,0.50147545
0.9385940842001521,0.93674886
0.8526313015966701,0.87549424
0.982368548048649,0.9766379
0.9225695387358991,0.930788
0.49751897160701203,0.5006616
0.5009957997332111,0.49620724
0.9497416653474091,0.9226899
0.5004227315494191,0.5007264
0.50337933341758,0.5010481
0.7336260889268871,0.71873856
0.49716482455190303,0.5014004
0.501092098721804,0.4950225
0.49877677356758204,0.5015332
0.9260683760683761,0.9310748
0.5004482282503451,0.4997143
0.8512323955024651,0.84176254
0.981940676446695,0.97521645
0.9326956048938461,0.9261637
0.8356425321685921,0.8348827
0.502075726896004,0.50089633
0.49906825143667205,0.5062321
0.501502943472516,0.5013085
0.506567744558315,0.50613284
0.5012948228396791,0.5005232
0.839272048507208,0.82700795
0.58989247336436,0.62784046
0.504550730753891,0.5103559
0.500695032837249,0.49990326
0.5094695920420731,0.508644
0.605956622460152,0.63770556
0.887905464446688,0.90897703
0.9344092448694951,0.9293979
0.91423855978021,0.90646756
0.515566606389391,0.59844583
0.498866753327022,0.49670792
0.882695487491833,0.89499825
0.500824924269695,0.5016013
0.603154415029414,0.5557804
0.49971191282109806,0.4996815
0.500708693152706,0.50047505
0.9554102302925831,0.9395276
0.5013293155502621,0.5081727
0.8445558404466391,0.83918005
0.9463530255721521,0.9597235
0.975261341992089,0.9759561
0.510692749623184,0.51564294
0.8014063409663481,0.8083811
0.572081006488672,0.57708853
0.500923933778572,0.50115657
0.498769981174049,0.49950555
0.500345496894614,0.49562967
0.503820312853686,0.4996566
0.49823317499747805,0.4999784
0.8468338399189461,0.8486937
0.9376120448782611,0.9476612
0.9260460385546571,0.930788
0.951685099229965,0.957936
0.501231687692807,0.5009508
0.500316846678864,0.4979745
0.875676527801827,0.8806328
0.8929979396363261,0.8074957
0.49989718451914605,0.49964702
0.9670967699682611,0.9704878
0.8850877272179041,0.8904864
0.501753034581885,0.49976614
0.8491922060352791,0.85147864
0.499080687231277,0.49960703
0.5214762687051431,0.50344896
0.49732046133060903,0.49931931
0.9259787858746191,0.9390102
0.872507813839234,0.8730316
0.506981073420488,0.50091845
0.5137905461892001,0.5176339
0.500672748462896,0.50238234
0.507018156004568,0.5056452
0.8097750025686441,0.7972773
0.561453119305453,0.57591635
0.9599215237591241,0.96898764
0.49983992584833503,0.49950737
0.5151770455097401,0.506057
0.49922349136945404,0.4988641
0.9533649551877551,0.94078684
0.838622905271116,0.8441636
0.712305618209359,0.7423351
0.508893941585281,0.5050562
0.569977743332953,0.57450914
0.503429611890382,0.5002675
0.5215998041041621,0.568719
0.9528982262422551,0.95019174
0.500119604378338,0.49972165
0.49804523428894004,0.49958247
0.9277650638903151,0.9166912
0.8872076282702811,0.8755778
0.9390263367916991,0.9192455
0.517053184768109,0.5067808
0.9837896825396821,0.96133554
0.606993058183073,0.6783355
0.620099295799978,0.60110414
0.9375,0.9297155
0.907950491295583,0.90756434
0.5001251763676671,0.499823
0.6653290773941151,0.62742597
0.5021745927094511,0.49977455
0.498769981174049,0.50045496
0.5070299493599391,0.51666796
0.8722962631662181,0.8569929
0.552983405618084,0.5507866
0.9678571704803601,0.9693033
0.9583988513696731,0.9604092
1.0,0.99938875
0.5016916748944681,0.49922267
0.913455396825754,0.90980107
0.49882972481367205,0.4998338
0.8349223154095821,0.8112166
0.5382426790019911,0.51307
0.580782135059701,0.5789134
0.499853693902484,0.49836427
0.9642887330372161,0.96354246
0.499512079911519,0.4994535
0.9697176991049091,0.96991336
0.564890569566141,0.5727456
0.49864680116212906,0.5031638
0.49528512531366603,0.49849677
0.7079587079587081,0.69025195
0.910070513815415,0.90333974
0.7071827073020881,0.68309015
0.626813921513061,0.6177905
0.9170354505886501,0.9150375
0.8134436701509871,0.81956893
0.49997000198877506,0.5082456
0.9636209365127251,0.95623666
0.502163457200347,0.5026489
0.5008236370590881,0.49986577
0.9159510904782671,0.8919803
0.503152128343871,0.50586766
0.9714702781134631,0.9705862
0.502713433236049,0.5035019
0.49915527454453507,0.49938133
0.9967467467467461,1.0086576
0.49932753335914004,0.4996815
0.49909510261897205,0.49991858
0.9709503008929941,0.96758115
0.506877192843727,0.508946
0.8046560623793411,0.7074044
0.8259545911823241,0.82806104
0.511903953399222,0.5165115
0.7117359000337721,0.69876677
0.496376090910342,0.49933118
0.517850466733881,0.49850607
0.884128387782336,0.8879803
1.0,1.0004817
0.5105574080521991,0.5014506
0.833672566764147,0.8281293
0.9228895833636691,0.90728575
0.8179283443232561,0.6801318
0.502386460888941,0.50484157
0.498769981174049,0.49987903
0.498713552170488,0.49872988
0.9132223297709751,0.9101233
0.891558102749963,0.77325684
0.932061861169984,0.9448313
0.503429611890382,0.5002675
0.505516060606238,0.49930894
0.9587083984343361,0.96652883
0.504816502308714,0.5008175
0.500239914586007,0.49951223
0.505894978882617,0.5068024
0.9640207488991581,0.9596988
0.9648629148629151,0.95756286
0.5000249731831891,0.4988641
0.500323675707262,0.4996186
0.5032188372216151,0.50586766
1.0,1.0079234
0.8176377904171601,0.7776719
0.83011309813605,0.8290624
0.860716794819908,0.8540991
0.5939194459420211,0.6453894
0.500708693152706,0.5009158
0.8882157503640631,0.8756304
0.501762493715577,0.50111955
0.941736694677871,0.94627243
0.6965980081361121,0.6766583
0.8846695296302031,0.89249575
0.915680148027158,0.90798056
0.8595094991998651,0.84486294
0.49854734973614906,0.4996068
0.49906825143667205,0.5003921
0.5170789290486231,0.52742827
0.6095642445796591,0.56363475
0.5012035582791811,0.50132436
0.49659093702183305,0.50012356
0.8534827418467741,0.8202782
0.9879353233830841,0.98461175
0.538576300438637,0.5278984
0.877264547880082,0.89402497
0.49978191476346,0.49951273
0.49676203921370704,0.4976313
0.7684741687699961,0.77621037
0.9558228500345141,0.9562326
0.9035278064823381,0.8812663
0.749421227810101,0.7711421
0.9434194135241981,0.94731027
0.8288442024610201,0.83838767
0.90215669547566,0.9068692
0.49975057879967805,0.49965656
0.936849325805935,0.9306535
0.495611661615788,0.4992821
0.501296629358374,0.50154096
0.5109872037888761,0.51549155
0.8385225526656661,0.839544
0.9399534392824821,0.9299931
0.8789958557662211,0.8901119
0.847355412720722,0.8359312
0.499240349947895,0.49961895
0.5001205909509351,0.50451416
0.49774195831475104,0.49254516
0.8725417943725131,0.8522516
0.5604224484031171,0.5727456
0.5039779357026221,0.50963116
0.499664626807912,0.50501335
0.5006955946478261,0.5025018
0.5006955946478261,0.50051826
0.9174431353073631,0.924347
0.49950405146004806,0.4996815
0.877264547880082,0.8896745
0.660099261964263,0.82801956
0.572081006488672,0.5775985
0.9861823361823361,0.98689836
0.963861516554473,0.9237282
1.0,0.98765576
0.851375951636622,0.82918346
0.9405018197483701,0.9500194
0.49970061457205606,0.49975607
0.6980402939934931,0.75065476
0.944419619881354,0.9290195
0.7058673469387751,0.6986871
0.5004031956281041,0.49890688
0.8838599457216231,0.8909595
0.513589621769874,0.5055865
0.501811701881287,0.49841517
0.922988633270704,0.9245408
0.5236497877122871,0.5172886
0.827149926877618,0.84479594
0.5036114954664831,0.50092083
0.9593394061490851,0.95153046
0.745256091737973,0.7495197
0.49528512531366603,0.49849677
0.787750169017684,0.8113097
0.502154880999091,0.50550395
0.8408983723335001,0.6237509
0.5326743187210851,0.6219231
0.5138293481436861,0.5227688
0.9983985765124551,0.98481303
0.58116823346872,0.58753484
0.500552786224239,0.5056452
0.8184592467893631,0.8018503
0.87827274361047,0.8907055
0.843685582512198,0.85269576
0.5055652994651251,0.4990057
0.5017649901662691,0.4997224
0.8541668699951541,0.8224903
0.6673576713646401,0.62954944
0.9263741001930671,0.9243113
0.5257576208130691,0.51879275
0.498263375631296,0.49811035
0.6395296167247381,0.7134141
0.9949677430222171,0.98877704
0.5666120253512801,0.5667156
0.49794772754909905,0.49890688
0.500672748462896,0.5000996
0.486409362116054,0.50009525
0.5138293481436861,0.5227688
0.501502943472516,0.50091535
0.49950405146004806,0.4996815
0.500708693152706,0.50047505
0.5927237732480081,0.5920425
0.512763227577966,0.63558435
0.505137550849727,0.51004094
1.0,0.9992532
0.5000996055283641,0.50255615
0.5023284999744241,0.5080613
0.506276050976335,0.5080984
0.9534028368671431,0.9525473
0.8734742923024911,0.89106643
0.9071522760125361,0.9151827
0.495388949250246,0.5053837
0.6474644457653651,0.60124296
0.9375,0.9301226
0.8305888697168151,0.84479594
0.507472128284423,0.51183134
0.8549885157214491,0.8550511
0.5127184995143941,0.5109189
0.790277377370962,0.6037259
0.9844637855142061,0.9816745
0.49684511933783004,0.50148743
0.9362458131931981,0.94757986
0.498263375631296,0.49811035
0.504060008676797,0.4993504
0.49963142192520704,0.50154793
0.7413690476190471,0.7402587
0.5016448866728,0.49961552
0.49971191282109806,0.4996815
0.5947574740461771,0.615571
0.8526988341828211,0.8432761
0.502686175915493,0.5025256
0.49734691867366504,0.50219023
0.9409041134096001,0.94658905
0.501610266277696,0.49921387
0.502223017268784,0.50245726
0.5046015215571881,0.49837375
0.8791107404053641,0.894988
0.518492059820252,0.5265176
0.9691517855007691,0.9637254
0.587477974054018,0.5478221
0.511469070080739,0.50850695
0.937375154292115,0.9346248
0.498263375631296,0.49811035
0.9455042532707971,0.9385909
0.9352061222994571,0.9250882
0.500380311865968,0.5000589
0.9060680997384921,0.9040269
0.53332570836005,0.556008
0.501748994265872,0.5036518
0.873098616928435,0.86088663
0.500949894442691,0.5040177
0.49811173289433003,0.49941155
0.9514292186559411,0.9297896
0.496733053641751,0.50026554
0.8376559449111111,0.78935593
0.720155021869447,0.6333313
0.9121093578775561,0.9144956
0.50696328538445,0.49837375
0.8166868872559031,0.8408928
0.5177573362476331,0.504066
0.871517810489958,0.8627315
0.8526800575254211,0.85548234
0.5046739385394371,0.49803528
0.49893805928350604,0.49983436
0.5068075973902311,0.5148198
0.504060008676797,0.49930763
0.7268031366476371,0.72739035
0.87346657867192,0.8737579
0.49906825143667205,0.5062321
0.49459843295655503,0.49694294
0.50029099077334,0.50758916
0.503248091090534,0.5007357
0.882737085410872,0.86668193
0.499827204468106,0.4992821
0.9632267677523031,0.955431
0.864814814814814,0.86403906
0.500380311865968,0.5000589
0.5610985208207431,0.52119064
0.502686175915493,0.49938148
0.925295930271347,0.919999
0.49835246090225205,0.4994839
0.5372222790129041,0.5210186
0.500585094253015,0.501338
0.502676788759712,0.50287807
0.4968450207637,0.49874017
0.593584927809441,0.5982702
0.9395833333333331,0.94316727
0.592407757071718,0.62457645
0.501231687692807,0.5009508
0.497483394404772,0.4962773
0.923850005090689,0.9244024
0.757604730953442,0.73197454
0.7058673469387751,0.6986871
0.5009259910778301,0.4973842
0.9936448153984331,0.96424544
0.7074142407408891,0.7495197
0.9716923465349131,0.9705872
0.9135359962805891,0.92696357
0.545549604413983,0.6014596
0.8611226018596021,0.86595595
0.672850027932804,0.66727453
0.9681758515833591,0.96202725
0.502528758744563,0.50013447
0.8769531074109681,0.8592534
0.9339114740013731,0.9587501
0.5354278937025411,0.5231515
0.500196483219839,0.5010823
0.5807203820485071,0.5788756
0.5032126983955231,0.5020917
0.5029253622266711,0.50559175
0.49804523428894004,0.49991187
0.519809385467758,0.5258216
0.8280763014243641,0.83628094
0.963691202409337,0.96718127
0.8879212046490451,0.87712973
0.49988837093825506,0.4993187
0.93021213067019,0.9701131
0.497483394404772,0.4962773
0.500268781210063,0.5003259
0.8468338399189461,0.8479648
0.499080687231277,0.49963742
0.511714990926265,0.5055865
0.5037753590866291,0.49975488
0.5203725963837691,0.5561503
0.5666120253512801,0.5667156
0.506767194097627,0.5136221
0.9017036576221961,0.90402544
0.953581900158988,0.9064995
0.498263375631296,0.49722067
0.515566606389391,0.5931359
0.929139019561088,0.9240721
0.883386250079025,0.87177336
0.49227132232751303,0.4990814
0.5009008010349101,0.5013267
0.93758928371848,0.9251968
0.6281522703272611,0.6094061
0.8671358274420581,0.8487286
0.542256255938779,0.5537607
0.8550517840209221,0.856907
0.500695032837249,0.49990326
0.497214065344852,0.4984978
0.505523239257324,0.5003559
0.516024673979219,0.5165238
0.49918770066295604,0.4992367
0.7418326907977401,0.7824605
0.49187461855414305,0.4977914
0.880718414834956,0.8680003
0.49947445958747605,0.49958855
0.681376076093758,0.62108076
0.505130806772571,0.5074066
0.5947574740461771,0.6165244
0.9297439744161281,0.930788
0.49931859161911,0.49967712
0.5297911904961491,0.5147935
0.881216712656629,0.8709443
0.499080687231277,0.49960703
0.498409922024635,0.49946946
0.8586372148897361,0.8182528
0.502387797838383,0.49922267
0.49950405146004806,0.4996815
0.522225710733787,0.49680945
0.49862299254934206,0.4997146
0.49989718451914605,0.4992367
0.9259787858746191,0.92651486
0.502503087408384,0.49930423
0.499580511765055,0.49966842
0.5328629065698031,0.51307
0.916545832724417,0.8904864
0.500810247184957,0.49562967
0.654081722189199,0.63823485
0.501229055294669,0.498829
0.49791452475200304,0.49956772
1.0,0.9971889
0.954155235183178,0.9481551
0.49990608997482505,0.49856958
0.509720335841056,0.50744903
0.518774198135858,0.5171349
0.502419841895905,0.49800113
0.8722411026240361,0.8622241
0.500312096715272,0.4974734
0.499580511765055,0.4996956
0.496967742621283,0.49884877
0.500316846678864,0.4979745
0.9741321475876611,0.96854085
0.9914974283011421,0.9815451
0.8939139241513671,0.91402006
0.49925020236184503,0.49951223
1.0,0.9858128
0.919036634136935,0.9273416
0.505495127165774,0.5010085
0.49227132232751303,0.49943334
0.9568011963348211,0.9493221
0.9260683760683761,0.92967457
0.49970386444477105,0.49929783
0.8409950753163471,0.822751
0.509814662295469,0.5095574
0.9598644064150831,0.9569833
0.498769981174049,0.49963787
0.500708693152706,0.50047505
0.500511544482512,0.49931204
0.49971191282109806,0.49978238
0.499240349947895,0.49958855
0.519879539334683,0.5294326
0.526518462345829,0.5265176
0.9392190916266291,0.9480319
0.957786817316657,0.93421924
0.517642192618133,0.51631916
0.650255927127646,0.55205345
0.504224597049134,0.50026554
0.5572880789136161,0.57465
0.506365532441044,0.51121503
0.501610266277696,0.49933046
0.49925020236184503,0.49964455
0.8134436701509871,0.8098396
0.5004044770249161,0.49868444
0.7671189987611,0.7578545
0.8902053402098471,0.8344994
0.52874105363517,0.5691871
0.504267397720917,0.4998814
0.498409922024635,0.49951223
0.553658701223654,0.59528387
0.492826153279862,0.50098896
0.49502810479435905,0.49895445
0.9709503008929941,0.96758115
0.51887843089407,0.52176535
0.50361339539577,0.50038975
0.497209265584415,0.49829212
0.8817904209185651,0.8908615
0.6168142334443031,0.581926
0.49989718451914605,0.4992063
0.499080687231277,0.49963742
0.9270705582516161,0.81876725
0.49970386444477105,0.49929783
0.5033206017712061,0.5058943
0.498713552170488,0.49861068
0.5028850087865431,0.50004464
0.49978137132874106,0.5000535
0.7775026704473791,0.7538249
0.49699818794582,0.49783456
0.500345496894614,0.49720672
0.499323347903795,0.499664
0.9736991707954271,0.96287835
0.499580511765055,0.49933347
0.956269888971609,0.9304731
1.0,1.0190252
0.500708693152706,0.5009158
0.912187896278805,0.91129124
0.7958255751308351,0.8146401
0.894817009099352,0.88601786
0.5010020432359751,0.4987627
1.0,0.996599
0.5468340981294051,0.8033963
0.5076547109891401,0.50324905
0.9615378698179021,0.9629835
0.5632095524429921,0.5369598
0.973056998730175,0.9755205
0.500323675707262,0.499664
0.860895242079137,0.8780337
0.9914974283011421,0.98566747
0.8789958557662211,0.88804954
0.502387797838383,0.49941206
0.499240349947895,0.49958855
0.841249100376231,0.857346
0.8869985048658301,0.89500487
0.502590066307244,0.49783832
0.9649359122681421,0.9528503
0.499648936267201,0.49950442
0.9322298311522441,0.9366617
0.5031805977110251,0.5064373
0.940917872760865,0.92856914
0.504867553778481,0.50362915
0.500511544482512,0.49931204
0.9765066000866051,0.975052
0.49932753335914004,0.4996815
0.49989718451914605,0.4992063
0.49854734973614906,0.4996068
0.500695032837249,0.49990326
0.924367340608767,0.92558944
0.49676203921370704,0.4999781
0.515875445360739,0.5223109
0.8134436701509871,0.8098396
0.500316846678864,0.4979745
0.844222718690063,0.8696053
0.8649537178948951,0.8535512
0.9458838862863621,0.95372224
0.500382303678892,0.5680488
1.0,0.99938875
0.499745275795049,0.49956203
0.499512079911519,0.4994839
0.9666712842596601,0.9650309
0.9731910293764381,0.97542137
0.497483394404772,0.49861702
0.9793361916925131,0.9772704
0.5020801914810781,0.5003709
0.533556561357737,0.5252425
0.499481113373467,0.50009906
0.49866589658526905,0.49834478
0.7688169072459641,0.78052557
0.504181375761368,0.5245929
0.5028997909691041,0.50505716
0.5007017015537231,0.5104721
0.9159211642677411,0.90728575
0.5004227315494191,0.5007264
0.49804523428894004,0.49958247
0.8663571239234491,0.84098756
0.5004044770249161,0.4991087
0.867460684820838,0.6622727
0.9734814912573471,0.9640002
0.49889529665949905,0.49733567
0.5339102158586401,0.5206235
0.518621927035802,0.51089585
0.73637715062715,0.76893914
1.0,1.0046586
0.922405245860605,0.9154627
0.49882972481367205,0.5012145
0.9556977797258921,0.6870159
0.499122828779531,0.49852002
0.9029915805279761,0.9150022
0.5002878058029441,0.4999225
0.503058335837557,0.49949962
0.49971191282109806,0.49994937
0.541719029214856,0.5105055
0.495188167333284,0.49900442
0.580966223698781,0.6502612
0.50110848698817,0.4993229
0.6851462617782861,0.5300309
0.501273107894004,0.5070757
0.499879448442118,0.4992063
0.49852733247435504,0.4978298
0.680045394420394,0.68193364
0.507460749446718,0.5066837
0.495611661615788,0.49929783
0.875627396601601,0.88796747
0.5022162440276571,0.50183845
0.63021669341894,0.6449309
0.9097304894179891,0.9200916
0.49203889463610906,0.50026876
0.5807203820485071,0.5783656
0.5283809150261031,0.54214203
0.490536703104172,0.49813968
0.49978137132874106,0.50030535
1.0,0.99938875
0.49886524296224005,0.5002632
0.504060008676797,0.49930763
0.517378838187177,0.50399816
0.500119604378338,0.49972165
0.9442498367616361,0.9299931
0.8344666789083781,0.83104664
0.8919080705434941,0.9021205
0.572035985059348,0.5666683
0.499381135713136,0.4999784
0.49338125545624606,0.49940464
0.8734742923024911,0.88900405
0.500511544482512,0.49931204
0.8948067632850241,0.886477
0.49260178355186907,0.49822745
0.8809503138493591,0.8882351
0.50361339539577,0.5002035
0.502375772524553,0.49605626
0.967741434485015,0.9618374
0.8037914323277491,0.7809995
0.8533929420909431,0.8642847
0.7413690476190471,0.7402587
0.5092132589541271,0.51436245
0.9226847771568311,0.91426903
0.7862602092563921,0.6471042
0.868403730645048,0.86595595
0.518643278803759,0.51755875
0.797698201211759,0.76897556
0.9840086034413761,0.97812074
0.8360815730064061,0.9244024
0.8190258156768491,0.8305246
0.490536703104172,0.49813968
0.5862963011103991,0.6161054
0.5093208771609941,0.4996909
0.8954060350676881,0.88820124
0.501296629358374,0.49967712
0.7058673469387751,0.69876677
0.880289265500782,0.8737579
1.0,0.99971414
0.49922349136945404,0.49912345
0.504197933173897,0.50094223
0.784621710283613,0.78183216
0.9327492852415301,0.92223763
0.528873076474179,0.5271093
0.499648936267201,0.49950442
0.9954861111111111,0.9580054
0.8141318887105401,0.8093637
0.500573224566362,0.50049734
0.5082562574949601,0.5090307
0.9579015928222271,0.9497175
0.9075294978414811,0.91181195
0.818658251073435,0.85079104
0.53150485497889,0.51685566
0.836403894742733,0.85413045
0.5019259598354351,0.4994631
0.860930035535258,0.8551156
0.49651688659367404,0.498823
0.9759571141606421,0.9636456
0.9060577547452541,0.8648513
0.5579078278413451,0.55533254
0.811830051161995,0.8275339
0.958890449263265,0.95207405
0.499354866055418,0.49643666
0.49993347492712303,0.49955946
0.499444879647826,0.49872863
0.5833708778848901,0.6172303
0.502110223403548,0.5017443
0.742154484158,0.661691
0.9288283045590031,0.92025155
0.49791452475200304,0.500161
0.970088256662713,0.97521645
0.499827204468106,0.4991655
0.502313911796736,0.50018436
0.5010320714633291,0.50260085
0.8784162726394451,0.8105276
0.5019054264316231,0.4988641
0.8314324484142761,0.81166524
0.5017722185225371,0.50022775
0.496682386908857,0.4994584
0.5787075899114721,0.56871474
0.9376014499451261,0.9213944
0.7058673469387751,0.6986871
0.8734401245668431,0.87589806
0.5047759892085361,0.49946886
0.81757986621941,0.851828
0.6806588351978531,0.59931326
0.8860718907712051,0.8876776
0.506862195831268,0.50324905
0.952331951660166,0.93869513
0.9122366795662251,0.9288744
0.538619388399141,0.5970379
0.5236061088863241,0.55490667
0.9970588235294111,0.9853156
0.9633208689458681,0.9598046
0.828776978326596,0.79487985
0.49857430123269003,0.50293845
0.5012948228396791,0.50067496
0.9652850670302071,0.96950173
0.498263375631296,0.49590433
0.8642919176649331,0.78453773
0.50001371170741,0.4994028
0.499240349947895,0.49958855
0.9334572481819751,0.932415
0.499745275795049,0.49956203
0.500558013856718,0.50047505
0.56312570960561,0.5768204
0.504060008676797,0.49948272
0.503077479576535,0.49772272
0.9696109816871181,0.96854675
0.9770665299612661,0.9772704
0.499879448442118,0.4992063
0.9717587747742201,0.9705861
0.9073781913636021,0.9290201
0.873378581241232,0.88951653
0.500912125521858,0.499355
0.9392672549540091,0.93098104
0.499790679489569,0.5010812
0.5830398637658311,0.5712779
0.496682386908857,0.49929783
0.9323212191508211,0.9297544
0.49620370484067805,0.498823
0.5026966483088371,0.5035346
0.499354866055418,0.4962773
0.648931643269622,0.62954944
0.6789868317905701,0.6455552
0.9297742784424791,0.9065131
0.928348609386034,0.924347
0.5006955946478261,0.50081676
0.9521158820297371,0.91019464
0.499041791891751,0.4990922
0.5084149704451131,0.50664544
0.873024909874719,0.82296884
0.500757065297619,0.50155157
0.498901525500605,0.5059974
0.5108653547824811,0.5137415
0.500470535115175,0.50022334
0.49959180761835803,0.50836694
0.500119604378338,0.49954656
0.5220204610850491,0.5078238
0.9382966088484871,0.9275711
0.562378525604536,0.53248894
0.501035434220469,0.49957284
0.705189104876604,0.63547504
0.910070513815415,0.91661173
0.9714866796689311,0.9759561
0.49421207675208906,0.50993836
0.500323675707262,0.499664
0.499745275795049,0.49956203
0.883949983778011,0.9053775
0.9646220069948881,0.95992464
0.500699004349489,0.50294626
0.49950405146004806,0.4996815
0.505094109043253,0.50096995
1.0,0.991699
0.860355709784215,0.859043
0.5082512001675681,0.5309923
0.9315689780606541,0.9306535
0.592575961825175,0.5694517
0.897671563586501,0.9144112
0.49934563800066806,0.49958855
0.49762831394952006,0.5009333
0.500323675707262,0.4984399
0.51131712044073,0.50764453
0.501804270840292,0.49959883
0.605249096338205,0.56891316
0.504169691068119,0.5044028
0.614896554478228,0.62857586
0.9426297747090141,0.9489993
1.0,1.0119803
0.602515418609168,0.57813823
0.886189409147705,0.85946196
0.9556825952552981,0.9093482
0.50337933341758,0.5010481
0.5116393970038471,0.50795287
0.9402744546445231,0.9460693
0.500380311865968,0.5007042
0.5056404438929061,0.5038633
0.500196483219839,0.5010823
0.5047848604998371,0.5000193
0.49931128500171706,0.49850607
0.9834833853718311,0.97579545
0.500920042062183,0.501338
0.9858698712556261,0.9749111
0.912188742135266,0.8982909
0.9763034125843161,0.9712513
0.498769981174049,0.49946278
0.908503983464063,0.89902633
0.5149559177985961,0.5306724
0.7058673469387751,0.6986871
0.501363073282161,0.5000193
0.496978819329467,0.5012538
0.711904792049846,0.7135319
0.49835246090225205,0.4994535
0.5059746407716791,0.4999122
0.5300168967537,0.53881997
0.500316846678864,0.49800488
0.904229324489717,0.90995246
0.6907084979151851,0.6220027
0.8203492760509701,0.82080156
1.0,1.0008565
0.49187461855414305,0.4977914
0.49892143726581606,0.49892816
0.495326523649859,0.49545833
0.504289810126339,0.50392306
0.498713552170488,0.49922913
0.7179198354432,0.6455552
0.5841180429869041,0.6096249
0.974575067788993,0.9048838
0.49994282074828506,0.52286506
0.8629318159503251,0.8762766
0.9595269618213951,0.9721353
0.84341222076233,0.80480534
0.8721427038953171,0.88980645
0.49893353652929906,0.4987468
0.700429400615968,0.68985945
0.49484753277226906,0.50660473
0.49676203921370704,0.49778312
0.49988837093825506,0.4993187
0.699482155857513,0.63757616
0.9067867369130461,0.9144112
0.894601197754265,0.91176087
0.5012489124053561,0.5008258
0.9155168463112071,0.9215164
0.53158615537956,0.5182885
0.78352190272882,0.80266726
0.501764999382122,0.5002285
0.75798898659609,0.67909473
0.49747447978327003,0.5012029
0.63021669341894,0.6454409
0.499580511765055,0.49933347
0.9165247015993131,0.9282889
0.75322038817031,0.75784534
0.588017347236097,0.5783656
0.7384769034528961,0.67282796
0.8232230441139241,0.8167931
0.7058673469387751,0.6986871
0.807695831441068,0.83490413
0.9844564683682331,0.9654529
0.49893353652929906,0.4987468
0.507767186239224,0.50831604
0.5947574740461771,0.6160144
0.5325737521074201,0.545883
0.919550169882947,0.9098954
0.6077516426421631,0.61037
0.5006955946478261,0.5026682
0.505473136635,0.5047318
0.9322298311522441,0.9387241
0.7412204208884701,0.6907375
0.49970386444477105,0.4993173
0.504605515312201,0.5055865
0.49882972481367205,0.4998338
0.5153740642755761,0.5111736
0.49811173289433003,0.49941155
0.547802365628802,0.5697878
0.9746858042674241,0.96923184
0.5339102158586401,0.52154344
0.49855952079285804,0.499664
0.5006955946478261,0.50051826
0.5950700551975171,0.59402984
0.49988837093825506,0.4993187
0.5040806513882541,0.5046593
0.49651688659367404,0.498823
0.49893353652929906,0.4987468
0.801718022358587,0.80261284
0.49893353652929906,0.4987468
0.508815224332396,0.5067808
0.9690409847603381,0.9655648
0.502725424389006,0.5020917
0.711757626860513,0.6711095
0.498042911677041,0.49816966
0.5822087202792591,0.5707105
0.8466483148947651,0.84116715
0.49971191282109806,0.4996815
0.5666120253512801,0.5672256
1.0,0.967432
0.940312041141323,0.93527997
0.815388754371805,0.8067192
0.9322298311522441,0.9144599
0.49892143726581606,0.49892816
0.910923360962521,0.90772283
0.499648936267201,0.49950442
0.499827204468106,0.4994584
0.49983992584833503,0.49923378
0.8141318887105401,0.8090748
0.49459843295655503,0.4963506
0.501762493715577,0.5007264
0.814354506411292,0.81601596
0.5019054264316231,0.49890688
0.9480286738351251,0.9411978
0.49676203921370704,0.4976313
0.492914927463705,0.50190187
0.5004070501062431,0.5011085
0.52218301244233,0.51789635
0.49893805928350604,0.49956632
0.519769614514887,0.5197536
0.511582928055776,0.6359102
0.513802770677756,0.5095406
0.499240349947895,0.49961895
0.9325184889455371,0.9448302
0.515269773983783,0.5179814
0.728250740163587,0.70412904
1.0,1.0043306
0.49676203921370704,0.49778312
0.502387797838383,0.49922267
0.986384976525821,0.96134084
0.49972096481360606,0.49694178
0.9122366795662251,0.9388118
0.9536197999545041,0.95739335
0.508737747738299,0.50007486
0.501762493715577,0.5007264
0.500239914586007,0.49951223
0.49613685306325206,0.49896893
0.564598448485867,0.5478221
0.49827353957448306,0.49814937
0.49906825143667205,0.5013808
1.0,1.0020903
0.8580486048515941,0.82286876
0.500642846832961,0.49924982
0.6907000698634941,0.6731543
0.499378615141481,0.49957284
0.9529291787373211,0.954117
0.526126769179006,0.5215864
0.9582094681548341,0.9150375
0.9636664637837691,0.96535075
0.8958514344638381,0.91721004
0.507358978702265,0.49643737
0.932088954931483,0.9294492
0.5030848381462191,0.50098896
0.790492291273541,0.835298
0.9913123582766441,0.9793667
0.502387797838383,0.4991799
0.9523165177789451,0.9509176
0.49934563800066806,0.49986213
0.500708693152706,0.50050545
0.49978739370589703,0.5003713
0.9072893121081831,0.90728575
0.5025841743964851,0.50418735
0.503412221329081,0.5010016
0.8681742751297461,0.8600136
0.957155112884518,0.9734548
1.0,1.0010012
0.500728741052317,0.49743938
1.0,1.0249735
0.9676547810663251,0.9686606
0.500912125521858,0.500015
0.8702534852952851,0.8423513
0.989886219974715,0.99278384
0.8227302065270551,0.83490413
0.495359258822044,0.5007622
0.5156708161536361,0.5093051
0.539163829776654,0.542187
0.917761596046563,0.92185885
0.49288447550831405,0.49507573
0.891558102749963,0.6767582
0.502810898084276,0.5009553
1.0,1.0045993
0.741784317452239,0.74665093
0.49227132232751303,0.4990814
0.5015412825680671,0.4950225
0.869381765480674,0.8737579
0.503058335837557,0.49949962
0.49963142192520704,0.49922144
0.511714990926265,0.5055865
0.500695032837249,0.49990326
0.49915527454453507,0.5007818
0.9053994010135971,0.88101786
0.5004514822626921,0.5061447
0.9682053066618451,0.9472961
0.502425303628321,0.5030129
0.9157348595321351,0.9162638
0.49978137132874106,0.5000535
0.942442061220186,0.93833107
0.9765621857248551,0.97324985
1.0,0.9841056
0.506440685389834,0.50501335
0.501110459914153,0.5070093
0.49675294502618206,0.49867833
0.509324377625409,0.50941414
0.519833079951889,0.5307249
0.499350930578268,0.49932224
0.507088372589073,0.5091326
1.0,0.98535913
0.538065737770687,0.56300586
0.49260178355186907,0.4978333
0.6653625366004,0.5885058
0.8841307866556871,0.88641703
0.49922349136945404,0.4990392
0.8428183839690321,0.8483346
0.49950405146004806,0.49978238
0.8141318887105401,0.81015205
0.504832631292634,0.49850607
0.500366546145096,0.50013804
0.8879150387953201,0.8648513
0.5063706270663101,0.5014506
0.8439851673227501,0.8520967
0.8260915313632741,0.8170295
1.0,0.99938875
0.497483394404772,0.4962773
0.501681383654586,0.5515299
0.54506635966201,0.5348133
0.500511544482512,0.49931204
0.512913547890908,0.517003
0.49963142192520704,0.49922144
0.9438202247191011,0.9322269
0.756873100011444,0.7929599
0.5555498066844821,0.56606853
0.8273508959781231,0.8024956
0.9108104858104861,0.91148967
0.502883416936856,0.503175
0.7073032929763401,0.70412904
0.499080687231277,0.50004774
0.499444879647826,0.4975605
0.502223017268784,0.50245726
0.501396771896357,0.5020101
0.499580511765055,0.49917412
0.677784428482752,0.6812466
0.49338125545624606,0.5010355
0.512856509109042,0.5032928
0.50001371170741,0.4993724
0.610802718381115,0.6236913
0.49915527454453507,0.5007818
0.640294923248522,0.63448447
0.504064303668724,0.5044149
0.8820288949645081,0.8680928
0.6787187822551971,0.63812315
0.5093208771609941,0.49884877
0.874302941299389,0.86643124
0.49008238789877306,0.5018542
0.5166149074184491,0.51678723
0.501189593925318,0.50238234
0.5012948228396791,0.5005232
0.9723613909348231,0.9676337
0.48903966520672804,0.500186
0.49739347066925305,0.4990784
0.9258320508085591,0.9055995
0.500454067453571,0.50047505
0.49925020236184503,0.49964577
0.5022111382681821,0.500503
0.503429611890382,0.5002675
0.49892143726581606,0.49892816
0.8809447709942461,0.87351024
0.9719518849206351,0.97110784
0.500912125521858,0.49943924
0.8771920416556901,0.86062187
0.8990299888401561,0.9142091
0.5054756361128511,0.50109047
0.9659152461951511,0.94891
0.8356409735472551,0.84124285
0.598364709347436,0.59913087
0.5265044348434971,0.5228887
0.49811173289433003,0.49941155
0.91096138472899,0.8909181
0.500316846678864,0.4979745
0.8532285776781711,0.8545764
0.9154469939139491,0.92856914
0.49892143726581606,0.49882334
0.49925020236184503,0.49951223
0.49667514859451306,0.49980325
0.550651910038935,0.50866514
0.5478641224699481,0.50147665
0.49950405146004806,0.4996815
0.9551781639225431,0.957936
0.500119604378338,0.49972165
0.9831407730107681,0.97250223
0.6673576713646401,0.6271568
0.9679861596208721,0.96908575
0.9724401882797901,0.9672958
0.49461392214513006,0.50064033
0.530624109345275,0.52719414
0.766565025489221,0.7777586
0.6856154033823231,0.6929122
0.49763998039973306,0.4978298
0.858373193029981,0.8579014
0.49922349136945404,0.49890688
0.501274681762771,0.50551784
0.504337641641709,0.50705767
0.762765357594363,0.8454886
0.979121318149845,0.99613094
0.8468338399189461,0.8479648
0.50677641931182,0.50073546
0.8787838484267061,0.85522115
0.49988837093825506,0.4991436
0.49983992584833503,0.49926418
1.0,0.9689364
0.501610266277696,0.49933046
0.5184533438534871,0.52118695
0.5022562626757391,0.50533354
0.502239977580721,0.49921387
0.499879448442118,0.4992063
0.881265691393158,0.9032184
0.9616461850095851,0.9697645
0.5026936241011011,0.49933815
0.5029671218750751,0.5011686
0.975724996311591,0.9749111
0.504395460527959,0.5060652
0.939853019430499,0.9481551
0.49889943051422503,0.4998747
0.90592226520827,0.9027094
0.6244908124327461,0.6895404
0.8840560781963761,0.90604204
0.49676203921370704,0.4976313
0.517965138227091,0.5088509
0.8502837623085441,0.8545764
0.500999753284289,0.50481033
0.49474996850988506,0.49466497
0.8388324051578131,0.84479594
0.9276355924538401,0.9476476
0.49970386444477105,0.4994584
0.503944182226441,0.5060652
0.765541474114766,0.79915553
0.8475665900070081,0.8203116
0.6178294105948291,0.62445277
0.49934563800066806,0.49958855
0.918427230046948,0.9156551
0.861620679013762,0.8579014
0.5002285050496921,0.49997714
0.495723858520947,0.50145227
0.8858013332559811,0.8679185
0.9600794537685171,0.9651433
0.5020116578658751,0.49978817
0.500923933778572,0.5007634
0.501610266277696,0.4994796
0.499580511765055,0.49917412
0.5692107631951381,0.6700724
0.5002623458294411,0.50126487
0.502129846065835,0.50275713
0.858637425841934,0.80102074
0.9617806269171311,0.9756939
0.5019633808206351,0.50285006
0.5368294586212451,0.5293867
0.580782135059701,0.5784034
0.9244231349762191,0.9138048
0.506910554917765,0.50702065
0.49742963110499905,0.49971372
0.500372966501477,0.4993173
0.502491194218152,0.57131463
0.7420688944432401,0.68309015
0.7506127450980391,0.74638534
0.654363573655632,0.6202774
0.766704770827982,0.8015591
0.49543766168374404,0.49778712
0.9661934132884571,0.9729431
0.781697873324086,0.8094217
0.9772888576642811,0.93856883
0.842557098834226,0.82418644
0.49405649757381703,0.5016543
0.49804523428894004,0.49940738
1.0,0.9876353
0.960982207240564,0.96405184
0.499745275795049,0.49956203
0.544464511353297,0.54390204
0.49984831728131907,0.49937445
0.922607226359046,0.92314476
0.49993298366737504,0.50002915
0.49609705398478005,0.50026876
0.5028850087865431,0.50004464
0.49971754643737004,0.49934155
0.6859832027250881,0.6353049
0.502766212174373,0.500401
0.7487698123537271,0.6614785
0.5050544346808541,0.49886984
0.910618420562134,0.9046511
0.9095772532999781,0.6694566
0.573770298462929,0.6359102
0.850985885444657,0.85472405
0.499827204468106,0.49929783
0.49862299254934206,0.50045496
0.500565197105398,0.4991655
0.5010595300550711,0.5108309
0.49895693491174103,0.5016406
0.5172707461533881,0.49191698
0.827610610632722,0.7966491
0.6014929885654501,0.72401816
0.499745275795049,0.49959242
0.49934563800066806,0.49961895
0.5088481865854251,0.50500464
0.9653005463026951,0.8169176
0.49667334507171,0.50293845
0.5085285974043501,0.50993836
0.954093768496422,0.9486502
0.501502943472516,0.50094575
0.5138826164647861,0.5265176
0.5468319713789961,0.6460606
0.9541423738285231,0.9624964
0.5047066375510081,0.50271714
0.505876652457401,0.5080342
0.806027660156827,0.81029946
0.8257237449782171,0.79912007
0.93649600490794,0.92720073
0.9515594236894791,0.9740094
1.0,0.99938875
0.49958634989076606,0.49896893
0.49852733247435504,0.49639422
0.49945956534365404,0.49911976
0.6066651710837141,0.59151316
0.50337933341758,0.5010481
0.9844637855142061,0.9816745
0.501780924141501,0.50050807
0.49893805928350604,0.49956632
0.8576007931071431,0.8525584
0.503248091090534,0.49646136
0.5659594117580431,0.55545
0.49876207650157806,0.49957284
1.0,1.0246845
0.499879448442118,0.4992367
0.49978137132874106,0.5000535
0.8040513583638581,0.76958036
0.49993347492712303,0.49930763
0.508428952696181,0.5086356
0.53494078747123,0.56930226
0.9243164979459381,0.8080112
0.500565197105398,0.49929783
0.49971191282109806,0.4996815
0.503429611890382,0.5007719
0.8555969693551471,0.6003258
0.670215848739785,0.6931043
0.8760266982700441,0.91526383
0.500923933778572,0.5007634
0.5035634266493131,0.49609903
0.833551555189576,0.8337485
0.8641409469927611,0.8755778
0.820811313894605,0.8185954
0.501663386732562,0.4946048
0.502541133194019,0.50300914
0.501296629358374,0.50154096
0.5003770359124791,0.50026214
0.8754411307135911,0.8716458
0.499580511765055,0.49917412
0.9242989061696221,0.92675906
0.5020116578658751,0.49978817
0.498769981174049,0.49946278
0.497316292883663,0.4994769
0.502062897954442,0.5153183
0.502857437690311,0.4996837
0.502387797838383,0.4991799
0.49918770066295604,0.49964702
0.9021914594170201,0.91812253
0.9017166489599461,0.9158245
0.509717277034298,0.5086478
0.516024673979219,0.513306
0.49980236011551304,0.49819142
0.8456631327999671,0.8520967
0.915735956726148,0.90756434
0.6130514004230551,0.6593606
0.8252936129341011,0.82450074
0.49658569498831,0.4978357
0.6395296167247381,0.67685145
0.771987434969797,0.80494124
0.5002878058029441,0.4999225
0.8438213045111701,0.832453
0.8472659995571791,0.83936137
0.720155021869447,0.7284447
0.943705008878664,0.94654274
0.501229055294669,0.49887177
0.980315407121473,0.98381925
0.500323675707262,0.49946946
0.8402995868349421,0.8343439
0.506106168161792,0.50882655
0.742238849758664,0.72089493
0.8470178943482931,0.8472956
0.498586690406745,0.49957293
0.9166159300174591,0.9069039
0.49989718451914605,0.4992063
0.8502154270087041,0.8372756
1.0,0.9973447
0.49971191282109806,0.4996815
0.5046270154587751,0.5010812
0.502118754085082,0.49989483
0.530063541585664,0.5068013
0.49972792679134503,0.51496625
0.511807132450522,0.51216155
0.554357383583451,0.5594657
0.5048886173403541,0.5044384
0.495611661615788,0.4991655
0.500810247184957,0.49562967
0.497719361881975,0.4998814
0.7506127450980391,0.74401987
0.49934563800066806,0.49961895
0.878123341101635,0.8552738
0.971709245120518,0.9718526
0.9260683760683761,0.93430096
0.963544509286222,0.9750226
0.9315149474935721,0.9251968
0.49734644264454203,0.49991858
0.5002878058029441,0.4999225
0.8499999999999991,0.86728734
0.9310964999865111,0.9308249
0.620462327895071,0.83817977
0.500708693152706,0.50047505
0.502735289654178,0.50271714
0.5947574740461771,0.6160144
0.49932753335914004,0.4996815
0.5021745927094511,0.5025256
0.9600277723393301,0.92144537
0.963526594688566,0.96279424
0.500573224566362,0.50046694
0.504082193788851,0.50096995
0.8670680032475131,0.83375275
0.519942137007781,0.6203845
0.863709656727866,0.87108976
0.9874031007751931,0.98354006
0.503058335837557,0.4984273
0.49750156972143206,0.4987627
0.540925990009362,0.53342974
0.49971507719268005,0.5114702
0.499648936267201,0.49953482
0.501608664258261,0.501113
0.49898061905801705,0.50178605
0.5890569904504831,0.62135804
0.501910761944361,0.50344896
0.8603679214045971,0.87186843
0.9340229640938781,0.928766
0.499354866055418,0.49643666
0.500572016913023,0.5031205
0.49614197355154205,0.49971372
0.509560058667763,0.49766874
0.649357745883534,0.6342053
0.505523239257324,0.4995657
0.8964200540032821,0.88876057
0.49152718830759706,0.4999122
0.49970386444477105,0.4991655
0.500312096715272,0.49773353
0.6274407658711081,0.7075603
0.9591322530725761,0.97501355
0.502513551067235,0.50955576
0.9576391037888831,0.9700469
0.680877867662196,0.6318724
0.9454474732218141,0.932659
0.49889943051422503,0.4998443
0.499381135713136,0.4999784
0.505936290962382,0.5046444
0.49950405146004806,0.4996815
0.5059377581884791,0.5080181
0.930791322482398,0.9230307
0.50337933341758,0.5010481
0.850158042811289,0.8415215
0.501356145078611,0.518562
0.7580071361246461,0.71873856
0.500923933778572,0.5007634
0.5260099730708401,0.5236133
0.496682386908857,0.49943122
0.501573426604507,0.49938148
0.5429426301378341,0.53402966
0.8124652022934951,0.7969551
0.502924408777583,0.5194462
0.5046270154587751,0.50029117
0.9803536035454871,0.97267795
0.5050017138113331,0.5064828
0.499354866055418,0.4962773
0.49835246090225205,0.4994535
0.496210825366017,0.5700486
0.50003717383151,0.5073434
0.7714649364857831,0.7970546
0.49892143726581606,0.49892816
0.5376989455981971,0.5163629
0.535475849428876,0.5210186
0.49791792172062505,0.49982175
1.0,0.9863844
0.8127223241604761,0.8413825
0.501424358324994,0.49945924
0.5002878058029441,0.4999225
0.937930605248887,0.9337881
0.499879448442118,0.4992063
0.940235609353789,0.94927067
0.49781613799915103,0.49957284
0.836614661768439,0.85235304
1.0,1.0072098
0.501348712554691,0.49545833
0.760475599652322,0.8339394
0.5013120857916891,0.49967712
0.497209265584415,0.49829212
0.9272820421864191,0.60765976
0.49945956534365404,0.49911976
0.7183062560429391,0.7532112
0.745922268329389,0.7361041
0.8409716440188171,0.8070425
0.9452034144690951,0.9115538
0.5094964205922741,0.50795287
0.500565197105398,0.4992821
1.0,0.9782178
0.984599528857479,0.98877704
0.917680635475925,0.9216532
0.9744853992316951,0.9825834
0.8386831436884641,0.8506583
0.9711047254150701,0.96786726
0.986384976525821,0.96458954
0.562502788911662,0.55434155
0.594486569336924,0.63208604
0.5778779192209871,0.6309422
0.709664460860801,0.6220027
0.9332630976562881,0.92696357
0.9771292923845271,0.96922237
0.751666666666666,0.9468142
0.503058335837557,0.49949962
0.49972883429296505,0.50333464
0.773402023647603,0.8052414
0.5094532803035411,0.50821555
0.5103780292634781,0.4969083
0.49839399488476704,0.50078297
0.9430970528888101,0.94376904
0.50019976715852,0.49964702
0.49528512531366603,0.49849677
0.9652607900623771,0.95131814
0.831155640134512,0.810586
0.501610266277696,0.49950677
0.522504682223356,0.5161487
1.0,0.9975195
0.501502943472516,0.50091535
0.502387797838383,0.500015
1.0,0.99504083
0.49854734973614906,0.49978188
0.49161942479887005,0.5070757
0.49950405146004806,0.50056785
0.5004070501062431,0.5011389
0.530254436776202,0.5050519
0.49771155150891905,0.49896893
0.812711530893348,0.7457584
0.503058335837557,0.49949962
0.536748276341341,0.629845
0.49963142192520704,0.5013815
0.500454067453571,0.50050545
0.49993347492712303,0.49930763
0.5012948228396791,0.5005232
0.505639868842885,0.50031024
0.657194077033822,0.61026245
0.499378615141481,0.49957284
0.9391405122655121,0.9390102
0.9491224976066601,0.9486502
0.8817904209185651,0.88879913
0.501103413035602,0.5006553
0.864814814814814,0.8639594
0.499444879647826,0.49754018
0.968856000004897,0.9708843
0.543148162780918,0.53222346
0.502387797838383,0.49815035
0.5333705676547701,0.5882319
0.5032384076248131,0.50125635
1.0,1.0008565
0.9428148099689151,0.9086467
0.499512079911519,0.4994535
0.515385478914481,0.49766874
0.8589352454866521,0.8588385
0.49163624782463705,0.49837375
0.495188167333284,0.49906373
0.49978298597268106,0.4998346
0.56451559399757,0.57286865
1.0,0.99952507
0.9169579444335111,0.9070472
0.9444721470651171,0.94588375
0.578779355634374,0.5469216
0.9416829147308141,0.9181863
0.500642846832961,0.4931585
1.0,1.0021551
0.966105927716505,0.96964663
0.500648176480305,0.50086486
0.9469429238566671,0.94917744
0.6311920976017,0.5457333
0.9448296826054181,0.95372224
0.500237754817213,0.5003709
0.495611661615788,0.50011724
0.502503087408384,0.49930423
0.5048256150179511,0.49605626
0.501264528684604,0.5005327
0.9185076957965651,0.92209303
0.9622666468877601,0.9752545
0.946719107281607,0.9499837
0.514200338433747,0.5215533
0.7352435157605991,0.63016695
0.8896152648646171,0.86955947
0.7723161266778671,0.8991101
0.9217672912613931,0.92980313
0.8300585874945781,0.83774304
0.5807203820485071,0.5788756
0.580782135059701,0.5784034
0.49915527454453507,0.5007818
0.8354785630999461,0.9694149
0.955013282080265,0.9667161
0.9184656436895501,0.9229276
0.83284125404684,0.8306017
0.501288062756864,0.49682516
0.502391665575425,0.50398505
0.678254629446957,0.7048847
0.499444879647826,0.4977356
0.9315262976405411,0.92512655
0.7521712982191621,0.7479151
0.850521727303376,0.8398379
0.7761474511791501,0.7525814
0.9417321991204871,0.9095165
0.50001371170741,0.4993724
0.9252362727798261,0.9303985
0.517157921357922,0.50897473
0.8212969572234791,0.81719387
0.500708693152706,0.50050545
0.5009794795655911,0.50157475
0.5116000679450551,0.5072327
0.501632934867668,0.5186788
0.5104314054494701,0.5141142
0.812711530893348,0.74722135
0.521405616350828,0.5232462
0.504082193788851,0.50096995
0.741769396268488,0.7783191
0.5048488540834161,0.50500464
0.9351493536375081,0.8831238
0.9391161988334991,0.9490054
0.942977321893095,0.9290195
0.5008933554242181,0.49887732
0.5062412845526401,0.5136914
0.864814814814814,0.8637479
0.8593450905013431,0.85962725
0.9879400945874931,0.98543406
0.873818060062548,0.86772245
1.0,1.0233847
0.829626401913343,0.83874184
0.5019645197360441,0.508902
0.49756262240203303,0.49820882
0.49893353652929906,0.4987468
0.5004227315494191,0.5007264
0.49861589478299906,0.4993173
0.49993347492712303,0.49948272
0.49950405146004806,0.49994937
0.501732291465273,0.5077043
0.5624391939205381,0.5858025
1.0,0.9888957
0.496682386908857,0.4992821
0.751666666666666,0.94582546
0.524455129581552,0.5088509
0.573994632598217,0.5949942
0.754471099509301,0.7683596
0.49790442599203905,0.4972203
0.5024761168728601,0.49972877
0.501690215365563,0.50332606
0.49892143726581606,0.49892816
0.499745275795049,0.49959242
0.5059389040269711,0.5137581
0.9079734016217631,0.92185885
0.8417024740237881,0.8654025
0.9402995867237831,0.9498195
0.581583482301362,0.56982213
0.49651688659367404,0.498823
0.500923933778572,0.5007634
0.9052931964939571,0.8878204
0.6780322339837,0.8772146
0.502387797838383,0.4991799
0.8452487378725131,0.8298536
0.500728741052317,0.49739662
0.500312096715272,0.49589634
0.499580511765055,0.4993259
0.500511544482512,0.49931204
0.945352156503218,0.94588375
0.49423072196050105,0.50532603
0.49915527454453507,0.5007818
0.631280818043319,0.6100146
0.49717805727789005,0.4994625
0.8134713977758571,0.77360594
0.7266650123358811,0.7162903
0.503248091090534,0.4971686
0.49892143726581606,0.49892816
0.895478787808703,0.8741688
0.897922579531898,0.8860556
0.7726238665827421,0.68309015
0.7413690476190471,0.73704433
0.5104750584641901,0.5136173
1.0,1.0249735
0.50002312641829,0.49953482
0.5020398112269371,0.50125635
0.5112591306148571,0.5113301
0.5022539292749271,0.49939418
0.502400436239781,0.50195634
0.5088767955075031,0.50941414
0.9395833333333331,0.96672803
1.0,0.99938875
0.9887597571163571,0.9814666
0.498409922024635,0.49951223
0.5339102158586401,0.5199844
0.9026069291766431,0.8973731
0.503319296227836,0.50201356
0.9189816180523561,0.9200426
0.49528512531366603,0.49849677
0.5867642815367591,0.5558122
0.50001371170741,0.4994028
0.499080687231277,0.50004774
0.500323675707262,0.49964455
0.6970214611930451,0.72739035
0.908503983464063,0.8940131
0.859063970115793,0.8714662
0.50337933341758,0.501053
0.499240349947895,0.49958855
0.6789868317905701,0.6462759
0.4968450207637,0.4985423
0.9228004894673091,0.92033064
0.49570325416230104,0.49985552
1.0,0.98945224
0.9583900289097471,0.95822
0.499080687231277,0.49960703
0.5012948228396791,0.5005232
0.5004044770249161,0.4991087
0.8791107404053641,0.89460295
0.5047226115804321,0.5055865
0.9343604108309991,0.92983943
0.9664868535499531,0.9608172
0.8729883238766961,0.8737579
0.8736695470223421,0.90324575
0.9213759696942061,0.9232687
0.873216888557177,0.8853395
0.904906048791804,0.90250725
0.5047226115804321,0.5055865
0.5053744597962581,0.505327
0.943318361650278,0.948517
0.605073568453954,0.6615038
0.5236497877122871,0.5096733
0.9650876618753431,0.95818996
0.952422668728744,0.9597235
0.5004070501062431,0.5011085
0.501296629358374,0.49967712
0.49504023527891405,0.50139654
0.9713283651663931,0.97057164
0.535854342809284,0.5293867
0.49338125545624606,0.49981368
0.499827204468106,0.4991655
0.864814814814814,0.86491024
0.505821423771807,0.50022054
0.5025970545678551,0.50185394
0.7506127450980391,0.7450086
0.8744396671675441,0.857206
0.5030712790752581,0.500531
0.8721392917126131,0.86844546
0.499512079911519,0.4994839
0.9637593092922451,0.96379644
0.5270078999591911,0.5177872
0.500011916379108,0.49694178
0.5004070501062431,0.5011085
0.51148875996291,0.5192118
0.9480286738351251,0.95921457
0.864814814814814,0.886992
0.501035434220469,0.49957284
0.8838599457216231,0.87020254
0.8903158134433171,0.86333925
0.844339774211544,0.9088463
0.9217904980814731,0.9371474
0.500923933778572,0.5007634
0.49988837093825506,0.49940294
0.5138293481436861,0.5227688
0.63021669341894,0.6454409
0.984918850289875,0.9813671
0.49994587467974505,0.5017944
0.5156708161536361,0.5093051
0.976965447746697,0.97509414
0.552838503279202,0.60905766
1.0,1.0240245
0.8923869949764991,0.8737579
0.851709426963671,0.8545764
0.5113503430288531,0.5110303
0.5027307785134331,0.501184
0.9412492368742361,0.9499837
0.495611661615788,0.4992821
0.498145586160728,0.5059491
0.49950405146004806,0.4996815
0.5012948228396791,0.50068253
0.49852733247435504,0.4978298
0.501073859387226,0.50022775
