true_mean_similarity,predicted_mean_similarity
0.7859699046982851,0.790264
0.496862097183462,0.49846512
0.5020536019836871,0.5031228
1.0,0.99614894
0.9702509819474201,0.96954834
0.500380311865968,0.50136113
0.8557621509544581,0.77509177
0.49884089895195505,0.5559525
0.498042911677041,0.49840218
0.620986128258986,0.6506186
0.515566606389391,0.52180547
0.49970386444477105,0.49921712
0.503391126068324,0.502467
0.5138293481436861,0.51390266
0.503540713397657,0.50719106
0.9395833333333331,0.9409284
0.8787469385120641,0.8939054
0.5000249731831891,0.5000354
0.497209265584415,0.4984549
0.9249490126623011,0.94095093
0.9104770610588011,0.899026
0.664699396734729,0.7059262
0.5359592807469871,0.5311512
0.7848093025099381,0.6685684
0.5004044770249161,0.5003203
0.883691756272401,0.88341874
0.9524007286346531,0.94944775
0.498713552170488,0.49878004
0.506258256569944,0.50753886
0.49087453478973303,0.50753284
0.8443281045852571,0.8588913
0.565284691430823,0.5723457
0.49893353652929906,0.49871302
0.864814814814814,0.88562185
0.9106745103477931,0.9246443
0.49219564444432806,0.5064684
0.49925020236184503,0.49924684
0.49651688659367404,0.4984768
0.885613662548662,0.883099
0.497268506123528,0.5002842
0.517269704577071,0.51270324
0.9395833333333331,0.9400028
0.826867217545166,0.8460754
0.9728208877796011,0.97629017
0.5294205157374451,0.5078772
0.8429821140158761,0.8452826
0.500573224566362,0.4993552
0.941406045298626,0.94568104
0.503391126068324,0.502467
0.554351615347644,0.54567116
0.499827204468106,0.4989873
0.95955719358656,0.96858203
1.0,1.0007523
0.6983075256304091,0.7250568
0.49892143726581606,0.49875778
0.49676203921370704,0.49860188
0.49527393771607103,0.5000204
0.980776629453572,0.96808755
1.0,1.0000772
0.923311974660125,0.9134309
0.9705878123225051,0.977456
0.51863433112746,0.51616156
0.501610266277696,0.4996074
0.500079433225301,0.5002081
0.98196505162176,0.9774001
0.5052246039975821,0.5029352
0.5324593048277251,0.54917717
0.9089498076875181,0.92066085
0.9155925490290141,0.91944224
0.8846970450239041,0.8829104
0.981039876697479,0.97657824
0.817163631725055,0.84809613
0.7479074599065051,0.75291246
0.49652035514771403,0.49573722
0.841058535935943,0.8533443
0.49972792679134503,0.50438064
0.49652035514771403,0.49593705
0.504851510250524,0.5041185
0.827895768961988,0.83835036
0.95762840445939,0.9512127
0.9375,0.94034344
0.5020801914810781,0.5018209
0.500912125521858,0.4987328
0.522072570629456,0.5233192
0.637664783427495,0.6384623
0.49989718451914605,0.49970084
0.8041308805265791,0.8024751
0.5241601619550981,0.52416426
0.9041462445547811,0.89485586
0.9074484122173591,0.8564254
0.500120174296345,0.5007623
0.49672344731848206,0.50308543
0.498382714064433,0.50130844
0.5004044770249161,0.5003679
0.5732221456819511,0.54478914
0.902789053898522,0.89055675
0.500573224566362,0.49931228
0.49918528466723205,0.49760944
0.501522523165235,0.4989201
0.5019054264316231,0.49828458
0.8272424586251781,0.7905361
0.630250747642051,0.6315601
0.49115678122111206,0.5023667
0.49707190797868306,0.5040326
0.524878468753468,0.5160477
0.5112591306148571,0.5073193
0.8948067632850241,0.90099335
0.851579570288526,0.8683874
0.499719316510189,0.5008071
0.50002312641829,0.50049937
0.49811173289433003,0.49819794
0.978399855166404,0.95776665
0.565709277238403,0.6486064
0.957242369629769,0.96724457
0.49783277650010305,0.5029928
0.49971191282109806,0.49926883
0.491724624786024,0.4958509
0.499879448442118,0.49971682
0.500708693152706,0.49942297
0.645418325721808,0.6069927
0.516024673979219,0.518431
0.95039314346112,0.95672303
0.9918699186991871,0.99783987
0.620986128258986,0.6435733
0.8734304375667871,0.8849655
0.508666166205183,0.50356686
0.9438949337615921,0.9484238
0.5015020206553921,0.49880144
0.49918770066295604,0.4992347
0.5171827160108411,0.50847906
0.9214389016558391,0.93489116
0.501610266277696,0.49984297
0.511432356213068,0.5099987
0.8088148612564581,0.79302406
0.919191446446852,0.9390876
0.500454067453571,0.50020516
0.8948067632850241,0.89823806
0.5146045033205671,0.50633985
0.5010176912781621,0.50525165
0.502339010448239,0.5010306
0.974207541760511,0.97657824
0.950975867494748,0.96285367
0.9477412781455691,0.9495898
0.548054224335904,0.57160133
0.91096138472899,0.8964503
1.0,1.0071752
0.499381135713136,0.49956942
0.520609527087597,0.5184808
0.526108445172849,0.5264591
0.49626525855393305,0.49908173
0.497483394404772,0.49899715
0.503749774589987,0.5008796
0.49845123957137805,0.4992132
0.49626525855393305,0.49908173
0.986308371540993,0.9701332
0.833490868450361,0.7430206
0.7885697175642581,0.81335926
0.5947574740461771,0.593463
0.830137005205531,0.83086693
0.499080687231277,0.49974903
0.502339939667183,0.49678808
0.5339798123039611,0.5213528
0.501743283943045,0.50823474
0.49804523428894004,0.49880952
0.9181222559945961,0.9639347
0.8548542557098331,0.87042433
0.49978137132874106,0.5015575
0.5099426511107811,0.5114353
0.8728053805747501,0.8649497
0.517541285298294,0.5203458
0.8954060350676881,0.90688145
0.497209265584415,0.4984549
0.49852733247435504,0.49878845
0.9073781913636021,0.91407096
0.504585384725703,0.5028557
0.87384195125575,0.88661355
0.928616352201257,0.7315278
0.9800397465727431,0.9720211
1.0,0.99932253
0.50361339539577,0.4994566
0.9654728066575791,0.96671945
0.8884588215260021,0.9006223
0.49234726211288704,0.5043272
0.8517386114426581,0.75323236
0.964671920503796,0.966457
0.894046170843046,0.88702244
0.8954060350676881,0.91206604
0.944979413539583,0.9347981
0.9470673696251861,0.9512789
0.726939585903128,0.72639155
0.497685388722554,0.49795815
0.50001371170741,0.49999037
0.500146972595885,0.49831617
0.7179198354432,0.7585872
0.503749774589987,0.5008796
1.0,0.99820775
0.9375,0.9371675
0.509952821690557,0.50697464
0.73512622136029,0.7473521
0.503605558607885,0.49964416
0.497209265584415,0.4984191
0.5164246438708661,0.54050887
0.926846941099397,0.9325225
0.49862299254934206,0.4988322
0.49915527454453507,0.49939117
0.49918770066295604,0.4991918
0.563761773740603,0.5567186
0.493629520940757,0.49637553
0.756195805271475,0.7188538
0.648985066508431,0.70513433
0.9845086635162971,0.9746118
0.9082015379890771,0.89311826
0.675060199755738,0.6719594
0.9436890111745401,0.9507507
0.497316292883663,0.49910346
0.5222580933137191,0.51616156
0.984707314649175,0.965173
0.6477544591723791,0.6668404
0.612399552854469,0.648242
0.5046739385394371,0.5002758
0.501573426604507,0.5019819
0.49932753335914004,0.49940914
0.5052246039975821,0.5029352
0.9590823970037451,0.93635917
0.9262009750175451,0.9316153
0.829779530884293,0.84417695
0.5178228375645161,0.50605947
0.50273893751333,0.5095605
0.7580071361246461,0.7213516
0.8441949645611331,0.8461941
0.853481588312025,0.8572514
0.9506792253999291,0.9314825
0.6164269148393761,0.68348837
0.49687613060657804,0.50354683
0.9705746715499671,0.966632
0.9720075292323691,0.9732666
0.506612656733894,0.5079951
1.0,0.9691469
0.499741346752515,0.4992459
0.511961310380581,0.51817894
0.946669403776323,0.931721
0.6578865542887801,0.6291078
0.500380311865968,0.50111556
0.5237591293467561,0.52593946
0.49972792679134503,0.50438064
0.9375602270230591,0.9348938
0.9098122777363681,0.91328347
0.498640900853885,0.49921
0.512813710827544,0.50919604
0.5054040362909821,0.5047833
0.49934563800066806,0.49927625
0.49494837954059606,0.4975228
0.940016429827156,0.93737626
0.9727268317887181,0.963504
0.504102425907047,0.5004774
0.503966813210568,0.5024083
0.6653625366004,0.65264106
0.865827650097238,0.8614581
1.0,1.0070887
0.49338125545624606,0.4994566
1.0,0.99899185
0.9322094370422861,0.9006791
0.6099834236587021,0.6124658
0.880232854846247,0.8604492
0.9589077102289231,0.9000004
0.945443265367886,0.94155294
0.49866589658526905,0.4996985
0.500323675707262,0.5001605
0.855967428182782,0.85067785
0.49925020236184503,0.4994824
0.499080687231277,0.49974903
0.5381157613030141,0.5140156
0.8520845468267211,0.8544199
0.49835246090225205,0.4990917
0.49876004752767705,0.49863416
0.50517609899826,0.4982009
0.9695221381795911,0.96646154
0.9359346001019451,0.92997074
0.8102510483344161,0.80888075
0.49925020236184503,0.49924684
0.5303004495504491,0.5302597
0.663958187675986,0.67332923
0.5666120253512801,0.56681025
0.50500233100233,0.51785487
0.5034877628119611,0.50275713
0.50001371170741,0.49999037
0.643263599938357,0.65018654
0.73637715062715,0.7796102
0.5060264137121311,0.5027623
0.50092961695603,0.5005395
0.746451957130925,0.7502294
0.500810247184957,0.49739587
0.879336489898989,0.8673563
0.493204008775297,0.5022783
0.8517477217729441,0.85962266
0.49892143726581606,0.49873653
0.8642919176649331,0.80275285
0.799960139762206,0.79540783
0.49819178231280603,0.4993135
0.5394742043502211,0.55535007
0.8103943687874351,0.8425875
0.524497724497724,0.5311765
0.502737797113438,0.50328314
0.49763998039973306,0.49792045
0.6970890791493151,0.66965616
0.502405799874526,0.50043416
0.49768929472501705,0.5020359
0.523977829757996,0.5430548
0.8578339673624571,0.8527254
0.751666666666666,0.75248504
0.9375,0.9399052
0.5312808731138451,0.5219696
0.608653543925821,0.6353183
0.9571946512956481,0.9469546
0.957114827484234,0.9513937
0.6319862090638261,0.62450475
0.5132762899747161,0.5100602
0.713184197721873,0.7477988
0.508782375256823,0.50966936
0.9646159532189241,0.9558072
0.830432340652224,0.82214713
0.499745275795049,0.5006833
0.7506127450980391,0.7380277
0.5019781258522611,0.50402284
0.499741346752515,0.4992459
0.8499999999999991,0.82978016
0.500728741052317,0.49906465
0.600138913762396,0.6049091
0.505068314351631,0.50047255
0.49862299254934206,0.49852416
0.8215143672878491,0.84574795
0.520730006592208,0.5193808
0.65393614093036,0.562824
0.49651688659367404,0.4995068
0.8112535612535611,0.82243145
0.9618084572660731,0.96464604
0.918427230046948,0.94391716
0.9343604108309991,0.93002284
0.5055182626590631,0.5026052
0.5004044770249161,0.5003679
0.5866977019931501,0.60837317
0.8893252885881361,0.8889263
0.5029671218750751,0.5008796
0.499648936267201,0.50010175
0.5032767425251451,0.5022175
0.5204036083401891,0.5199315
0.515741028143024,0.5183305
0.70437369448019,0.6893788
0.9600277723393301,0.963619
0.512453687500262,0.51944816
0.501555558613415,0.50417054
0.49835246090225205,0.4990917
0.872411989719682,0.8702035
0.49876826102715605,0.5014534
0.984707314649175,0.9420473
0.8734304375667871,0.8855019
0.520121098584831,0.51243967
0.5040098164170881,0.5030101
1.0,1.0073795
0.6970890791493151,0.67161524
0.495611661615788,0.49814835
0.49187461855414305,0.49754387
0.5236497877122871,0.5176413
0.49823317499747805,0.49884677
0.500672748462896,0.50046206
0.501525907030078,0.4995195
0.49885548484912207,0.5189219
0.503749774589987,0.5008796
0.49892143726581606,0.49952334
0.501610266277696,0.49984297
0.497659473213426,0.5006178
0.5147236832542721,0.5128717
0.49945956534365404,0.50043786
0.963989977322354,0.97609335
0.503013926082315,0.49589652
0.963322240484294,0.958762
0.8873902199231791,0.8858332
0.495611661615788,0.49806377
0.49811173289433003,0.49819794
0.9262405158572721,0.836546
0.7506127450980391,0.7372582
0.500114298989349,0.5011892
0.5031569298213611,0.5023667
0.501363073282161,0.5052925
0.8979814764433861,0.9136673
0.501753034581885,0.49835047
0.49925020236184503,0.4995896
0.930944963993478,0.9268559
0.5032322168019701,0.5033961
0.8575858456736841,0.85746056
0.9246010863442451,0.91832465
0.531087468208258,0.51368624
0.899971701274031,0.900106
0.6639362667924951,0.66488796
0.49764179266474406,0.49442574
0.9664791507081041,0.9615945
0.49750156972143206,0.49899098
0.916969018015356,0.92306316
0.5004085006177981,0.5012375
0.730289669972169,0.75360817
0.8335444850925181,0.80985653
0.8817904209185651,0.8729671
0.5950706700152261,0.5580565
0.498624528713531,0.49919376
0.517841270006662,0.53207064
0.906767482392121,0.8989304
0.499528057763775,0.5066234
0.892578888087296,0.8857197
0.824065466906986,0.85099703
0.9586801641688341,0.9656135
0.5150450162774101,0.5085918
0.9438746233079811,0.9610043
0.9724937996031741,0.98309433
0.49893353652929906,0.49949983
0.500316846678864,0.49946794
0.771628328565331,0.7818102
0.506902461127813,0.5086252
0.7466076521678381,0.7507405
0.497483394404772,0.49896136
0.9424055358331731,0.9401903
0.5006955946478261,0.50030917
0.502724389232254,0.5050003
0.516024673979219,0.5176924
0.837304578298602,0.8408126
0.49990608997482505,0.49906665
0.8656838454358751,0.8708514
0.5020116578658751,0.4998551
0.7704583877269781,0.7071819
0.49763998039973306,0.49791005
0.503742349992312,0.49803686
0.9385868264402131,0.94095093
1.0,0.9992784
0.500459183576489,0.50049937
0.9486439722280441,0.9477923
0.960294858751438,0.95411044
0.557578112832381,0.5481362
0.8496229696257851,0.8244351
0.499512079911519,0.49974167
1.0,0.99961245
0.815795350499094,0.8038106
0.9659262702348901,0.96236545
0.9503708238581261,0.94847924
0.49804523428894004,0.49880952
0.5005422752066571,0.50180644
0.9092898719489371,0.8974283
0.501329765639906,0.50105065
0.49971191282109806,0.49925417
0.50216019937624,0.50848395
0.9089995731625731,0.9163778
0.544464511353297,0.55951625
0.654363573655632,0.62054306
0.9592199618494021,0.9629717
0.9522797670058251,0.957528
0.524455129581552,0.5133878
0.499354866055418,0.49899715
0.504461787239619,0.5380802
0.9196596654573651,0.9083945
0.500558013856718,0.5001115
0.499378615141481,0.5005888
0.8662793840602451,0.85294724
0.9026069291766431,0.9133074
0.603154415029414,0.56264496
0.539247479135314,0.5330744
0.5894329588281011,0.5646825
0.49901086043658305,0.49630913
0.5114685493172471,0.5120717
0.49949661160096803,0.49912858
0.96517658531906,0.94771725
0.501035434220469,0.50026786
0.49927350117714603,0.4997133
0.8799415144566941,0.8978601
0.9535810280174921,0.96191835
1.0,0.99614894
0.92327990102649,0.8183213
0.497209265584415,0.498414
0.8170558516860441,0.798349
0.867745070345261,0.8451388
0.866216213794555,0.8482228
0.645212830968611,0.64958876
0.5049647369355831,0.5121366
0.49398672135175203,0.50024927
0.5241601619550981,0.5360672
0.502212745753666,0.5056269
0.8476355582030821,0.842584
0.895786153576914,0.90671253
0.5002188903674001,0.50751656
0.5950049603174601,0.5322558
0.851039207247502,0.8480668
0.851107991578364,0.86637783
0.49852733247435504,0.49845776
0.49852733247435504,0.4984365
0.501116343711943,0.49981984
1.0,0.99932253
0.7507582939184031,0.81486815
0.833373874592457,0.82762593
0.9623385556426061,0.9561533
0.508071931866345,0.49881923
0.63021669341894,0.6359934
0.49763998039973306,0.49792045
0.5310894797690571,0.50934684
0.939551125986623,0.93685955
0.5004070501062431,0.50141454
0.974207541760511,0.9792029
0.7095864676032181,0.6151058
0.554310313342123,0.5793647
0.5020116578658751,0.4998551
0.500380311865968,0.500294
0.981994331166371,0.97644246
1.0,1.0033299
0.8468338399189461,0.86085886
0.499067453974299,0.49995643
0.941736694677871,0.92977124
0.506291524944759,0.5066629
0.500079433225301,0.5002081
0.88370234309075,0.87233204
0.49892143726581606,0.49908853
0.8487633717909071,0.8614354
0.515566606389391,0.52180547
0.9043520713999441,0.91365385
0.49953373213060603,0.5019518
0.49906806893659106,0.5022276
0.529638281715071,0.52783734
0.504169691068119,0.5036445
0.9598583012004991,0.96008056
0.508475295026176,0.50191444
0.5341745460466321,0.53202736
0.504859966817932,0.50367796
0.503611803185778,0.50331575
0.501229055294669,0.5013236
0.5058548065363471,0.5055864
0.9617400044731291,0.957528
0.49989718451914605,0.49970084
0.49835246090225205,0.4990917
0.500728741052317,0.49906465
0.899204675413602,0.91306025
0.9672648102553911,0.96392804
0.49862299254934206,0.4985116
0.9083708755932781,0.8894224
0.501753034581885,0.49838626
0.8468338399189461,0.84733826
0.5008933554242181,0.50041425
0.500875834216958,0.50123215
0.9383315574180311,0.9331759
0.7766783235739491,0.75605536
0.9664755022165531,0.96829736
0.498042911677041,0.49863774
0.5014244411815301,0.50290084
0.9446765913832481,0.9535045
0.51887843089407,0.5195474
0.5210370582729741,0.5067846
0.589934682947316,0.66758204
0.9549317788617591,0.957528
0.569126903756857,0.5603393
0.515241962490061,0.51704186
0.838359282956018,0.8451091
0.9325583209224501,0.9069341
1.0,0.99884295
0.5000402802899451,0.5002738
0.8443505257064841,0.82386655
0.49521460941190903,0.49847722
0.5022162440276571,0.4997992
0.799460527110418,0.8246282
0.8686145794485151,0.8897266
0.7186277892799631,0.7036171
0.8468338399189461,0.84743994
0.9085662491866571,0.9149208
0.501146821387166,0.5044428
0.8564215164932151,0.893451
0.9287722522909351,0.9285307
0.9853202489127391,0.973878
0.9218778538391411,0.9147576
0.506393647217889,0.50553566
0.7711983536807471,0.76318145
0.502387797838383,0.4977171
0.49975057879967805,0.49941462
0.870311376583154,0.8553023
0.9395833333333331,0.9392333
0.49614197355154205,0.4991147
0.9396207081237431,0.9360733
0.9441967414251441,0.94901425
0.503640497682541,0.5048135
0.873143371905666,0.8811999
0.8247098432555651,0.8327523
0.886280274325786,0.86943936
1.0,0.99489
0.49854734973614906,0.4974767
0.9827525221691881,0.98193145
0.8305295168911071,0.84373015
0.9120075747404001,0.919706
0.899427658364761,0.91328347
0.573350113358643,0.6042965
0.936005060956928,0.94822997
0.502387797838383,0.4972162
0.8653101971158561,0.85789925
0.49922349136945404,0.49973482
0.500728741052317,0.49906465
0.500119604378338,0.50123894
0.500312096715272,0.5006178
0.560584856664177,0.54339975
0.926260424029935,0.93865156
0.505495127165774,0.5009473
0.495611661615788,0.49806377
0.500708693152706,0.49941638
0.501296629358374,0.5032179
0.500323675707262,0.5001605
0.7117359000337721,0.70656395
0.8643665575521361,0.81670356
0.5108387053570961,0.51025695
0.501007972238405,0.5032606
0.50002312641829,0.5000979
0.971532544346232,0.98090446
0.49889943051422503,0.49906358
0.9390263367916991,0.92142034
0.522821516933024,0.51851803
0.6678427528742651,0.63344014
0.8249122950272371,0.8512732
0.49734644264454203,0.49839282
0.5236497877122871,0.5176413
0.850347336522121,0.8344736
0.5774756626473171,0.6052842
0.7058673469387751,0.7053581
0.943545311939293,0.9533744
0.9117869198799341,0.9180254
0.499354866055418,0.49899715
0.53437021451702,0.56197333
0.5006955946478261,0.5003158
0.505371569679898,0.504209
0.8431366399827871,0.8443208
0.5017722185225371,0.50119466
0.5082562574949601,0.50677854
0.49915687990029706,0.5016372
0.5595875519550031,0.6199459
0.8594881472677021,0.8585629
0.49763998039973306,0.4935917
1.0,1.0042053
0.500708693152706,0.49941638
1.0,1.002326
0.49676203921370704,0.49814448
0.7345648207698571,0.7329656
0.825316124232993,0.81030184
0.516024673979219,0.518431
0.5004238303887111,0.50500154
0.497261717047539,0.49949932
0.504471845061728,0.5037107
0.500454067453571,0.5001839
0.500708693152706,0.49941638
0.49520334264539306,0.5007838
0.5468674976880501,0.58959574
0.503412221329081,0.5044569
1.0,1.0000772
0.9680633255409311,0.9731157
0.511140664009467,0.5138705
0.52639952838755,0.51852727
0.9042612257724401,0.9155258
1.0,0.998208
0.931589045474923,0.9361677
0.7664230720767731,0.6124658
0.677784428482752,0.6930767
0.49826935142133,0.50248104
0.504060008676797,0.50151116
0.49983992584833503,0.4992577
0.5097958257783171,0.50532913
0.88839448517099,0.8907513
1.0,0.99884295
0.9071522760125361,0.90983915
0.980426780757177,0.9764379
0.49983373386925406,0.50060177
0.962635182127314,0.9731157
0.9861823361823361,0.9810758
0.539639869681341,0.5632808
0.5442931703365721,0.5555934
0.49734644264454203,0.49839282
0.5054884621459991,0.5311512
0.5094649108865651,0.5218263
0.96584162586271,0.9747559
0.502439655468938,0.49761358
0.980191554019127,0.9702338
0.49922349136945404,0.49997038
0.8831069358480501,0.8696151
1.0,1.0066799
0.499580511765055,0.49928528
0.9305603402694451,0.94008803
0.8844629400025801,0.87019545
0.601693045680193,0.5920472
0.504082193788851,0.5022135
0.9543769007931121,0.94985837
0.9899555175054061,0.98279446
0.95136304796041,0.9390242
0.5014010653652771,0.48279446
0.499381135713136,0.49938864
0.501073859387226,0.50098014
0.521360638405041,0.5241099
0.513432479613914,0.50633377
0.49826829768907205,0.48869622
0.49946395044266007,0.46686205
0.5046270154587751,0.50215316
0.9639091272656231,0.97375494
0.49892143726581606,0.49908853
0.501189420525401,0.5026679
0.8712394451118951,0.8718888
0.88033067794838,0.87598914
0.5034686661901251,0.50149024
0.9815024006542861,0.9336619
0.8952592352454121,0.8895338
0.50001371170741,0.4999757
0.9879353233830841,0.9869404
0.7058673469387751,0.7057598
0.864814814814814,0.8659448
0.500380311865968,0.5006393
0.8175259245112181,0.8367337
0.899949348607173,0.9157363
0.503058335837557,0.5003088
0.8468338399189461,0.86085886
0.87674762067499,0.88519835
0.7911250754523701,0.80481964
1.0,1.0013713
0.5552919655249,0.5819898
0.8616791615762671,0.863325
0.972004057283776,0.9686807
0.500912125521858,0.498697
0.9464758291999471,0.94944644
0.884012238239226,0.8718888
0.956019562579517,0.95822877
0.49484753277226906,0.5003129
0.500239914586007,0.4994824
0.877513708958329,0.8658772
1.0,0.998304
0.8828816717899891,0.89273685
0.8494639033804681,0.8712025
0.514216384599683,0.50822586
0.504793128275961,0.5016887
0.49927350117714603,0.4998902
0.520689274330433,0.5254024
0.49970386444477105,0.49899122
0.5020116578658751,0.49949872
0.975667615054407,0.9787793
0.720111448834853,0.7365013
0.49854734973614906,0.49754387
0.49993298366737504,0.50053316
0.501403960438067,0.49870843
0.9479106398505521,0.9409224
0.49892143726581606,0.49908853
0.502590066307244,0.50024474
0.8271950678505381,0.8402281
0.9025502853455221,0.9055947
0.49978137132874106,0.5015575
0.498713552170488,0.49842805
0.49227132232751303,0.5013003
0.955259568021906,0.9621883
0.49866589658526905,0.49973428
0.5022111382681821,0.5014364
1.0,0.9982649
0.501303589912739,0.5008264
0.9193056537947051,0.9238456
0.5957263718033551,0.6055948
0.49935750458445305,0.5011463
0.9963519313304721,0.98398703
0.49971191282109806,0.49925417
0.5035041265492091,0.50275713
0.5451432211697871,0.5439033
0.502953837286747,0.4995063
0.49958472784866503,0.50035906
0.503217633840517,0.50162464
0.8264382548154301,0.85224265
0.496682386908857,0.49910766
0.49979369971931603,0.50034
0.49881554017108104,0.4998366
0.912128155883082,0.9107525
0.9323537954069461,0.9262158
0.49886676557566406,0.5002667
0.533181737505045,0.537772
0.5020116578658751,0.49949872
0.5028595716712231,0.5027282
0.9480286738351251,0.94627833
0.49474996850988506,0.50097823
0.500050277734842,0.5006584
0.497685388722554,0.49847898
0.9381193757295071,0.9347846
0.6536882394864051,0.6419931
0.9601715686274501,0.961487
0.500511544482512,0.4991274
1.0,0.99778706
0.8003903299863611,0.83268064
0.5013756999945951,0.49910766
0.505845478409159,0.5046121
0.506800169097368,0.50993377
0.518718110851227,0.51956564
0.6486203572338021,0.7126266
0.5114334270245641,0.5427274
0.5374030117605421,0.5448744
0.847795691235506,0.85524464
0.49866589658526905,0.49973428
0.9051940340376141,0.90872866
0.49835246090225205,0.499493
0.5117695778198841,0.51219845
0.9380329559810591,0.9261708
0.8787838484267061,0.8379051
0.802899720801009,0.82263756
0.8883691199500641,0.9050239
0.500280941142444,0.4992393
0.6274407658711081,0.6937175
0.50483068137814,0.50267535
0.49876826102715605,0.5014534
0.501869467036921,0.5001854
0.5947574740461771,0.595749
0.50712522033159,0.5012797
0.9913123582766441,0.98203206
0.7412204208884701,0.76584923
0.915488359709092,0.90805745
1.0,0.9903364
0.9724937996031741,0.98279387
0.9310964999865111,0.9241649
0.5018967835540691,0.5005069
0.764931545295467,0.7444312
0.9229564944006621,0.91670555
0.5374666543701511,0.55466074
1.0,0.99820775
0.9355332676989081,0.93855834
0.506210288705902,0.6165026
0.99039575858642,0.97564733
0.913759681133367,0.93505794
0.8964657546232071,0.8779018
0.741132631412689,0.74503046
0.9438202247191011,0.9403006
0.49934717363976505,0.50548875
0.5079959468627371,0.5122016
0.49990608997482505,0.49946794
0.960879357865117,0.96567404
0.49945956534365404,0.50082374
0.507970688631948,0.50466627
0.502313689255906,0.50139016
0.89104973446468,0.8989304
0.49754106080258304,0.50083035
0.880209473778726,0.8710382
0.5004044770249161,0.5003203
0.489070013667096,0.4994566
0.499354866055418,0.49896136
0.51235755371263,0.5116751
0.834423364670788,0.8187732
0.50216019937624,0.50848395
0.500239914586007,0.49916273
0.503391126068324,0.502467
0.5006955946478261,0.5006611
0.49804887792371905,0.4998225
0.885613662548662,0.8825626
0.8823810136769701,0.8859565
0.8468338399189461,0.86075544
0.501296629358374,0.50027966
0.499354866055418,0.49899715
0.5021745927094511,0.50473
0.501502943472516,0.5009207
0.500323675707262,0.5001605
0.893479151460398,0.87109673
0.49932753335914004,0.49905723
0.956124191941893,0.9639851
0.49653711743128104,0.5006946
0.49521460941190903,0.49847722
0.9397793486133491,0.93110955
0.500239914586007,0.4994824
0.577189592315676,0.8517835
0.992878028404344,0.9981389
0.9669440811677181,0.9664023
0.99076812076812,0.9686289
0.503362116266979,0.5022565
0.532852514444315,0.5132354
0.9531638228107041,0.9428543
0.498042911677041,0.49863774
0.7565585305853001,0.815996
0.9082583003444961,0.9130307
0.49950405146004806,0.50017625
0.5550555689495751,0.5613436
1.0,0.9805817
0.501357853164056,0.50023454
0.5158661292727731,0.5095217
0.872398489699836,0.851352
0.501762493715577,0.50305897
0.613149154190478,0.58959574
0.5082562574949601,0.5069002
0.7117243867243861,0.71531236
0.8955436009829311,0.9001864
0.5027211180147511,0.51316094
0.9587419154036211,0.957747
0.501424358324994,0.501156
0.9963519313304721,0.98872316
0.617281142925841,0.62257683
0.49763998039973306,0.49791005
0.841954770447341,0.85099703
0.580782135059701,0.5865417
0.503101552999604,0.49875256
0.497209265584415,0.4984549
0.49823317499747805,0.49884677
0.7186277892799631,0.70254046
0.500573224566362,0.49930766
0.89905780271877,0.93721384
0.937930605248887,0.9273913
0.9360027405146071,0.9610043
0.9079817195030451,0.90821743
0.49934563800066806,0.49887493
0.49983992584833503,0.49925867
0.50551443769323,0.5123009
0.9395833333333331,0.94613403
0.511934214294423,0.5047833
0.5202140646936491,0.564822
0.501298943348574,0.5014303
0.536830860807028,0.53509325
0.8559810381304891,0.8318972
0.8000343634282251,0.7459111
0.49950778109993804,0.50034
0.514147757946132,0.49992463
0.8316435240741271,0.8397469
0.949715758040178,0.9535045
0.500923933778572,0.5007369
0.5887946193431101,0.56894535
0.925673894976449,0.93488103
0.7706090796875471,0.79842114
0.543808909796207,0.6216422
0.495611661615788,0.4982086
0.513001876614493,0.5155287
0.49484753277226906,0.5003129
0.979190186210337,0.96480924
0.9646220069948881,0.97271204
0.8257938931498031,0.79313165
0.502128113090336,0.49937746
0.9601715686274501,0.96158063
0.5018141178647301,0.5207131
0.501189593925318,0.5050003
0.523928406670176,0.5220658
0.500511544482512,0.4991703
0.49865372781523204,0.5022146
0.497261717047539,0.49949932
0.49988837093825506,0.500103
0.580782135059701,0.5857904
0.495611661615788,0.49802798
0.8545893719806761,0.78557134
0.495611661615788,0.49780563
0.497316292883663,0.49910346
0.9055106014505111,0.9131675
0.850347336522121,0.83876866
0.7880790911998881,0.8184542
0.610802718381115,0.6301222
0.50001371170741,0.4999757
0.896777529316191,0.9070422
0.518335883775352,0.52567226
0.9590823970037451,0.9422209
0.591779748463349,0.6060893
0.494711123913372,0.49917153
0.501460164601713,0.50402284
0.50010967133983,0.53006124
0.984918850289875,0.98279387
0.502686175915493,0.5022513
0.499080687231277,0.49974903
0.49993347492712303,0.49899206
0.49852733247435504,0.49845776
0.500642846832961,0.5000971
0.529393893619826,0.5458602
0.881168831168831,0.84816843
0.9800247845648821,0.97060657
0.49922349136945404,0.49974737
0.9963519313304721,0.98618114
0.7734734917336421,0.7998211
0.515122745067297,0.50466627
0.507756256376765,0.49760944
0.497685388722554,0.49847898
1.0,1.0077037
0.49895693491174103,0.49984765
0.8862514763883511,0.8878754
0.9565678858432021,0.9354242
0.501229055294669,0.5013236
0.560232422014458,0.5519806
0.96696243329855,0.95887417
0.49932753335914004,0.49907848
0.902340420837989,0.92343056
0.5178228375645161,0.50605947
0.636885592324922,0.6411947
0.49983992584833503,0.4992577
0.7124972195792031,0.7152019
0.5154016491236361,0.50840837
0.5080858548824221,0.5067557
0.5439943852323651,0.5528413
0.8735295871259611,0.85662884
1.0,1.0062193
0.587337114421388,0.6169475
0.5086553299070801,0.5049558
0.9397933983863531,0.8555736
0.7058673469387751,0.7053581
0.9662956664774531,0.96416575
0.509865868053697,0.51439846
0.49852733247435504,0.4984431
0.48850345382522103,0.5006178
0.589082391804416,0.61596614
0.51199712546548,0.5074786
0.5007573911272101,0.500927
0.499580511765055,0.49932107
0.50523853793157,0.5012795
0.815160870803163,0.8209145
0.8385275787105101,0.8599852
0.49978298597268106,0.5003587
0.496189498325092,0.4997992
0.506066490433948,0.5016268
0.504635270682941,0.505639
0.499827204468106,0.49902308
0.9958768832323741,0.98414296
0.7681269876614111,0.7414203
0.9305814179849391,0.9364452
0.9691091438558521,0.96937233
0.7876418658282771,0.7989642
0.499601202287469,0.5006942
0.9470851560191541,0.9298525
0.9539288553544331,0.9280707
0.674497520453403,0.6762496
0.8384205463131931,0.86175966
0.500949894442691,0.501058
0.49893805928350604,0.4989956
0.49893353652929906,0.49873427
0.5529850459418111,0.55019414
0.508949375062921,0.5057057
0.9840086034413761,0.9760915
0.49676203921370704,0.49860188
1.0,0.9993921
0.502064968152203,0.50357676
0.497685388722554,0.49795815
1.0,0.99942046
0.49782323706629306,0.5024919
0.9763615139397871,0.97160804
0.497209265584415,0.4984549
0.8580498814380499,0.85006285
0.6861462390555261,0.73695374
0.9464238894632281,0.9391184
0.912755595129316,0.91797477
1.0,1.0007523
0.8323344584297571,0.83407
0.500323675707262,0.49993747
0.501753034581885,0.49838626
0.498769981174049,0.49762005
0.5014481944211401,0.50018996
0.5004227315494191,0.50043136
0.508558438842722,0.50004405
0.54582264188752,0.5683285
0.961810912967305,0.93249
0.590555935520882,0.59035206
0.9262405158572721,0.8733366
0.8097646103896101,0.82964575
0.511087264401833,0.51757514
0.95618114867083,0.9629626
0.502600199132773,0.49827915
0.8980712964851211,0.91207033
0.878401344303484,0.89085907
0.9655731719925441,0.96870714
0.49763998039973306,0.49491152
0.49990608997482505,0.49906665
0.766087643549039,0.7991199
0.499512079911519,0.5001384
0.49990608997482505,0.4990676
0.7040792983046481,0.6657722
0.978875283446712,0.97973615
0.8323344584297571,0.87086064
0.502924408777583,0.5056739
0.518492059820252,0.5192141
0.9103484915271081,0.91663265
0.501753034581885,0.49838626
0.917248329362755,0.89994603
0.521515015129213,0.5306262
0.638356692318648,0.70962226
0.511791641640313,0.5205396
0.9634957531669001,0.94698465
0.49726254178796603,0.4992094
0.7146542174286911,0.72221845
0.9628526382494631,0.96857643
0.8676872912706081,0.85428905
0.549758130633293,0.5753716
0.49949697218835504,0.5004562
0.850269712525153,0.8436265
0.500558013856718,0.5009892
0.5324593048277251,0.51393414
0.8894578037545541,0.8737629
0.923504560931335,0.9173882
0.497685388722554,0.49847898
0.8813239184562711,0.8883705
0.88457550221724,0.8787385
0.498263375631296,0.49937662
0.499080687231277,0.49975
0.9344092448694951,0.92766136
0.927370333813843,0.9171946
0.49906825143667205,0.5080934
0.49915527454453507,0.5002688
0.864814814814814,0.86298686
0.528383295340632,0.53405327
0.6653625366004,0.6525167
0.502530087366996,0.5051672
0.499625384800133,0.49814233
0.9097535401644301,0.89552903
0.50014723271575,0.5001464
0.7412204208884701,0.7490252
0.920143787282173,0.91324675
0.858358585095623,0.8248613
0.8397885932437581,0.8540173
0.9296576568053121,0.93038434
0.504082193788851,0.5027891
0.500558013856718,0.5001115
0.504979644237129,0.5074803
0.49333263125343,0.4979917
0.9899555175054061,0.9792029
0.5019054264316231,0.49828458
0.6653625366004,0.65325534
0.503151694924995,0.50811756
0.606040099664741,0.5766099
1.0,0.99518037
0.9395833333333331,0.9409284
0.500380311865968,0.5002874
0.5138293481436861,0.513801
0.51487276533711,0.51056933
0.5033206017712061,0.50277287
1.0,1.0001315
0.5008236370590881,0.5004441
0.976965447746697,0.9767384
0.985742144140581,0.9732256
1.0,0.9964438
0.8884588215260021,0.8954377
0.9686583092833091,0.9512212
0.9646220069948881,0.97511196
0.8499999999999991,0.80415374
0.5031461828626991,0.50004846
0.498263375631296,0.49906984
0.5273636458158051,0.52097076
0.9745526183195491,0.9739574
0.6653290773941151,0.71276027
0.855585630901821,0.8608279
0.8505932207986431,0.91840065
0.501753034581885,0.49835047
0.499879448442118,0.49970216
0.9480665638166281,0.93745387
0.981039876697479,0.9819364
0.49950405146004806,0.49982435
0.9576384029330841,0.96518755
0.5498069195387211,0.5699486
0.503779888463705,0.49951947
0.811696592921875,0.7571491
0.9735897592858701,0.97160804
0.930789158757908,0.93149614
0.8841150816264991,0.8693003
0.5784543218640641,0.570474
0.8005369966304301,0.76407
0.492611821822566,0.49997267
0.9277794719322091,0.92536545
0.49866589658526905,0.49973428
0.495188167333284,0.49874374
0.49717805727789005,0.4982135
0.9423564734642631,0.96975815
0.8823810136769701,0.8887265
0.5021745927094511,0.5019819
0.5219009123086581,0.5187998
0.503429611890382,0.50248104
0.9044297596797751,0.8912991
0.500239914586007,0.49924684
0.901721332418925,0.88893425
0.499080687231277,0.49974903
0.835663631702737,0.84462327
0.900409745837332,0.8996616
0.51789822691399,0.5218263
0.9411016026652,0.93781334
0.968326879639231,0.9223361
0.649357745883534,0.691824
0.490079465553295,0.5073638
0.8117023933103841,0.82829386
0.49983373386925406,0.5007422
0.9019101425881081,0.8851472
0.5006099915297011,0.4910071
0.49990608997482505,0.49906665
0.517246693925109,0.5187161
0.648985066508431,0.66688925
0.9886802661864401,0.9777605
0.5033206017712061,0.50301844
0.6508161083846421,0.6791677
0.978775231886792,0.97457
0.503360565378779,0.5047394
0.49932753335914004,0.49905723
0.49893353652929906,0.49871302
0.50414686280964,0.4992094
0.6395106275081031,0.5438902
0.510999274405282,0.5075326
0.9181222559945961,0.9643568
1.0,0.98752916
0.5000249731831891,0.5000354
0.973717948717948,0.7400638
0.8335444850925181,0.7997301
0.500079433225301,0.5002081
0.499648936267201,0.5001503
0.5181965212449741,0.62974906
0.49932753335914004,0.49940914
1.0,0.9985471
0.630250747642051,0.636716
0.9019101425881081,0.9002876
0.9463768172023581,0.9514966
0.49932753335914004,0.49940914
0.9779786053839521,0.972309
0.965085933236793,0.9637223
0.501573426604507,0.5019819
0.847828183325489,0.8135802
0.567962259533486,0.58655816
0.49979369971931603,0.50034
0.5807203820485071,0.5793696
0.8292593290948861,0.8039319
0.9682229504659411,0.9699856
0.498263375631296,0.49871784
0.49784555715271006,0.50012696
0.502338496694755,0.50140154
0.5002878058029441,0.50017625
0.499122828779531,0.5001971
0.502088980303765,0.5005169
0.9573387727274281,0.9581576
0.500316846678864,0.49906665
0.501229055294669,0.5013236
0.734493805491355,0.73240554
0.8188019148751081,0.8393928
0.516024673979219,0.518431
0.5000249731831891,0.5000354
0.49810869812858805,0.50155056
0.49675294502618206,0.49895254
0.49484753277226906,0.5003129
0.499745275795049,0.5006833
0.548492115341332,0.52853113
0.5748575637784651,0.5783499
0.957082770865546,0.9437297
0.622954410351084,0.60833853
0.5016685695205481,0.50485533
0.504260348925207,0.50003016
0.499827204468106,0.49910766
0.493204008775297,0.5022783
0.496682386908857,0.4992132
0.6892118281274721,0.7022552
0.72385862521113,0.75323236
0.580782135059701,0.5857904
0.687565066718094,0.67889196
0.49950778109993804,0.50034
0.498409922024635,0.49783224
0.552230020040126,0.55120164
0.7058673469387751,0.7053581
0.578727187472434,0.6240864
0.498713552170488,0.49842805
0.6358602156773531,0.71155965
0.5060533224771591,0.5033262
0.508428952696181,0.5056179
0.8259958153422061,0.8141469
0.51887843089407,0.5195474
0.521648465831254,0.51627725
0.9500726159485281,0.9496024
0.507860610507576,0.49946353
0.500558013856718,0.5001115
0.8468338399189461,0.86085886
0.5000402802899451,0.5002738
0.499378615141481,0.5005888
0.503360565378779,0.50678957
0.858554101429114,0.8551431
0.499745275795049,0.5006899
0.49862299254934206,0.498868
0.49523999540401104,0.50104964
0.9195278778620111,0.9323852
0.49338125545624606,0.4994566
0.5666120253512801,0.56681025
0.9337313128692101,0.957528
0.503362116266979,0.5022565
0.535389311011717,0.54360944
0.49962663200614105,0.5034301
0.501630616817168,0.49800035
0.49806361374627006,0.49793872
0.5005015237193481,0.50391966
0.636719483953476,0.63569987
0.5602613057193611,0.5653162
0.5020224242407161,0.5002842
0.914321094909838,0.8868072
0.49932753335914004,0.49940914
0.49676203921370704,0.4985713
0.9468067879270031,0.9524098
0.5070080480168411,0.50865585
0.5250083889204821,0.5173627
0.9858698712556261,0.972309
0.530182674514252,0.5182962
0.829110219257105,0.8129679
0.498928975657894,0.49739587
0.498640900853885,0.49970824
0.8877902483633611,0.8888255
0.5561683965759461,0.559737
0.9674694372383191,0.9747744
0.8933440628806111,0.8862382
0.9343604108309991,0.9194973
0.606993058183073,0.5738658
0.7413690476190471,0.752551
0.503058335837557,0.50034463
0.5120114057473361,0.5146445
0.863836643635122,0.86978996
0.8425134628266511,0.8638293
0.5019781258522611,0.50402284
0.5130219433562551,0.5168255
0.929138025983209,0.90636736
0.49978137132874106,0.5015575
0.5024021580575571,0.5019518
0.8636079622559011,0.97583055
0.8548542557098331,0.86943364
0.5013700412902551,0.5019373
0.499745275795049,0.5006833
0.841905332787365,0.81612575
0.9845086635162971,0.97030634
0.49893805928350604,0.4993475
0.500323675707262,0.49984083
0.897571491832954,0.9149244
0.49811173289433003,0.4982455
0.51213159390968,0.56552994
0.49983992584833503,0.4992148
0.606040099664741,0.6134618
0.9161149951373311,0.9070674
0.5010020432359751,0.49920803
0.49893353652929906,0.49871302
0.9207106959500141,0.917772
0.48609851259851206,0.5176413
0.501859342206393,0.50040406
0.817623341280278,0.7937558
0.559855409464845,0.5439033
0.6929948518944651,0.7185486
0.499543956689436,0.5010566
0.602515418609168,0.5810061
0.5015412825680671,0.50132823
0.502562467246864,0.5033778
0.92008324570583,0.9279593
0.8127119362380241,0.7050115
0.501573426604507,0.50137985
0.502630283580172,0.50563514
0.9161345642426281,0.9476204
0.500380311865968,0.5006393
0.7340352998616431,0.7043148
0.927167460180341,0.8698125
0.9101684497840821,0.8826691
0.49999131051885803,0.4961346
0.8901579630493921,0.80885285
0.516175549630816,0.51496935
0.8465659758763021,0.8516534
0.587453767680248,0.5813692
0.883691756272401,0.86085886
0.853112900059482,0.8556191
0.51019166487273,0.50714993
0.49676203921370704,0.49860188
1.0,1.0098541
0.9965562097977351,0.9732256
0.50337933341758,0.5015493
1.0,1.003496
0.505702746373304,0.50568044
0.5004070501062431,0.5003408
0.864814814814814,0.86298686
0.501381158134345,0.49768135
0.9800397465727431,0.9763911
0.501356145078611,0.51885754
0.499745275795049,0.5006899
0.49811189667259503,0.5010074
0.8894620450155291,0.9064219
0.771987434969797,0.8059006
0.9272608044468351,0.9317917
0.9727192833651801,0.9155718
0.5026487502397661,0.49951488
0.8769065113350071,0.86051106
0.510379393902449,0.5000622
0.5183088650917941,0.5145459
0.49835246090225205,0.4991402
0.49983992584833503,0.4992577
1.0,0.9967378
0.49970386444477105,0.4991116
0.501296629358374,0.5004852
0.49811173289433003,0.49859917
0.7413690476190471,0.74150354
0.506902461127813,0.5083782
0.8948067632850241,0.8981814
0.8958736163533281,0.8663072
0.49804523428894004,0.49880952
0.803519007497408,0.8123789
0.87837938043881,0.83078194
0.907537723190281,0.8249885
0.500321460442106,0.5008264
0.49975057879967805,0.49951127
0.8698145589436711,0.8641088
0.5031805977110251,0.5043713
0.5712623775492061,0.5808635
0.7413690476190471,0.74175096
0.49983992584833503,0.49965903
0.49652035514771403,0.49593705
0.49989718451914605,0.49970084
0.529958440763414,0.5222357
0.500672748462896,0.50243235
0.864814814814814,0.86298686
0.500196483219839,0.50011283
0.500949894442691,0.5009771
0.5006955946478261,0.5011373
0.9554967750881741,0.96086323
0.515566606389391,0.52180547
0.951327622213698,0.96012855
0.9120012471008071,0.91387993
0.8121200267525971,0.8039084
0.49651688659367404,0.4997123
0.501596444988212,0.5006946
0.501298943348574,0.50138456
0.49893805928350604,0.49978244
0.572081006488672,0.5739198
0.9017708310972891,0.9173986
0.516421905926154,0.50887203
0.49902456868492107,0.4979704
0.504597780595268,0.5062405
0.9378813370309781,0.92433506
0.9682047073238731,0.96104485
0.9057333828,0.9269811
0.5000249731831891,0.5000354
0.9638897511794431,0.96844786
0.652416434774249,0.6238949
0.9330925477584531,0.92708045
1.0,1.0024382
0.49995679887755,0.5004071
1.0,0.9994201
0.8565594777506951,0.8768558
0.504038917030879,0.50966936
0.500687922686139,0.49892843
0.5032126983955231,0.50433046
0.821910341320772,0.82939357
0.8750909598580421,0.87376136
0.8493684556612391,0.8172364
0.9815000115515661,0.97302616
0.501103413035602,0.501557
0.507223160497158,0.50004846
0.500642846832961,0.5000532
0.6332789160988731,0.61966586
0.498858537451261,0.5592242
0.93681780864674,0.9340603
0.5138293481436861,0.51390266
0.500923933778572,0.5007369
0.7579786374777181,0.786847
0.560436211714552,0.58972543
0.730967871513407,0.7035916
0.5004227315494191,0.5017282
0.8946454712759061,1.0068301
0.5004070501062431,0.5003621
0.5166724944076531,0.5405492
0.499354866055418,0.49899715
0.502686175915493,0.5042216
0.498263375631296,0.49937662
0.541116851732321,0.5422174
0.6793915650410031,0.6761711
0.687309175379714,0.68370724
0.674750184577879,0.7368497
0.610802718381115,0.6161366
0.501667976968812,0.5005591
0.49991661423062606,0.5023667
0.640658308411931,0.636716
0.9874031007751931,0.9869404
0.9394971159510521,0.94110477
0.5297026004953841,0.5299201
0.5002878058029441,0.49983093
0.9470076279257961,0.9355374
0.857746850611328,0.8393084
0.7020392115845561,0.7030559
0.504082193788851,0.5022135
0.8541621602536911,0.84474474
0.509274879699821,0.4988213
0.500923933778572,0.500728
0.5019702499540041,0.48547912
0.8243324458676281,0.8477377
0.509983431467503,0.5063912
0.9053635394324071,0.90004516
0.9612480349155511,0.9755218
0.5178228375645161,0.50605947
0.9713495356648881,0.95159686
0.5012948228396791,0.49871996
0.5002878058029441,0.49982435
0.928870762012279,0.9187199
0.8391740958296051,0.8428668
0.498713552170488,0.49843463
0.9832885176497511,0.9767384
0.501502943472516,0.5009207
0.49823317499747805,0.49884677
0.5052317902959881,0.50047255
0.9658958230288911,0.9372692
0.49988837093825506,0.500103
0.9426621236694611,0.9277529
0.9064986148946431,0.9477923
0.50966403846261,0.51599246
0.80119702344205,0.8406046
0.9142051694683511,0.9064219
0.9022990847906951,0.9124587
0.503248091090534,0.5000622
0.532878036671907,0.5245439
0.735761867626023,0.8247557
0.8496663449696801,0.85038894
0.5004044770249161,0.5003203
0.9380472589541291,0.9339582
0.500573224566362,0.49931228
0.498042911677041,0.49860194
0.8939077396917381,0.9162063
0.656484254180353,0.6090032
0.5064995535736401,0.5031425
0.495188167333284,0.49874374
0.690789248498022,0.71534675
0.5002878058029441,0.50017625
0.502895922392361,0.5045253
0.6033756758302681,0.6114228
0.499973622189519,0.50003016
0.8133552004319281,0.790377
0.988379530916844,0.97385204
0.9911007712944331,0.97586256
0.8765812427063471,0.8836315
0.5394889648861461,0.54376394
0.624396899396899,0.61750096
0.9711047254150701,0.96741676
0.496682386908857,0.4989873
0.5168320587808151,0.5203551
0.9169579444335111,0.91600996
0.499381135713136,0.49938864
0.49858333644283803,0.5022704
0.9251849155370311,0.9352558
0.7766367339640851,0.77934414
0.50936587996916,0.50865585
0.496682386908857,0.49902308
0.7880108638275091,0.7558362
0.504938402079946,0.5054317
0.498263375631296,0.49871784
0.738277304419866,0.77702814
0.505240839245793,0.4956626
0.5053379541495391,0.5793273
1.0,1.0013547
1.0,0.99226385
0.515201072320964,0.5164598
0.922042580500922,0.9155258
0.510500301799763,0.5011955
0.8541687978008461,0.85121936
0.8135356521197521,0.8323969
0.9054880154779581,0.84602374
0.5609156411852491,0.5467846
0.499444879647826,0.49906465
0.8179155686534211,0.80251443
0.9713495356648881,0.9539968
0.8132576870407441,0.8426268
0.5023747166025581,0.5053498
0.7964126626144331,0.8228263
0.499745275795049,0.5006833
0.49897118149462105,0.50003016
0.49950405146004806,0.50089806
0.49763998039973306,0.49791005
0.9162115061511621,0.9134313
0.49945956534365404,0.50082374
0.909245529792653,0.91233927
0.847024254592533,0.8556191
1.0,0.9950677
0.9007683450615621,0.90908927
0.5018167680567931,0.50281876
0.8278189534772581,0.8172364
0.8466739110532521,0.86042595
0.9175926553125651,0.9245084
0.831783711839142,0.84213924
1.0,0.9964339
0.586612299825227,0.5890823
0.568830286375757,0.5842739
1.0,0.99930775
0.9109836806096241,0.88227725
0.8920643475671741,0.88285875
0.8142744307724271,0.82942295
0.979135782012655,0.9727129
0.5208750425626121,0.517509
0.501955151870465,0.500381
0.49340934363574906,0.49922353
0.506493964368964,0.5155032
0.5200243925849021,0.51385266
0.859077160390258,0.8638959
0.873891544320688,0.8565113
0.49614197355154205,0.4991147
0.501945043447732,0.5034186
0.500454067453571,0.5001839
0.9056665480431441,0.9277529
0.502686175915493,0.50147355
0.7117359000337721,0.70656395
0.630250747642051,0.6315601
0.5666120253512801,0.56681025
0.91096138472899,0.90090704
0.9458838862863621,0.9595911
0.509982521599969,0.5169003
0.8041308805265791,0.8126015
0.50361339539577,0.4994566
0.49563445526456706,0.50343746
0.5014038141732581,0.5012212
0.9339735132940411,0.82873523
0.9513924012860671,0.94519055
0.6021662131272121,0.60307795
0.8311933401890711,0.84952366
0.5690197613025231,0.5675795
0.8436128613781031,0.8127942
0.500810247184957,0.49739587
0.5020116578658751,0.4998193
0.50052093191691,0.50132304
0.9219757086378031,0.86477315
0.951906751790163,0.95419806
0.9480286738351251,0.9488277
0.9744746066131451,0.97357756
0.8414252199339771,0.84386516
0.785597518041044,0.78501207
0.5038719492771561,0.49951947
0.731455694654995,0.75394183
0.501792353115745,0.50123477
0.49750156972143206,0.49902678
0.8887916533136311,0.88237906
0.5859565333356961,0.63696665
0.500366546145096,0.50003743
0.9739822767558891,0.9816225
0.5004389942298321,0.501212
0.9786204823915061,0.9712599
0.887516556738406,0.88548243
0.49945956534365404,0.50043786
0.9377498111592171,0.927384
0.49990608997482505,0.4990676
0.9899555175054061,0.97657824
0.498640900853885,0.49921
0.919066471413812,0.8555736
0.772030930152757,0.6396363
0.502895922392361,0.5045253
0.49629177508381306,0.50162464
0.508411886302298,0.50157607
0.5002623458294411,0.5000971
0.9554102302925831,0.9328606
0.927721323232192,0.93721384
0.9661630811377001,0.9804793
0.589675248705666,0.5890823
0.511714990926265,0.506884
0.9586061507936511,0.9602897
0.502957842263349,0.500317
0.85627758481155,0.8625984
0.500593670732559,0.50588745
0.8844847102166181,0.87109524
0.598364709347436,0.5976523
0.533981022385287,0.5450635
0.49983373386925406,0.50060177
0.838515542980472,0.85067785
0.510574845147183,0.5108523
0.9970588235294111,0.99882627
0.5032126983955231,0.50433046
0.8393785605513351,0.84310204
0.680045394420394,0.68265605
0.5002623458294411,0.5000532
0.5019976111109671,0.50134397
0.5029296327774581,0.5006147
0.9686583092833091,0.9501172
0.8763127710566541,0.8617374
0.551107190554727,0.5606968
0.49521460941190903,0.49847722
0.7880475567072741,0.8079702
0.9022754027895351,0.90821743
0.5006955946478261,0.50030917
1.0,0.99932253
0.952215400869557,0.9390951
0.5112591306148571,0.5075663
0.839225687516549,0.8523783
0.9299893280858391,0.9107525
0.49811173289433003,0.49819794
0.500830987603316,0.5033436
0.502150906199755,0.4994566
0.514688988705512,0.511894
0.9343815179682391,0.9409868
0.511822165133332,0.50855815
0.9253137432028451,0.93489116
0.7917144331812741,0.79958516
0.9534761017357731,0.94583714
0.9158552570261451,0.91672766
0.488830237274726,0.5019305
0.8020036222954721,0.803346
0.8591961859905091,0.8696504
0.988379530916844,0.9749584
0.886940478339402,0.8682919
0.9188463096203481,0.8833097
0.49893805928350604,0.4989956
0.501298943348574,0.50138456
0.927313966213372,0.91918236
0.49989718451914605,0.49970084
0.5337434965660101,0.5213422
0.500239914586007,0.4994824
0.8853758616812111,0.8652863
0.9601715686274501,0.9591807
0.505523239257324,0.50215316
0.558318338333177,0.5328577
0.9695506777898051,0.9686127
0.844537713820462,0.8406498
0.49893353652929906,0.4987196
0.49826935142133,0.50248104
0.535854342809284,0.5324587
0.8639172351907131,0.8231079
0.874639989638877,0.8638959
0.571192543159454,0.56754607
0.9344092448694951,0.9343369
0.548782322308588,0.550044
0.9879400945874931,0.9864309
0.61046583493029,0.60837317
0.4968450207637,0.4988213
0.6739235992151971,0.71758026
0.500358412720001,0.5010846
0.499879448442118,0.49974507
0.9048637598699161,0.92066085
0.491724624786024,0.4958509
0.9313363395199531,0.9262566
0.49835246090225205,0.499493
0.9395833333333331,0.9400028
0.864814814814814,0.88562185
0.9346701904758351,0.93855834
0.503749774589987,0.5006946
0.984689194767645,0.98095155
0.49541953128130706,0.5015351
0.9122366795662251,0.9286042
0.518272655915559,0.51822275
0.49717805727789005,0.49822608
0.5029671218750751,0.5008796
0.49927350117714603,0.4998902
0.831957079232391,0.84211636
0.499741346752515,0.4992459
0.49855894982756704,0.5006466
0.927501528645259,0.9229153
0.919556757885797,0.9182622
0.499512079911519,0.49973705
0.49742963110499905,0.49966335
0.500079433225301,0.5002081
0.500573224566362,0.49935615
0.9591049189939721,0.9576228
0.9420578547977281,0.9797731
0.8767827531655731,0.8843231
0.499747049370504,0.50068444
0.668124472746893,0.6715991
0.9425885047969281,0.90198135
0.8687788987999081,0.88285875
0.49915527454453507,0.4994397
0.8559510344211251,0.8568029
0.504556372306183,0.5032239
0.500949894442691,0.5012355
0.49934563800066806,0.49888152
0.500573224566362,0.49930766
0.524088229833629,0.5213591
0.502503087408384,0.50153327
0.49849935959839603,0.50288147
0.919813417257875,0.92774504
0.500454067453571,0.50020516
0.5033251278595741,0.50284266
0.49993347492712303,0.49867147
0.9186440310042561,0.9141647
0.947397691750204,0.9345614
0.498640900853885,0.49921
0.9232198321172821,0.89862955
0.945098405352029,0.9330999
0.9764820810340891,0.9629717
0.572659157483112,0.5266152
0.515566606389391,0.52180547
0.49763998039973306,0.49491152
0.498042911677041,0.49874493
0.9393466177718761,0.9352828
1.0,0.9989273
0.526909714924586,0.5230423
0.8562303343035621,0.8392674
0.8651865101087071,0.8756764
0.84039587408613,0.84190357
0.589624489208047,0.6148465
0.520812486233047,0.52077484
0.982073346043934,0.98279446
0.49719969959279703,0.4979704
0.6712442411292371,0.66929704
0.49972792679134503,0.50438064
0.5033765871203331,0.5022149
0.500380311865968,0.5003087
0.50052093191691,0.50132304
0.498808181476719,0.50063455
0.498409922024635,0.49763247
0.500138381132268,0.49807212
0.886982734261023,0.90811634
0.5042243164190501,0.5037064
0.49803015809398804,0.49691913
0.497316292883663,0.49910346
0.500523043852401,0.46686205
0.541381791667169,0.53872496
0.504082193788851,0.5022135
0.8112535612535611,0.8304199
0.502924408777583,0.5056739
0.964686327872537,0.968973
0.5947574740461771,0.593463
0.9180476460310951,0.9200995
0.499240349947895,0.50013185
0.8463759923133821,0.862185
0.503749774589987,0.5008796
0.7601906716908211,0.7763067
0.502516265461829,0.5047833
0.49931859161911,0.49999437
0.49932753335914004,0.5003024
0.808019472792952,0.8250479
0.978220968139321,0.9714911
0.5004070501062431,0.5003408
0.6962406442893441,0.7332644
0.5558924536239981,0.55710435
1.0,0.99614894
0.508737747738299,0.5052752
0.847881178059892,0.81545305
1.0,1.0029283
0.49963142192520704,0.49975
0.5905858280966491,0.53769946
0.5004070501062431,0.50034744
0.875627396601601,0.88339335
0.513026473660758,0.5007912
0.8097895136991171,0.8073823
0.9526405191495291,0.9597149
0.988511576106272,0.98377043
0.495176164396017,0.5009031
0.8060012057543081,0.8050896
0.49990608997482505,0.49906665
0.814402394604633,0.7952844
0.5047731088912241,0.50546783
0.78841806537722,0.7625268
0.506805938692235,0.50446934
0.49847686358395005,0.5003378
0.502484904840646,0.500228
0.839058830818957,0.84768635
0.616865055318598,0.6160939
0.864814814814814,0.86298686
0.548528584159877,0.54134566
0.702544845478114,0.76632583
0.9093388731792541,0.8990498
0.504576241012047,0.5082319
0.49932753335914004,0.49988547
0.49971191282109806,0.49959946
0.7739649513837571,0.6916159
0.63021669341894,0.6310849
0.49971191282109806,0.49959946
0.9914974283011421,0.98275906
0.6947151548335311,0.66286874
1.0,0.9985985
0.499879448442118,0.49974507
0.8241232547859381,0.830155
1.0,0.9985985
0.49872768328390704,0.50003016
0.49945956534365404,0.50043786
0.519910711455367,0.51403356
0.868911883949216,0.85386103
0.500239914586007,0.4994824
0.499745275795049,0.5007046
0.813468316382784,0.7766741
0.8223917320709541,0.84241724
1.0,0.99899185
0.8535152223278991,0.85221064
0.500454067453571,0.5005358
0.49970386444477105,0.49899122
0.8657329184180961,0.8610145
1.0,0.99850255
0.572035985059348,0.5602622
0.49702378860077806,0.49880892
0.881265691393158,0.896401
0.499240349947895,0.50013185
1.0,1.0056847
0.500912125521858,0.4987328
0.518136714051153,0.5160684
0.49862299254934206,0.4988322
0.8586403535591061,0.88027304
0.499587016107333,0.5018478
0.801257964408822,0.7963991
0.862947657103426,0.8458885
0.50052093191691,0.50132304
0.6221097288598001,0.5126483
0.500239914586007,0.4995896
0.498409922024635,0.49797523
0.52198475710338,0.5198955
0.8424590553115581,0.8483097
0.6495816312610201,0.6580897
0.49889943051422503,0.49906358
0.578727187472434,0.6202906
0.87299637785795,0.88285875
0.5072388160441881,0.50430715
0.9363832988643521,0.955543
0.50002312641829,0.50014645
0.499079001416093,0.50281346
0.553852732435695,0.6154074
0.538992275086024,0.511506
0.8173183900623011,0.82942295
0.49676203921370704,0.4985661
0.542752705603055,0.54512465
0.5112591306148571,0.5073193
0.892178313622447,0.8889133
0.8301004618240331,0.83897257
0.500280941142444,0.4992393
0.626689129492867,0.6280629
0.9339272448730601,0.93349975
0.9027137004704091,0.9187049
0.505286180660509,0.5056185
0.7289424639098271,0.76558006
0.9431780404760881,0.95652926
0.504082193788851,0.5022135
0.49528512531366603,0.5016757
0.896937078722677,0.8858093
0.7807331279402461,0.78651494
0.500459183576489,0.5009756
0.9021966767753171,0.9150599
0.960523105264632,0.9580175
0.5052317902959881,0.50047255
0.5066477993781411,0.5033197
0.8601488095238091,0.87374717
0.5007801724492711,0.50252134
0.49971191282109806,0.49959946
0.8425564122379271,0.84512824
0.502686175915493,0.5047394
0.8827197556463571,0.8739709
0.8957419489094701,0.8986909
0.49918528466723205,0.49760944
0.49617822974260906,0.5006946
0.5068628473841701,0.50004846
0.949666962028978,0.9381576
0.49823317499747805,0.49928743
0.49750156972143206,0.49902678
0.501035434220469,0.50026786
0.499512079911519,0.49973705
0.49852733247435504,0.4984365
0.501296629358374,0.5014681
0.610802718381115,0.58492833
0.9375,0.9460297
0.86379107316517,0.8510098
0.954918245500399,0.94568104
0.49750156972143206,0.49902678
0.8277416698586431,0.830604
0.49852733247435504,0.4984431
0.49892143726581606,0.49956474
0.49837119725478,0.49935722
0.528317183357745,0.612197
0.513722649414737,0.51841384
0.9677949025829141,0.9688225
0.5178010756671491,0.50618374
0.56148190826037,0.5618504
0.8043641772140251,0.82413137
0.5006955946478261,0.50033045
0.9679027684258961,0.9697362
0.9806446707298191,0.9763132
0.500642846832961,0.50006783
0.9152844319913971,0.8975797
0.505654235387066,0.5050931
0.8245461183371461,0.84082615
0.761900986968537,0.74880856
0.5123805598029211,0.50855225
0.550651910038935,0.5368496
0.9258665665876461,0.9051913
0.49629177508381306,0.50162464
0.686608349312499,0.63532335
0.8734544123308071,0.76218355
0.49521460941190903,0.49847722
0.8256188428826161,0.80251443
0.9396018277856201,0.941051
0.49932753335914004,0.49906382
0.500558013856718,0.5001115
0.49763998039973306,0.4979117
0.6278142330972211,0.619363
0.49852733247435504,0.4984431
0.506733970499893,0.50101197
0.5017584392595871,0.49057737
0.498409922024635,0.49783224
0.548262038358709,0.53062165
0.501521060274143,0.50123215
0.501502943472516,0.50092447
0.989275421984355,0.983581
0.5006955946478261,0.50033045
0.5008236370590881,0.5044428
0.5157785446512541,0.5078189
0.782300097005979,0.85819983
0.918427230046948,0.9164896
0.49673077836830803,0.4975228
0.53634650806862,0.530896
0.9316237497719531,0.91672766
0.8303528728442181,0.8475651
0.9395833333333331,0.9400028
0.5253740137832851,0.50803214
0.50585813285074,0.51017034
0.853458776701408,0.8647881
0.5032767425251451,0.502736
1.0,1.0013713
0.5047226115804321,0.5053543
0.569359163476245,0.5742592
0.5087105761703501,0.50427073
0.881814413169093,0.88255006
0.498263375631296,0.49871784
0.501039859807004,0.5024919
0.9185257004471471,0.9156766
0.9738643435426011,0.97048825
0.7953535253449381,0.781396
0.8686538931436181,0.8468635
0.49947445958747605,0.4997874
0.498707601555666,0.5011892
0.498089484014516,0.50157607
0.812711530893348,0.77849585
0.499240349947895,0.50015306
0.8178367021657461,0.815993
0.500366546145096,0.50003743
0.936940136211685,0.95652926
0.49590731238057406,0.500006
0.508186742124023,0.50590307
0.49893353652929906,0.499065
0.5014244411815301,0.50242394
0.500316846678864,0.49906665
0.5014481944211401,0.50164413
0.8589124060742701,0.8442682
0.506902461127813,0.5083782
0.502088980303765,0.5003109
0.9296249487772531,0.8987251
0.50729940520104,0.501541
0.506551448597221,0.5026219
0.946909319482337,0.93621665
0.49893805928350604,0.49901685
0.9208173636656911,0.92682606
0.6718605339685481,0.7112409
0.504825813688346,0.5154079
0.49891511344259304,0.4994624
0.9447270168659481,0.95185256
0.908468838618083,0.9178067
0.52085239682531,0.5174892
0.49915527454453507,0.4997924
0.9206679940500191,0.91179806
0.9375,0.9532702
0.8964200540032821,0.88777614
0.501753034581885,0.49838626
0.97958277354829,0.9749957
0.504060008676797,0.50151116
0.49915527454453507,0.49939582
0.501092098721804,0.500927
0.9719773106304921,0.9708601
0.517541285298294,0.5196072
0.499580511765055,0.49932107
0.904217327082785,0.92533004
0.50001371170741,0.4999691
0.49925020236184503,0.4994824
0.5012948228396791,0.4990627
0.499381135713136,0.49938864
0.501575093810658,0.5022975
0.6638958530766931,0.6790366
0.49893805928350604,0.49978244
0.518261378124795,0.52024066
0.49721246958197907,0.5041082
0.500316846678864,0.49902374
1.0,0.99937266
0.500345496894614,0.49836132
0.500558013856718,0.5001115
0.49893805928350604,0.4990022
0.629278547352155,0.65214264
0.5295787297305931,0.52167153
0.5095751226161901,0.5081051
0.835095938783438,0.81921476
0.5898113938988471,0.63532335
0.962328530844156,0.96053827
1.0,0.996597
0.8603679214045971,0.8717589
0.496376090910342,0.49803686
0.497685388722554,0.49847898
0.720111448834853,0.73070776
0.9620123942307041,0.965252
0.505453416785526,0.50623095
0.942311942658927,0.94726616
0.50062715119181,0.5159672
0.9265936386772811,0.9423191
0.743666434405989,0.7298492
0.5044915963063561,0.5043794
0.8227347841297831,0.8202081
0.49227132232751303,0.5013003
0.5021745927094511,0.5027597
0.502088980303765,0.5005169
0.497340107129272,0.5001877
0.49866589658526905,0.49951127
0.640658308411931,0.636716
0.5038940519574321,0.5062401
0.8192932217041451,0.83803076
0.9222160138689901,0.91871136
0.8550791229242221,0.8716246
0.49994656236074503,0.4990883
0.706732128333392,0.6942577
0.7265507757160351,0.7752872
0.500558013856718,0.50051296
0.5048582809272,0.50721735
0.971046650855451,0.9736188
0.49187461855414305,0.4974767
0.774413286019993,0.7877828
0.514997949095887,0.53641534
0.5718277030702871,0.5968325
0.9590823970037451,0.95203155
0.49862299254934206,0.498868
0.9480286738351251,0.9564297
0.49776259943022905,0.5010569
0.49864276235077304,0.5023693
0.500345496894614,0.49836132
0.7413690476190471,0.7419053
0.49922349136945404,0.49997038
0.74955016942133,0.78182775
0.5112591306148571,0.5073193
0.56555926213089,0.7203298
0.8663252863215091,0.8776822
0.572081006488672,0.5739198
0.9299481624377791,0.8953069
0.506143288738248,0.5026693
0.9282491094485581,0.9305633
0.501073859387226,0.50098014
0.49750156972143206,0.49899098
0.816048300761772,0.8149745
0.49844358586777904,0.50025445
0.9560803034658161,0.9633435
0.49915527454453507,0.49939582
0.941736694677871,0.94263476
0.973717948717948,0.73518634
1.0,1.0001081
0.9375,0.9405379
0.514695689587593,0.5121784
0.48472799246608705,0.50588745
0.502725424389006,0.5018646
0.947988416114753,0.9386662
0.9480286738351251,0.9425883
0.49169321581483705,0.5052752
0.49947056058802203,0.48853943
0.5019054264316231,0.4980848
0.49889943051422503,0.49944937
0.49804523428894004,0.4988767
0.8468338399189461,0.847242
0.503702571207955,0.49958688
0.49970386444477105,0.4991116
0.500573224566362,0.4993552
0.5126379269712951,0.5142837
0.947960543223872,0.95652926
0.502387797838383,0.4977171
0.943818238786124,0.9403567
0.9375,0.93445754
0.578727187472434,0.6251335
0.9411344932862481,0.94144833
1.0,0.9988521
0.877678818311549,0.8734074
0.5312039642796881,0.55643517
0.6335583735401491,0.62976795
0.50361339539577,0.4994566
0.49983373386925406,0.5007422
0.498713552170488,0.49842805
0.49893805928350604,0.4993475
0.5091365244285581,0.5081051
0.703903190658934,0.7021102
0.8575821629323741,0.85758716
0.7804675070646011,0.77903503
0.530852779066039,0.5211278
0.95762840445939,0.9487163
0.501753034581885,0.49838626
0.574311837871135,0.64320743
0.535389929676767,0.5262324
0.6965254806450311,0.6663746
0.49893805928350604,0.4989956
0.9349920292274071,0.9421053
0.50002312641829,0.5001026
0.9832885176497511,0.9764379
0.836706129834015,0.84843504
0.8871457600692151,0.8860536
0.49187461855414305,0.4974767
0.49947445958747605,0.4997874
0.783247050110743,0.7756371
0.9321437820288111,0.9092764
0.498263375631296,0.49872443
0.497483394404772,0.49896136
0.5107500965829941,0.50004846
0.506556464298073,0.50313497
0.9266107159454091,0.9060236
1.0,0.99855304
0.9556977797258921,0.9214983
0.8244563777424301,0.7988826
0.823638638101418,0.8280009
0.9501334942660761,0.9409608
0.751666666666666,0.75171554
0.516129368385104,0.5075074
0.5222092384196481,0.5010566
0.7325480946893,0.7571491
0.501531879812377,0.49014598
0.49934563800066806,0.49887493
0.924636732506057,0.9165763
0.49796061978022405,0.4994524
0.511714990926265,0.5067623
0.503058335837557,0.50034463
0.499080687231277,0.5007883
0.502375772524553,0.5022783
0.50483068137814,0.5051956
0.49802702381370806,0.53361696
0.50084213525049,0.50090396
0.6830496816238261,0.69711053
0.5002878058029441,0.49982435
0.501357735780665,0.49938816
0.9670673277362191,0.9252653
0.873378581241232,0.88330615
0.49882357436603403,0.5050412
0.9205098206387141,0.91212845
0.49972792679134503,0.50438064
0.49812934180793705,0.49887756
0.8415560554728531,0.8472804
0.5112906204108201,0.5163576
0.49990608997482505,0.49906665
1.0,1.0000772
0.5211112223806651,0.5224157
0.942176834613287,0.9535045
0.5112591306148571,0.5073193
0.498263375631296,0.49871784
0.500366546145096,0.50003743
0.912851836692204,0.928867
0.5004044770249161,0.5003689
0.5293865056265681,0.5208368
0.49811173289433003,0.49859917
0.8387174605093091,0.8625659
0.9240390831897131,0.9275716
0.8391812202651381,0.849464
0.5008236370590881,0.50349015
0.50540879413567,0.5030958
0.499378615141481,0.5005888
0.511040367818107,0.50104964
0.8225472270699581,0.84086066
0.49862299254934206,0.4988322
0.9460247600092441,0.9480093
0.499648936267201,0.5001493
0.8567547140893371,0.8813551
0.5258756530557881,0.540769
0.501730502596727,0.5036949
0.497685388722554,0.49847898
0.500875257432965,0.5035336
0.610763407687906,0.5750432
0.540962627303308,0.55052793
0.493204008775297,0.5022783
0.8691240700514381,0.87489927
0.8923892495155971,0.89685416
0.499648936267201,0.500503
0.866074422371026,0.8373208
0.916072563384785,0.9121065
0.5666120253512801,0.56681025
0.9469192310374911,0.9547403
0.500521691225922,0.47565022
0.500323675707262,0.5001605
0.8336621523839061,0.83935523
0.5019054264316231,0.49832037
0.501730502596727,0.50122905
0.502780965594189,0.5070186
0.500380311865968,0.5047149
0.964014534277924,0.9662632
0.49915527454453507,0.4994397
0.5073311892383681,0.50281346
0.513847809635644,0.51011443
0.5052246039975821,0.5031822
0.49990608997482505,0.49946794
0.8545893719806761,0.79066265
0.497209265584415,0.498414
0.804950990882444,0.8174574
0.526028856880411,0.51845366
0.5269524892264631,0.5166022
0.8441906605050381,0.84671086
0.501189593925318,0.50295013
0.49725182284990604,0.5016087
0.495650128515338,0.50003016
0.511013785206448,0.5064684
0.49922349136945404,0.50015163
0.928141056437615,0.8764268
0.9227619432663391,0.921373
0.5010020432359751,0.49920803
0.848255595910252,0.8332237
0.49918770066295604,0.4992347
0.508737747738299,0.5052752
0.938761850105689,0.93407875
0.491724624786024,0.4958509
0.5004031956281041,0.50021666
0.9263216109071981,0.8964111
0.529638281715071,0.53424776
0.9375,0.9373984
1.0,1.0076367
0.500642846832961,0.5000971
0.501298943348574,0.5014303
0.74526642355421,0.76675826
0.502081532223429,0.5011955
0.500196483219839,0.50008357
0.912586742535572,0.9047199
0.9784699036964931,0.9952308
0.927225293515722,0.9129592
0.5019054264316231,0.4980848
0.500728741052317,0.4988291
0.9906623513407541,0.97392654
0.5032767425251451,0.5014397
0.501949755440659,0.50003016
0.500323675707262,0.49992493
0.5011309865591881,0.49832287
0.51487276533711,0.50947183
0.49934563800066806,0.49889618
0.5026221688783851,0.5043713
0.892578888087296,0.87275755
0.501193881350131,0.52051795
0.9452310319814261,0.94180864
0.7506127450980391,0.7381256
0.8796081505298461,0.90631425
0.8009001553282481,0.80513984
0.938302865776897,0.93039453
0.873555489141262,0.8781289
0.9492767855718581,0.80388004
0.8699839511013191,0.8664568
0.8719164909400231,0.87350816
0.8391284699572501,0.8514664
0.49743234425435406,0.50281876
0.49804523428894004,0.49880952
0.49965957597160304,0.50116736
1.0,0.9833122
0.508245571023283,0.5048708
0.7136464760343341,0.69908684
0.500728741052317,0.49902886
0.499648936267201,0.50010645
0.9532707696231901,0.9566683
0.9237982805801531,0.90177304
0.502600199132773,0.49869597
0.99076812076812,0.9642589
0.7772804150844751,0.79296035
0.49811173289433003,0.49819794
0.49862299254934206,0.498868
0.49610386033885107,0.5019674
0.985907766163949,0.97417545
0.582395530677973,0.5966166
0.5007320340614371,0.5004754
0.49856468182859903,0.5018127
0.844907706310114,0.85760623
0.9236753721814511,0.90642786
0.49859940733232705,0.5101767
0.49861589478299906,0.50040406
0.883691756272401,0.8863802
0.496202075690561,0.49615404
0.507118985088789,0.5007623
0.8492800469485101,0.8561231
1.0,0.99652207
0.9019101425881081,0.9024159
0.859745690769078,0.81843245
0.526241977996564,0.580261
0.9639856019721591,0.96416575
0.495611661615788,0.49780563
0.49746336079752,0.51812965
0.5337434965660101,0.5213422
0.49980941394073103,0.50221366
0.9049834255000041,0.9043147
0.5297204674793741,0.52099663
0.502060591292537,0.49905178
0.960989462846739,0.9541364
0.5131071175726031,0.50702435
0.501215931720999,0.49771187
0.53650303210216,0.528083
0.7368981709698951,0.730036
0.5987433429123891,0.69161534
0.503728086335959,0.50367254
0.500380311865968,0.5002874
0.941736694677871,0.91860694
0.501356650286916,0.50110096
0.829741733199792,0.8442309
0.5029645279249031,0.5023693
0.49852733247435504,0.49878845
0.8421948743614981,0.85278326
1.0,0.99899185
0.49972792679134503,0.50438064
0.919642134978578,0.918576
0.49918770066295604,0.4992347
0.878401344303484,0.88341624
0.5290402564834691,0.52505994
0.49889943051422503,0.49906358
0.504851510250524,0.5041185
0.675235391059618,0.6973013
0.49514659565078906,0.5026052
0.8746470660308521,0.85833204
0.858609609544099,0.8581182
0.8866876616230891,0.88534236
0.5012948228396791,0.49912298
0.9269098720260971,0.9352828
0.6653625366004,0.6525167
0.9585818810231891,0.95109725
0.49925020236184503,0.4994466
0.804707511420356,0.818786
0.512476740784511,0.5131317
0.501229055294669,0.5013236
0.49794772754909905,0.49979985
0.497209265584415,0.4984088
0.501743673165247,0.4992094
0.502924408777583,0.5056739
0.498713552170488,0.4984493
0.499080687231277,0.49974903
0.5000246356233471,0.49889192
0.49734644264454203,0.49839282
0.5559756097560971,0.63330215
0.922898002997351,0.9258611
0.833493407470947,0.7808549
0.8583650850880211,0.8393084
0.864814814814814,0.86298686
0.7190029353751151,0.77110535
0.8445894320653181,0.8492896
0.6395296167247381,0.636716
0.503058335837557,0.50034463
0.8388030216672411,0.8451055
0.502387797838383,0.49753585
0.501084135977494,0.5025035
0.49895693491174103,0.49984765
0.955627188793378,0.9572833
0.9223457758909661,0.93212557
0.5204036083401891,0.5251755
0.500708693152706,0.49981773
0.6495816312610201,0.6584777
0.506662353824489,0.5082476
0.578054086128815,0.5985495
0.9026973647284471,0.91957814
0.49970386444477105,0.49868476
0.9868370064809401,0.9743847
0.5002438213061551,0.50003016
0.495188167333284,0.49874374
0.49852733247435504,0.4984431
0.822438040069934,0.74535817
0.731455694654995,0.7546883
0.7548940095137551,0.7774142
0.582505345991504,0.59717053
0.855252286056964,0.86326736
0.746869482053069,0.76778734
0.9737853709684541,0.96862453
0.5071192529856681,0.50721735
0.9334458688925541,0.95753187
0.5004044770249161,0.5003689
0.571146743908038,0.63557404
0.501229055294669,0.5013236
0.49844358586777904,0.50025445
0.9633208689458681,0.9625185
0.49811173289433003,0.4982026
0.500920042062183,0.49998894
0.49439591710253006,0.49959898
0.589929192923588,0.59133273
0.9349410526418911,0.9403276
0.5022111382681821,0.5015205
0.574390058266896,0.58381784
0.9260442694366011,0.92047596
0.5167317033444461,0.61910135
0.8586805937974491,0.8647147
0.499827204468106,0.49876493
0.9472298424425851,0.9580142
0.49983992584833503,0.4992577
0.977343006477241,0.9709092
0.500510631321905,0.5002477
0.91096138472899,0.90609163
0.8887916533136311,0.885149
0.835309627985642,0.82623166
0.9176304653260291,0.9006997
0.49947445958747605,0.4997808
0.501753034581885,0.49838626
0.500810247184957,0.49739587
0.961433631595457,0.95141566
0.506958683192515,0.5027623
0.6468361580163221,0.7277288
0.644974567702966,0.70659304
0.630250747642051,0.6315601
0.8840551444009601,0.8779018
0.500454067453571,0.5001839
0.7227658154969051,0.72330296
0.513914774182285,0.5029787
0.49835246090225205,0.4990917
0.9328154103778311,0.90770954
0.49862299254934206,0.498868
0.499378615141481,0.50101745
0.919341009703129,0.90004516
0.941736694677871,0.94888234
0.6272215413199,0.62224054
0.886503928661816,0.87333584
0.5008236370590881,0.5044428
0.49934563800066806,0.49887493
0.7650549584198261,0.7767992
0.49893353652929906,0.49873427
0.5002623458294411,0.50006783
0.6276139315858941,0.63673484
0.9443033558898921,0.93721384
0.49385255559440006,0.5031425
0.501285586197474,0.49737763
0.530839481269131,0.52785355
0.517989812475106,0.50745976
0.9814320842556131,0.9791714
0.918725635180452,0.92864716
0.502623669208216,0.5048784
0.863727521591453,0.8625342
0.500695032837249,0.50048614
0.7733472153384321,0.7532798
0.502686175915493,0.5015814
0.5036822624921871,0.5024919
0.989886219974715,0.9932044
0.5002878058029441,0.4998456
0.491724624786024,0.4958509
0.519036560661561,0.51860994
0.501610266277696,0.49980718
0.9045200645976821,0.89977586
0.9046811763336831,0.88138837
0.49809345005821803,0.5001181
0.760289740874589,0.72758275
0.512143459733095,0.49760944
0.8810859099683781,0.8551326
0.8627221044568071,0.8044227
0.501743283943045,0.50823474
0.5231023812550211,0.5009709
0.9366998608149081,0.93293345
0.507208214324777,0.5016458
0.49514659565078906,0.5026052
0.49625389137576004,0.49987903
0.503149997751625,0.500646
0.5008236370590881,0.5017404
0.5134369611162171,0.51639634
0.49932753335914004,0.49906382
0.5016634730281551,0.50024474
0.500565197105398,0.49902308
0.501486968280562,0.4997325
0.497209265584415,0.49847376
0.496202075690561,0.4957498
0.6560923718506431,0.6515373
0.973305955556031,0.9710829
0.5032767425251451,0.5015475
0.564484068284841,0.55498976
0.505050087841835,0.49905178
0.517246693925109,0.5187161
0.8822174512787441,0.87150604
0.9303283423344281,0.94709444
0.5037753590866291,0.50204825
0.5000249731831891,0.5000354
0.892178852536442,0.8886179
0.495188167333284,0.49934363
0.8356504454309951,0.80847543
0.49620370484067805,0.49950722
0.8287519115601181,0.81264085
0.50001371170741,0.50037056
0.5226848134734,0.44697598
0.502239977580721,0.4993214
0.8959284100961191,0.89164
0.9352265792073181,0.941051
0.9509016743631531,0.9479924
0.513518095382108,0.5118486
0.50052093191691,0.50132304
0.9482402857969181,0.94084513
0.944829665453451,0.9347386
0.500239914586007,0.4995896
0.9761012980837751,0.9697154
0.8933440628806111,0.87553865
0.965944721330773,0.89504004
0.503799877326045,0.5054045
0.526238320507998,0.54438406
0.5733539682651431,0.6115344
0.8522925055348901,0.85455686
0.892636960296128,0.9134939
0.97009657009657,0.9693062
0.500208339214831,0.5012127
0.8663490283092871,0.87106144
0.638960412658329,0.67732614
0.500923933778572,0.5007369
0.49717805727789005,0.49841332
0.805135323542383,0.80388224
0.5050134939010971,0.50243545
0.517537944203553,0.51631874
0.500708693152706,0.49943763
0.504979644237129,0.50592405
0.5078002600278321,0.51105136
0.9050987315068231,0.9058326
0.5077685292623391,0.4996555
0.925444766778399,0.91753495
0.501527412647054,0.5005862
0.498713552170488,0.4984493
0.784007090787146,0.7852823
0.49934563800066806,0.49889618
0.49734644264454203,0.49839282
0.797191819961343,0.7430206
0.7648944586881651,0.74754447
0.5004227315494191,0.50074524
0.561897725436328,0.5526859
0.49781613799915103,0.49929705
0.8761363680188111,0.8764204
0.9044316079037731,0.8448414
0.49598768279598904,0.4990669
0.8699839511013191,0.8695621
0.941879050910663,0.9064781
0.509423915152425,0.51342195
0.49932753335914004,0.49905723
0.655219847299642,0.7185486
0.971540593909014,0.9776504
1.0,1.005207
0.7580969892395051,0.77842784
0.9861823361823361,0.98912627
0.519725779621613,0.50893855
0.502503087408384,0.50153327
0.487872102992473,0.49767122
0.50239928536267,0.5042339
0.49333263125343,0.4979917
0.501296629358374,0.50017184
0.976313347588419,0.979266
0.510609142104126,0.51219165
0.49866589658526905,0.49973428
0.502088980303765,0.5010887
0.551490420354678,0.55610293
0.639213909847492,0.5624118
0.8657678669662201,0.8556191
0.5082562574949601,0.50677854
0.7873118395188181,0.7937558
0.5019662323656711,0.50663906
0.9700844669460841,0.95813394
0.500744778858481,0.5026633
0.5099543097462831,0.53128916
0.49963142192520704,0.5005427
0.9814320842556131,0.97947186
0.5006955946478261,0.50033045
0.49474996850988506,0.50097823
0.499906874516633,0.50123215
0.5630757780859731,0.56406504
0.506902461127813,0.5086252
0.8556653445898571,0.8039084
0.8192998338114421,0.8346882
0.9737804388080121,0.96892786
0.9572420627601781,0.9731275
0.5947574740461771,0.593463
0.49852733247435504,0.49845776
0.500573224566362,0.4993552
0.502677133111139,0.5025406
0.9053994010135971,0.8892956
0.511957380080406,0.51670396
0.5007528412883491,0.50067973
0.9321273422135141,0.9307102
0.745250777294428,0.7228183
0.9509914799216701,0.93505794
0.498263375631296,0.49871784
0.501264528684604,0.5003857
0.502503087408384,0.50153327
0.68186319046526,0.7047023
0.794688180878898,0.8059518
0.497316292883663,0.49910346
0.500690497842005,0.5026052
0.5210370582729741,0.5085918
0.5012948228396791,0.4990627
0.8948067632850241,0.8855532
0.5666120253512801,0.5674623
0.498710088988551,0.496369
0.504389555201746,0.50101197
0.502503087408384,0.50153327
0.5258567300750691,0.5332179
0.881265691393158,0.8805168
0.502895922392361,0.50464696
0.5017697171374771,0.5018127
0.5035194263324471,0.48969418
0.87384195125575,0.88623786
0.5006955946478261,0.50030917
0.49866589658526905,0.49973428
1.0,0.9961899
0.9395833333333331,0.94587153
0.910203086638226,0.92864716
0.49227132232751303,0.5013003
0.5309832680898451,0.5422142
0.496682386908857,0.49876493
0.515245434267221,0.5066234
0.5012948228396791,0.49932107
0.9375,0.9527179
0.5273786912510741,0.5305557
0.49459843295655503,0.49897677
0.49474996850988506,0.50097823
0.5718277030702871,0.59575343
0.8294360254677711,0.83207226
0.9860502079619721,1.0139263
0.880066335825449,0.8710382
0.504481530931859,0.50313246
0.978875283446712,0.97973615
0.5613099812090471,0.5641722
0.9884415775288791,0.9816974
0.9719518849206351,0.9765012
0.9805420601701511,0.98193145
0.49990608997482505,0.49902374
1.0,1.0009961
0.9803112049417471,0.9790513
0.9210613192017941,0.9282555
0.8548219016288441,0.86921513
0.8827818570968131,0.90502584
0.8383757984852841,0.84841675
0.498263375631296,0.49906984
0.869132948376773,0.8754989
0.847151982074212,0.8422671
0.834278753168705,0.8390766
0.5927056131479981,0.59644866
0.501073859387226,0.5008397
0.9130346796041161,0.92881393
0.49187461855414305,0.4974767
0.49823317499747805,0.49968734
0.500935667194736,0.49887756
0.5138293481436861,0.5132506
0.908586309523809,0.9011814
0.9227061317540671,0.91922826
0.50034340695635,0.49917942
0.9608899647060771,0.96870714
0.498713552170488,0.49878004
0.6085243887764891,0.56870764
0.500511544482512,0.4991274
0.6943593173651551,0.712296
0.49925020236184503,0.4994824
0.9394856129905351,0.90778416
0.5006955946478261,0.50030917
0.817211015492585,0.8087911
0.499080687231277,0.49970612
0.8317408347999291,0.8123318
0.500345496894614,0.49836132
0.51887843089407,0.5195474
0.500728741052317,0.49906465
0.520710341762338,0.51713395
0.504635270682941,0.50358886
0.8141673772355591,0.85678756
0.905479821457362,0.9150599
0.500912125521858,0.4985098
1.0,0.99930775
0.5007841294916691,0.5019308
0.586335073389969,0.61759204
0.5047226115804321,0.5053543
0.49854734973614906,0.49880666
0.503058335837557,0.50034463
0.9277962453866481,0.8255909
0.503248091090534,0.5000622
0.5123486292943891,0.49998164
0.5048582809272,0.5051672
0.825655237771428,0.7956774
0.5339798123039611,0.5213528
0.499444879647826,0.49902886
0.503248091090534,0.5000622
0.503058335837557,0.50034463
0.9668185148185151,0.96862483
0.9861823361823361,0.9834756
0.896246145735987,0.91099477
0.9438202247191011,0.9403488
0.501762493715577,0.5016072
0.906788897804312,0.9006449
0.49999887830050804,0.5017385
0.9260683760683761,0.91452086
1.0,0.9962174
0.945019375677644,0.9507819
0.9579015928222271,0.94288266
0.5303004495504491,0.5275372
1.0,1.0068301
0.9282091958934191,0.93549585
1.0,0.99641734
0.49405649757381703,0.50043416
0.511532069834103,0.5226171
0.819208861449451,0.83851904
0.87539798747578,0.8730417
0.958926214928648,0.9656079
0.5052246039975821,0.5029352
0.507018479152022,0.5056007
0.959408618974759,0.9476768
0.9016455624506321,0.9203174
0.8629568710569471,0.85983914
0.975427360135323,0.9732666
0.832217967439817,0.83588654
0.8415240404247061,0.8479204
0.9890742363139841,0.98522085
0.49892143726581606,0.49873653
0.8659652603055841,0.84925747
0.8772862997077141,0.8748462
0.497659473213426,0.5006178
0.49854734973614906,0.4974767
0.498713552170488,0.4984493
0.49492820188722203,0.5005059
0.496682386908857,0.4989873
0.937734277860328,0.93570924
0.7413690476190471,0.7524476
0.928716125547539,0.91923183
0.530624109345275,0.52209514
0.9313134219330361,0.9336704
0.8526878271636671,0.8433464
0.972987766462826,0.9687956
0.499580511765055,0.49932107
0.8873902199231791,0.8853364
0.5052246039975821,0.5031822
0.8882157503640631,0.87089556
0.8089403018341471,0.80388224
0.497483394404772,0.49896657
0.517053184768109,0.5137981
0.941736694677871,0.92505527
0.8141673772355591,0.85076404
0.49675294502618206,0.49895254
0.663925630833547,0.6350353
0.8668548317909051,0.8608279
0.49577822637074903,0.50003016
0.498640900853885,0.49921
0.823540483174339,0.84869784
0.511818086196658,0.5016815
0.51869526615518,0.51912874
0.501590801559402,0.5015347
0.9188463096203481,0.88593113
0.7648944586881651,0.7585872
0.7862602092563921,0.7795973
0.911691348146312,0.9136673
0.9453475364246671,0.9382008
0.49947445958747605,0.4997808
0.5018265560556701,0.5004641
0.96016210806982,0.84602374
0.846505466244246,0.8418006
0.9598341647921811,0.9641789
0.49971191282109806,0.49926883
0.523303764554783,0.6165026
0.499588444237948,0.49951947
0.500454067453571,0.5005358
0.897197695154291,0.90680945
0.50354216440414,0.46162647
0.619972061183378,0.63003165
0.500728741052317,0.4988291
0.7404101108363821,0.70710534
0.500558013856718,0.50011814
0.500642846832961,0.5000971
0.992878028404344,0.98966163
0.495611661615788,0.49772152
0.495054503265048,0.5010063
0.5043466547254041,0.5025846
0.49463047658701004,0.4990883
0.938708091178396,0.775908
0.5121101412695881,0.51116115
0.502172743103364,0.5013325
0.500323675707262,0.5001605
0.7180705884099531,0.72501415
0.499512079911519,0.5001384
0.49835246090225205,0.499493
0.498713552170488,0.49842805
0.520620187906916,0.5387695
0.502686175915493,0.5017869
0.5807203820485071,0.5787175
0.9085396192910971,0.9066507
0.497483394404772,0.49896657
0.8168938427826381,0.85261506
0.49978137132874106,0.5015575
0.9480286738351251,0.94759977
0.498042911677041,0.49863774
0.501949755440659,0.50003016
0.931800712919667,0.90687853
0.9328178615971721,0.944773
0.49652035514771403,0.49593705
0.989886219974715,0.9898057
0.49972792679134503,0.50438064
0.49260178355186907,0.49910346
0.5002719594445081,0.49980992
0.9649022978706341,0.96858203
0.9350121003942391,0.9223195
0.5026253856196901,0.5075818
0.933840636896317,0.9387983
0.5037753590866291,0.50204825
0.49990608997482505,0.49906665
0.8495491595359491,0.8379562
0.80985065055376,0.7970788
0.7954372445858381,0.77506626
0.983645681129486,0.9726812
0.49621292099906206,0.4999525
0.849423584137156,0.8170667
0.984918850289875,0.98279387
0.499827204468106,0.49910766
0.9260683760683761,0.92005634
0.624396899396899,0.58872277
0.8249936558701191,0.8322612
0.87577413093121,0.8753009
0.947320463731645,0.94144833
1.0,0.98718905
0.835095938783438,0.82944167
0.500380311865968,0.5006393
0.49835246090225205,0.49909633
0.9770241887858181,0.9688225
0.655112862916672,0.7032057
0.6891041027178031,0.70245004
0.507708767787874,0.501798
0.931921840129836,0.94095093
0.491724624786024,0.4958509
0.8547368937702671,0.84724104
0.498409922024635,0.49786803
0.502261347221173,0.50281876
0.849633226225134,0.8470089
0.49459843295655503,0.49897677
0.9451746111520141,0.94357693
0.5019054264316231,0.49828458
0.5076206740804,0.49679303
0.7953818211238111,0.8035057
0.9040060120406761,0.9081807
0.5080433483176551,0.50208366
0.560155300596848,0.55789596
0.9322131689567451,0.94567245
0.963732179371052,0.9718873
1.0,1.0005987
0.49481148203849507,0.501541
0.9602519290063951,0.95813394
0.501610266277696,0.49961996
0.5002623458294411,0.5000532
0.5017649901662691,0.4995716
0.500316846678864,0.49902374
0.49947445958747605,0.4997808
0.778588182113607,0.77678835
0.8981491372429181,0.9077076
0.49349115396150106,0.49959898
0.9860633497957441,0.9747478
0.5227121777988051,0.5297906
0.916956925333525,0.9120001
0.743930739661355,0.73050225
0.9088988975245481,0.9181512
0.912231805387516,0.9225654
0.499648936267201,0.50010175
0.5342080078469761,0.5260801
0.9480286738351251,0.94628274
0.532685841052256,0.52410936
0.49971191282109806,0.50003433
0.505338978201763,0.50892997
0.9879353233830841,0.98431015
1.0,0.9960029
0.9138443755193931,0.9118863
0.499745275795049,0.5006833
0.5807203820485071,0.5787175
0.5026221688783851,0.5034186
0.502088980303765,0.5005169
0.53045412452685,0.5265365
0.49852733247435504,0.49746868
0.5012948228396791,0.4990627
0.9601715686274501,0.9622466
0.500711934936789,0.50141776
0.743810185357464,0.74168
0.880995317810584,0.8693752
0.5421010902748671,0.5674186
0.891558102749963,0.7022128
0.8683886772167301,0.8756825
0.5080343646583391,0.50763565
0.504057160233192,0.5026219
0.636885592324922,0.64014757
0.9001250369207261,0.90500706
0.495188167333284,0.49924198
0.9626234291878331,0.95652926
0.523257739657574,0.52131563
0.63879269480775,0.66966045
0.49781613799915103,0.49929705
0.49198630188903203,0.4975067
0.5019054264316231,0.49832037
0.509983431467503,0.5063912
0.49961331205424103,0.50126255
0.540055544247043,0.5320298
0.9343604108309991,0.93350697
0.9150183148588211,0.9259953
0.500239914586007,0.4994824
0.49963142192520704,0.50006634
0.630250747642051,0.6317058
1.0,0.99594206
1.0,0.9718774
0.924320098304474,0.8911755
0.5117977892087541,0.51209235
0.9097635120851331,0.83847064
0.5050787237923421,0.5048348
0.515010946907498,0.5438607
0.49993347492712303,0.49867147
0.499192032797281,0.49925202
0.9069235140510351,0.9084842
0.513458249530658,0.5024919
0.499940690175654,0.50053746
0.5656365002025471,0.56500745
1.0,1.0059164
0.6782410388682171,0.72342366
0.7699146192267251,0.78785443
0.501313556737031,0.49994725
0.9706042060718171,0.96332294
0.8362785484520201,0.845979
0.500558013856718,0.5001115
0.8831069358480501,0.8817255
0.49892143726581606,0.49874312
0.9918699186991871,0.99362916
0.5002285555676,0.49937746
0.9280329591326901,0.9347386
0.507611294250909,0.50961775
0.500196483219839,0.50011283
0.49866589658526905,0.49949872
0.542823157944569,0.54783726
0.500198746867463,0.5034301
0.858471862360177,0.8397982
0.506389842864726,0.5073685
0.49675294502618206,0.49895254
0.497483394404772,0.49899715
0.502924408777583,0.5056739
0.505495127165774,0.5009473
0.513267514518554,0.5069499
0.9970588235294111,0.9991614
0.5020801914810781,0.50171924
0.9279162366568171,0.9470969
0.49979369971931603,0.50034
0.9375,0.9415146
1.0,1.0072458
0.5116594831619591,0.4967329
0.912469492942611,0.92774504
0.5144889905105661,0.5047971
0.5148857812215281,0.50004846
0.864814814814814,0.86298686
0.9901053592795671,0.9560586
0.552069543470955,0.54436916
0.49872768328390704,0.49910346
0.499244539474444,0.5010792
0.9235411545037321,0.919308
0.7381075386754951,0.7230657
0.8838474686658131,0.88574106
0.9343604108309991,0.9411783
0.5012948228396791,0.49912298
0.538576300438637,0.53166926
1.0,0.9990387
0.502775535495777,0.5076076
0.499827204468106,0.49902308
0.52534116172468,0.58225876
0.8725828928129191,0.84197164
0.5947574740461771,0.59380674
0.511690692642727,0.5132951
1.0,0.9967625
0.9753306560383691,0.9711569
0.497209265584415,0.4984549
0.924536937942089,0.9175997
0.9967467467467461,0.9874641
0.7413690476190471,0.74150354
0.498769981174049,0.49797642
0.502387797838383,0.49753585
0.6452473269282301,0.6464093
0.769906213899574,0.7832882
0.6876085168850291,0.6661531
0.5002878058029441,0.4998456
0.7122772018772241,0.67293286
0.7269873466687461,0.73377836
0.5002158827156921,0.49959344
0.7413690476190471,0.75370574
0.8432674657807231,0.8471507
0.538082496878995,0.540566
0.9554334802102581,0.9653219
0.5997310740426931,0.56171316
0.49260178355186907,0.49910346
0.500366546145096,0.50003743
0.5008236370590881,0.50075746
1.0,0.99789035
0.507250485598968,0.5033517
0.49893353652929906,0.4987196
0.979190186210337,0.9691792
0.853449825600589,0.8541798
0.94645838653918,0.89886475
0.500119604378338,0.50130606
0.886809217816361,0.89296615
0.5113656838250831,0.543237
0.49932753335914004,0.49906382
0.501559668982286,0.5006946
0.6653625366004,0.65325534
0.909829776160445,0.9265727
0.522388033891887,0.5189398
0.49964772878436603,0.47374827
0.49953512061744804,0.5047833
0.534862155940745,0.53899884
0.49866589658526905,0.49973428
0.9358926004551,0.9453828
0.501527412647054,0.50106734
0.499080687231277,0.49974903
0.517053184768109,0.5137981
0.8845522689507651,0.8765357
0.7186277892799631,0.7497292
0.49227132232751303,0.5013003
0.5030186771561991,0.50003016
0.5000249731831891,0.5000354
0.49188382856274904,0.50215316
0.5021745927094511,0.50208974
1.0,1.0001315
0.9395098600221261,0.942208
0.5118027846530491,0.5099574
0.908727947454486,0.91832465
0.614932400749718,0.6058663
0.5034877628119611,0.5022809
0.849828444722681,0.85918456
0.49852733247435504,0.4984431
0.9683727623031511,0.968973
0.5008236370590881,0.5004441
0.500728741052317,0.49902886
0.864814814814814,0.86219764
0.49654998001424006,0.5021662
0.501730502596727,0.50274223
0.9480286738351251,0.94423574
0.504060008676797,0.50147533
0.510276774187123,0.5029305
0.9216413618587531,0.9048968
0.8691696230818021,0.85621774
0.49855952079285804,0.49897018
0.49886676557566406,0.5002667
0.917208187683724,0.9256652
0.9477173257365,0.94568104
0.5246941388078941,0.52708477
0.49578111244384504,0.50003016
0.597521666692515,0.6652984
0.501869467036921,0.49970907
0.9534104207160431,0.9664026
0.543260596347665,0.5332666
0.9216413618587531,0.8997086
0.502600199132773,0.49829173
0.582183021764611,0.6033068
0.54328014005913,0.57990074
0.8499999999999991,0.83789384
0.837353763585667,0.840042
0.76648989764343,0.748888
0.512238632337754,0.51239604
0.5029536444288281,0.50314873
0.9597102688977681,0.9664147
0.6221918757304781,0.6095914
0.9122366795662251,0.92886835
0.500949894442691,0.501058
0.5080137762480881,0.5140156
0.9813207561339381,0.9763111
0.5006955946478261,0.50030917
0.501642963899088,0.50213456
0.503749774589987,0.5006946
0.501730502596727,0.50174755
0.8664280681414631,0.8652863
0.6057142769246201,0.76396084
0.7820076027162941,0.7837518
0.500237754817213,0.50139225
0.516421905926154,0.50927967
0.902789053898522,0.8877868
0.909986340728216,0.92186385
0.76650119981417,0.7884052
0.573259415768126,0.5772117
0.49463047658701004,0.49868402
0.7191269101187111,0.67172873
0.8358371390079921,0.8546042
0.9072886138271621,0.9066919
0.580782135059701,0.5857904
0.9613293419939831,0.96706283
0.49971191282109806,0.49924758
0.49452610807296704,0.50140274
0.8467821168909181,0.8882887
0.49074469866888504,0.50055325
0.500119604378338,0.50122195
0.500699004349489,0.5004242
0.921526910511066,0.92070013
0.49227132232751303,0.5013003
1.0,0.99961245
0.501092098721804,0.50132823
0.8944121245851041,0.8957782
0.8567547140893371,0.89075994
0.9680198495581611,0.91340286
0.49763998039973306,0.49426547
0.502212745753666,0.5056269
0.506565213184586,0.5023667
0.531448672965064,0.58636457
0.8777097815095171,0.87325567
0.500316846678864,0.4990676
0.5004070501062431,0.5003408
0.547823610175451,0.5285089
0.49438068851743605,0.5023667
0.5002623458294411,0.50004435
0.6011700268287881,0.6080632
0.5040623068807251,0.49804452
0.9231269544670031,0.9026551
0.858575702318181,0.8539894
0.534786954268032,0.5228619
0.8170747509353421,0.8354168
0.501641203102362,0.5010074
0.501610266277696,0.4995233
0.8112535612535611,0.82243145
0.5042232853060871,0.5041644
0.5196244017509101,0.51300347
0.5093818814794241,0.50605494
0.5975324578160061,0.6033068
0.49983992584833503,0.49925867
0.658082053408342,0.69215655
0.9518351060703991,0.9449457
0.548759064956839,0.58485484
0.501073859387226,0.50101715
0.503781559922796,0.5056242
0.9101684497840821,0.88285875
0.5082562574949601,0.50677854
0.52295303076553,0.5029352
0.501727262755088,0.500381
0.7514926891001391,0.7278083
0.49866589658526905,0.4996985
0.49988837093825506,0.5000672
0.5162478143502991,0.5327959
0.598364709347436,0.5980691
0.838475275071326,0.8464701
0.8469530357053741,0.8388667
1.0,0.99820775
0.499354866055418,0.49899715
1.0,0.9992947
0.964573139146043,0.9418618
0.499535901604897,0.5026693
0.5007528412883491,0.50067973
0.50001371170741,0.50037056
0.49983373386925406,0.5007422
0.509253151669916,0.5001181
0.497483394404772,0.49899715
0.503845197848346,0.5108523
0.9803112049417471,0.9790513
0.9436557749210681,0.96008056
0.5000249731831891,0.4999996
0.501460164601713,0.5030702
0.9122366795662251,0.9328572
0.501035434220469,0.50026786
0.7506127450980391,0.7380277
0.699801587301587,0.73521286
0.506907388769062,0.51398313
0.49449669402940405,0.5203458
0.49558332632738405,0.49833304
0.764439464690933,0.74574023
0.9071229490021311,0.91892666
0.502503087408384,0.5014397
0.499378615141481,0.50091577
0.9072904256454191,0.918073
0.9604790537280591,0.9508536
1.0,0.83796144
0.9431767118087231,0.8909747
0.8628850951838031,0.8478527
0.498713552170488,0.49843463
0.519946126327904,0.5207904
0.907930441166612,0.9154098
0.49852733247435504,0.49751005
0.503975350281575,0.49762553
0.980617775518783,0.9669214
0.500323675707262,0.50026774
0.49947445958747605,0.4997874
0.8177039062437761,0.8259558
0.8178367021657461,0.8058666
0.973910884434322,0.93152726
0.9232082212454981,0.93663853
0.5019054264316231,0.49832037
1.0,1.0000772
0.5236497877122871,0.5176413
0.926275424261592,0.9271375
0.49626525855393305,0.49935445
0.50111457252546,0.50055325
0.543360143644234,0.57311
0.500565197105398,0.49902308
0.5042281483540011,0.50729793
0.500454067453571,0.5005358
0.834147631503777,0.84434974
0.49761536817873203,0.59079045
0.9333302638266431,0.9402789
0.8176377904171601,0.8081835
0.8827484119095781,0.8868688
0.8488418173159781,0.84025186
0.500316846678864,0.4990676
0.915306211329943,0.90646243
0.9861823361823361,0.985277
0.49988837093825506,0.49986735
0.502136876609108,0.57025695
0.500119604378338,0.50131863
1.0,0.9991404
1.0,0.99936265
0.850660599039553,0.8710487
0.49854734973614906,0.4974767
0.8468843867523611,0.83203614
0.500196483219839,0.5002891
0.9385940842001521,0.94325393
0.8526313015966701,0.89267576
0.982368548048649,0.98132485
0.9225695387358991,0.9268419
0.49751897160701203,0.50027
0.5009957997332111,0.4982531
0.9497416653474091,0.9221472
0.5004227315494191,0.5004319
0.50337933341758,0.5015493
0.7336260889268871,0.7266353
0.49716482455190303,0.50003016
0.501092098721804,0.500927
0.49877677356758204,0.50137585
0.9260683760683761,0.91779375
0.5004482282503451,0.4979704
0.8512323955024651,0.84104466
0.981940676446695,0.9744301
0.9326956048938461,0.92899853
0.8356425321685921,0.84362614
0.502075726896004,0.5032987
0.49906825143667205,0.50809944
0.501502943472516,0.50170225
0.506567744558315,0.5053157
0.5012948228396791,0.49928528
0.839272048507208,0.8187824
0.58989247336436,0.59035206
0.504550730753891,0.5103865
0.500695032837249,0.500529
0.5094695920420731,0.51080674
0.605956622460152,0.60717124
0.887905464446688,0.9037092
0.9344092448694951,0.93286204
0.91423855978021,0.90611255
0.515566606389391,0.52106684
0.498866753327022,0.5004754
0.882695487491833,0.897176
0.500824924269695,0.501255
0.603154415029414,0.561073
0.49971191282109806,0.49924758
0.500708693152706,0.49942297
0.9554102302925831,0.9368794
0.5013293155502621,0.5048478
0.8445558404466391,0.8449393
0.9463530255721521,0.96008736
0.975261341992089,0.97314924
0.510692749623184,0.5165451
0.8014063409663481,0.80437654
0.572081006488672,0.5739198
0.500923933778572,0.500957
0.498769981174049,0.49753594
0.500345496894614,0.49836132
0.503820312853686,0.5017319
0.49823317499747805,0.49884677
0.8468338399189461,0.847242
0.9376120448782611,0.89905393
0.9260460385546571,0.9336029
0.951685099229965,0.95143175
0.501231687692807,0.5015347
0.500316846678864,0.49902374
0.875676527801827,0.8855019
0.8929979396363261,0.8424336
0.49989718451914605,0.49951267
0.9670967699682611,0.9702567
0.8850877272179041,0.9017655
0.501753034581885,0.49838626
0.8491922060352791,0.84654874
0.499080687231277,0.49975
0.5214762687051431,0.5079436
0.49732046133060903,0.504713
0.9259787858746191,0.9359648
0.872507813839234,0.87412494
0.506981073420488,0.5004822
0.5137905461892001,0.51640767
0.500672748462896,0.50098056
0.507018156004568,0.50291544
0.8097750025686441,0.80536103
0.561453119305453,0.5502957
0.9599215237591241,0.969433
0.49983992584833503,0.49965903
0.5151770455097401,0.5020649
0.49922349136945404,0.49997038
0.9533649551877551,0.93949753
0.838622905271116,0.8405401
0.712305618209359,0.7380809
0.508893941585281,0.5058199
0.569977743332953,0.5851792
0.503429611890382,0.50248104
0.5215998041041621,0.6157014
0.9528982262422551,0.9437395
0.500119604378338,0.50130606
0.49804523428894004,0.49880952
0.9277650638903151,0.915675
0.8872076282702811,0.8730417
0.9390263367916991,0.9131183
0.517053184768109,0.5088558
0.9837896825396821,0.97088665
0.606993058183073,0.5722938
0.620099295799978,0.6183389
0.9375,0.9364479
0.907950491295583,0.912111
0.5001251763676671,0.48578858
0.6653290773941151,0.6560343
0.5021745927094511,0.50229526
0.498769981174049,0.49797642
0.5070299493599391,0.5108523
0.8722962631662181,0.8534837
0.552983405618084,0.5578066
0.9678571704803601,0.9686127
0.9583988513696731,0.9554308
1.0,0.99899185
0.5016916748944681,0.49891406
0.913455396825754,0.8917754
0.49882972481367205,0.50191444
0.8349223154095821,0.8151102
0.5382426790019911,0.52324176
0.580782135059701,0.5857904
0.499853693902484,0.5009007
0.9642887330372161,0.96008736
0.499512079911519,0.49974167
0.9697176991049091,0.97048825
0.564890569566141,0.55923235
0.49864680116212906,0.50311714
0.49528512531366603,0.5016757
0.7079587079587081,0.7436525
0.910070513815415,0.9155194
0.7071827073020881,0.7114597
0.626813921513061,0.62301236
0.9170354505886501,0.9062381
0.8134436701509871,0.8296613
0.49997000198877506,0.5004442
0.9636209365127251,0.9307188
0.502163457200347,0.49158853
0.5008236370590881,0.5012219
0.9159510904782671,0.8926492
0.503152128343871,0.5045139
0.9714702781134631,0.9696108
0.502713433236049,0.5022966
0.49915527454453507,0.49939582
0.9967467467467461,1.0059164
0.49932753335914004,0.49907848
0.49909510261897205,0.49904314
0.9709503008929941,0.97056866
0.506877192843727,0.5069819
0.8046560623793411,0.62100023
0.8259545911823241,0.84370226
0.511903953399222,0.51081336
0.7117359000337721,0.70646054
0.496376090910342,0.49803686
0.517850466733881,0.5016458
0.884128387782336,0.88682735
1.0,1.0081643
0.5105574080521991,0.50475454
0.833672566764147,0.81787866
0.9228895833636691,0.9236322
0.8179283443232561,0.606467
0.502386460888941,0.5057809
0.498769981174049,0.49797642
0.498713552170488,0.49878004
0.9132223297709751,0.915634
0.891558102749963,0.76653284
0.932061861169984,0.94055474
0.503429611890382,0.50248104
0.505516060606238,0.50180703
0.9587083984343361,0.95751107
0.504816502308714,0.5033248
0.500239914586007,0.49925938
0.505894978882617,0.50535864
0.9640207488991581,0.9580175
0.9648629148629151,0.9584003
0.5000249731831891,0.5000354
0.500323675707262,0.5001605
0.5032188372216151,0.5054882
1.0,0.9985985
0.8176377904171601,0.7972172
0.83011309813605,0.8393928
0.860716794819908,0.8622183
0.5939194459420211,0.62790173
0.500708693152706,0.5002939
0.8882157503640631,0.871432
0.501762493715577,0.50062424
0.941736694677871,0.9317084
0.6965980081361121,0.70738757
0.8846695296302031,0.8991067
0.915680148027158,0.9324148
0.8595094991998651,0.8461941
0.49854734973614906,0.4974767
0.49906825143667205,0.5080934
0.5170789290486231,0.51943535
0.6095642445796591,0.64204717
0.5012035582791811,0.5029973
0.49659093702183305,0.49978775
0.8534827418467741,0.818084
0.9879353233830841,0.9869404
0.538576300438637,0.53166926
0.877264547880082,0.8936339
0.49978191476346,0.5015104
0.49676203921370704,0.4985713
0.7684741687699961,0.7789601
0.9558228500345141,0.95347315
0.9035278064823381,0.8900335
0.749421227810101,0.7738258
0.9434194135241981,0.9460076
0.8288442024610201,0.8354319
0.90215669547566,0.91865534
0.49975057879967805,0.49991554
0.936849325805935,0.9481056
0.495611661615788,0.49806377
0.501296629358374,0.5027001
0.5109872037888761,0.5129683
0.8385225526656661,0.84378684
0.9399534392824821,0.9410349
0.8789958557662211,0.88674307
0.847355412720722,0.83546305
0.499240349947895,0.50013185
0.5001205909509351,0.5074694
0.49774195831475104,0.488722
0.8725417943725131,0.84632397
0.5604224484031171,0.5506748
0.5039779357026221,0.5070927
0.499664626807912,0.5041006
0.5006955946478261,0.5013829
0.5006955946478261,0.5003158
0.9174431353073631,0.9151929
0.49950405146004806,0.4998456
0.877264547880082,0.8905286
0.660099261964263,0.7724587
0.572081006488672,0.5739198
0.9861823361823361,0.98906934
0.963861516554473,0.963504
1.0,0.99790436
0.851375951636622,0.83649725
0.9405018197483701,0.95143175
0.49970061457205606,0.50104964
0.6980402939934931,0.7392829
0.944419619881354,0.92829835
0.7058673469387751,0.7056055
0.5004031956281041,0.49971575
0.8838599457216231,0.8884912
0.513589621769874,0.5071337
0.501811701881287,0.49946794
0.922988633270704,0.91484696
0.5236497877122871,0.5176413
0.827149926877618,0.84417695
0.5036114954664831,0.50139016
0.9593394061490851,0.94923407
0.745256091737973,0.7276428
0.49528512531366603,0.5016757
0.787750169017684,0.809003
0.502154880999091,0.50331026
0.8408983723335001,0.68974286
0.5326743187210851,0.6148465
0.5138293481436861,0.5132506
0.9983985765124551,0.9852607
0.58116823346872,0.58760667
0.500552786224239,0.5033197
0.8184592467893631,0.8241861
0.87827274361047,0.8852491
0.843685582512198,0.86326736
0.5055652994651251,0.50281876
0.5017649901662691,0.50004804
0.8541668699951541,0.8373315
0.6673576713646401,0.6409395
0.9263741001930671,0.9195176
0.5257576208130691,0.5171664
0.498263375631296,0.49906984
0.6395296167247381,0.6446257
0.9949677430222171,0.98872316
0.5666120253512801,0.56736064
0.49794772754909905,0.49979985
0.500672748462896,0.4996842
0.486409362116054,0.4942495
0.5138293481436861,0.5132506
0.501502943472516,0.5009207
0.49950405146004806,0.49983093
0.500708693152706,0.49943763
0.5927237732480081,0.5818002
0.512763227577966,0.5659368
0.505137550849727,0.50869286
1.0,0.97452945
0.5000996055283641,0.500548
0.5023284999744241,0.5050473
0.506276050976335,0.50925416
0.9534028368671431,0.9621883
0.8734742923024911,0.88869923
0.9071522760125361,0.91376555
0.495388949250246,0.5033517
0.6474644457653651,0.63231015
0.9375,0.9371675
0.8305888697168151,0.841855
0.507472128284423,0.5098671
0.8549885157214491,0.8610584
0.5127184995143941,0.51439846
0.790277377370962,0.68075466
0.9844637855142061,0.9817807
0.49684511933783004,0.5005059
0.9362458131931981,0.9414317
0.498263375631296,0.49871784
0.504060008676797,0.5011548
0.49963142192520704,0.5007883
0.7413690476190471,0.7419053
0.5016448866728,0.49980992
0.49971191282109806,0.49926883
0.5947574740461771,0.595749
0.8526988341828211,0.85067785
0.502686175915493,0.5027698
0.49734691867366504,0.50328314
0.9409041134096001,0.94506216
0.501610266277696,0.4996074
0.502223017268784,0.5029227
0.5046015215571881,0.5007912
0.8791107404053641,0.8900663
0.518492059820252,0.5215223
0.9691517855007691,0.9636676
0.587477974054018,0.5741555
0.511469070080739,0.5102613
0.937375154292115,0.92977285
0.498263375631296,0.49872443
0.9455042532707971,0.93786305
0.9352061222994571,0.9195176
0.500380311865968,0.5003087
0.9060680997384921,0.8959804
0.53332570836005,0.55830836
0.501748994265872,0.50132823
0.873098616928435,0.87125635
0.500949894442691,0.50102097
0.49811173289433003,0.4982026
0.9514292186559411,0.9387665
0.496733053641751,0.5004478
0.8376559449111111,0.80712646
0.720155021869447,0.67121565
0.9121093578775561,0.91855055
0.50696328538445,0.5016458
0.8166868872559031,0.83696187
0.5177573362476331,0.5039885
0.871517810489958,0.8699174
0.8526800575254211,0.8537909
0.5046739385394371,0.5002758
0.49893805928350604,0.49982384
0.5068075973902311,0.51190233
0.504060008676797,0.50151116
0.7268031366476371,0.73191833
0.87346657867192,0.87359667
0.49906825143667205,0.50809944
0.49459843295655503,0.49897677
0.50029099077334,0.5041576
0.503248091090534,0.5003092
0.882737085410872,0.8689592
0.499827204468106,0.49902308
0.9632267677523031,0.932783
0.864814814814814,0.86219764
0.500380311865968,0.500294
0.5610985208207431,0.50899416
0.502686175915493,0.50147355
0.925295930271347,0.92478454
0.49835246090225205,0.4990917
0.5372222790129041,0.53053576
0.500585094253015,0.50086826
0.502676788759712,0.50287634
0.4968450207637,0.4988213
0.593584927809441,0.59867156
0.9395833333333331,0.9400028
0.592407757071718,0.6320387
0.501231687692807,0.5011788
0.497483394404772,0.49896657
0.923850005090689,0.893451
0.757604730953442,0.730036
0.7058673469387751,0.7053581
0.5009259910778301,0.4965011
0.9936448153984331,0.9629717
0.7074142407408891,0.73178554
0.9716923465349131,0.9706583
0.9135359962805891,0.92464787
0.545549604413983,0.572661
0.8611226018596021,0.8556191
0.672850027932804,0.7083744
0.9681758515833591,0.9595911
0.502528758744563,0.50018996
0.8769531074109681,0.8657156
0.9339114740013731,0.95751107
0.5354278937025411,0.51988137
0.500196483219839,0.50011283
0.5807203820485071,0.5787175
0.5032126983955231,0.50433046
0.5029253622266711,0.50753284
0.49804523428894004,0.49880952
0.519809385467758,0.5168511
0.8280763014243641,0.8433258
0.963691202409337,0.94808406
0.8879212046490451,0.87632436
0.49988837093825506,0.5000672
0.93021213067019,0.92917615
0.497483394404772,0.49853975
0.500268781210063,0.50396883
0.8468338399189461,0.847242
0.499080687231277,0.5001504
0.511714990926265,0.506884
0.5037753590866291,0.50204825
0.5203725963837691,0.5465085
0.5666120253512801,0.5674623
0.506767194097627,0.5064718
0.9017036576221961,0.9047828
0.953581900158988,0.93906903
0.498263375631296,0.49941802
0.515566606389391,0.52180547
0.929139019561088,0.9171727
0.883386250079025,0.87886184
0.49227132232751303,0.50224966
0.5009008010349101,0.50360173
0.93758928371848,0.92614806
0.6281522703272611,0.6501313
0.8671358274420581,0.8545727
0.542256255938779,0.5406174
0.8550517840209221,0.8539758
0.500695032837249,0.50053
0.497214065344852,0.5003517
0.505523239257324,0.50215316
0.516024673979219,0.5192762
0.49918770066295604,0.4992347
0.7418326907977401,0.77851963
0.49187461855414305,0.49754387
0.880718414834956,0.8704207
0.49947445958747605,0.4997874
0.681376076093758,0.6519563
0.505130806772571,0.5092927
0.5947574740461771,0.593463
0.9297439744161281,0.93119615
0.49931859161911,0.49999437
0.5297911904961491,0.5132594
0.881216712656629,0.87576497
0.499080687231277,0.49974903
0.498409922024635,0.49786803
0.8586372148897361,0.8251504
0.502387797838383,0.49731284
0.49950405146004806,0.49982435
0.522225710733787,0.50548875
0.49862299254934206,0.498868
0.49989718451914605,0.5001021
0.9259787858746191,0.93075776
0.502503087408384,0.50153327
0.499580511765055,0.49932107
0.5328629065698031,0.52324176
0.916545832724417,0.90688896
0.500810247184957,0.49739587
0.654081722189199,0.7173171
0.501229055294669,0.5013236
0.49791452475200304,0.49435458
1.0,1.0008938
0.954155235183178,0.9483691
0.49990608997482505,0.49902374
0.509720335841056,0.5034264
0.518774198135858,0.5159672
0.502419841895905,0.5015716
0.8722411026240361,0.8626949
0.500312096715272,0.5006178
0.499580511765055,0.49932107
0.496967742621283,0.50203776
0.500316846678864,0.4990676
0.9741321475876611,0.96298057
0.9914974283011421,0.9844624
0.8939139241513671,0.89065087
0.49925020236184503,0.49925938
1.0,0.9959062
0.919036634136935,0.9311666
0.505495127165774,0.5009473
0.49227132232751303,0.50235134
0.9568011963348211,0.9573677
0.9260683760683761,0.9211877
0.49970386444477105,0.49899122
0.8409950753163471,0.8402202
0.509814662295469,0.5127256
0.9598644064150831,0.9547403
0.498769981174049,0.49797642
0.500708693152706,0.49942297
0.500511544482512,0.4995716
0.49971191282109806,0.49959946
0.499240349947895,0.5001384
0.519879539334683,0.524685
0.526518462345829,0.52869534
0.9392190916266291,0.9480093
0.957786817316657,0.9332597
0.517642192618133,0.52008045
0.650255927127646,0.599061
0.504224597049134,0.5004478
0.5572880789136161,0.5646291
0.506365532441044,0.51134443
0.501610266277696,0.49984297
0.49925020236184503,0.4994466
0.8134436701509871,0.817147
0.5004044770249161,0.5003679
0.7671189987611,0.72794306
0.8902053402098471,0.9058326
0.52874105363517,0.5476689
0.504267397720917,0.4994524
0.498409922024635,0.49763247
0.553658701223654,0.5640974
0.492826153279862,0.5024735
0.49502810479435905,0.4994524
0.9709503008929941,0.96877944
0.51887843089407,0.5201995
0.50361339539577,0.4994566
0.497209265584415,0.49798718
0.8817904209185651,0.88869923
0.6168142334443031,0.5994752
0.49989718451914605,0.4996726
0.499080687231277,0.49974903
0.9270705582516161,0.8251504
0.49970386444477105,0.499027
0.5033206017712061,0.50301844
0.498713552170488,0.49925625
0.5028850087865431,0.5023667
0.49978137132874106,0.5015575
0.7775026704473791,0.7528535
0.49699818794582,0.50015163
0.500345496894614,0.49836132
0.499323347903795,0.49897018
0.9736991707954271,0.9619232
0.499580511765055,0.49932107
0.956269888971609,0.9148109
1.0,1.0029283
0.500708693152706,0.49981773
0.912187896278805,0.9203264
0.7958255751308351,0.8090906
0.894817009099352,0.9012134
0.5010020432359751,0.49920803
1.0,0.9973458
0.5468340981294051,0.6027178
0.5076547109891401,0.50470555
0.9615378698179021,0.9630571
0.5632095524429921,0.54375803
0.973056998730175,0.97521156
0.500323675707262,0.4995063
0.860895242079137,0.8867939
0.9914974283011421,0.97802293
0.8789958557662211,0.88412166
0.502387797838383,0.49753585
0.499240349947895,0.5001384
0.841249100376231,0.8541201
0.8869985048658301,0.891231
0.502590066307244,0.50001585
0.9649359122681421,0.95082426
0.499648936267201,0.5001493
0.9322298311522441,0.9299716
0.5031805977110251,0.5043713
0.940917872760865,0.92798144
0.504867553778481,0.51383173
0.500511544482512,0.4991703
0.9765066000866051,0.9623429
0.49932753335914004,0.49905723
0.49989718451914605,0.49965793
0.49854734973614906,0.4974767
0.500695032837249,0.500529
0.924367340608767,0.91812384
0.49676203921370704,0.49986768
0.515875445360739,0.51290905
0.8134436701509871,0.8172207
0.500316846678864,0.49906665
0.844222718690063,0.86617607
0.8649537178948951,0.8659899
0.9458838862863621,0.95129186
0.500382303678892,0.5372076
1.0,0.9984057
0.499745275795049,0.5006899
0.499512079911519,0.49973705
0.9666712842596601,0.9709092
0.9731910293764381,0.97421443
0.497483394404772,0.49899715
0.9793361916925131,0.9768899
0.5020801914810781,0.5018209
0.533556561357737,0.5423566
0.499481113373467,0.5001802
0.49866589658526905,0.4996985
0.7688169072459641,0.78026307
0.504181375761368,0.5145102
0.5028997909691041,0.5047627
0.5007017015537231,0.48463175
0.9159211642677411,0.92154247
0.5004227315494191,0.5004319
0.49804523428894004,0.49959898
0.8663571239234491,0.8401365
0.5004044770249161,0.50067973
0.867460684820838,0.8246282
0.9734814912573471,0.96298057
0.49889529665949905,0.49935138
0.5339102158586401,0.5264895
0.518621927035802,0.51381433
0.73637715062715,0.76950747
1.0,1.0017166
0.922405245860605,0.9301584
0.49882972481367205,0.50191444
0.9556977797258921,0.9180411
0.499122828779531,0.49998164
0.9029915805279761,0.90873665
0.5002878058029441,0.49983093
0.503058335837557,0.5000249
0.49971191282109806,0.49959946
0.541719029214856,0.49414557
0.495188167333284,0.49874374
0.580966223698781,0.59588075
0.50110848698817,0.5078129
0.6851462617782861,0.52270836
0.501273107894004,0.5005265
0.499879448442118,0.49971682
0.49852733247435504,0.4984365
0.680045394420394,0.6831203
0.507460749446718,0.5037064
0.495611661615788,0.49802798
0.875627396601601,0.8839298
0.5022162440276571,0.49984765
0.63021669341894,0.63098323
0.9097304894179891,0.91038823
0.49203889463610906,0.49938816
0.5807203820485071,0.5787175
0.5283809150261031,0.5469923
0.490536703104172,0.49949932
0.49978137132874106,0.5015575
1.0,0.99820775
0.49886524296224005,0.5001151
0.504060008676797,0.50151116
0.517378838187177,0.50543344
0.500119604378338,0.50130606
0.9442498367616361,0.9410349
0.8344666789083781,0.8274616
0.8919080705434941,0.90247196
0.572035985059348,0.5602622
0.499381135713136,0.49938864
0.49338125545624606,0.4994566
0.8734742923024911,0.8859293
0.500511544482512,0.4991703
0.8948067632850241,0.8945633
0.49260178355186907,0.49910346
0.8809503138493591,0.88624144
0.50361339539577,0.4994566
0.502375772524553,0.5022783
0.967741434485015,0.96236545
0.8037914323277491,0.77143395
0.8533929420909431,0.8633846
0.7413690476190471,0.7419053
0.5092132589541271,0.50840545
0.9226847771568311,0.91579205
0.7862602092563921,0.77215296
0.868403730645048,0.85643786
0.518643278803759,0.51170135
0.797698201211759,0.7776795
0.9840086034413761,0.971786
0.8360815730064061,0.898178
0.8190258156768491,0.8452826
0.490536703104172,0.49949932
0.5862963011103991,0.5744535
0.5093208771609941,0.5101266
0.8954060350676881,0.9024247
0.501296629358374,0.50017184
0.7058673469387751,0.7057598
0.880289265500782,0.87359667
1.0,0.99891806
0.49922349136945404,0.49997038
0.504197933173897,0.5007603
0.784621710283613,0.779086
0.9327492852415301,0.9267149
0.528873076474179,0.52138
0.499648936267201,0.50010645
0.9954861111111111,0.95872223
0.8141318887105401,0.8159886
0.500573224566362,0.49970907
0.5082562574949601,0.5069002
0.9579015928222271,0.9466882
0.9075294978414811,0.89484483
0.818658251073435,0.84414375
0.53150485497889,0.52152914
0.836403894742733,0.85278326
0.5019259598354351,0.50003016
0.860930035535258,0.8568543
0.49651688659367404,0.4984768
0.9759571141606421,0.98182034
0.9060577547452541,0.89526033
0.5579078278413451,0.5577236
0.811830051161995,0.8193092
0.958890449263265,0.95602417
0.499354866055418,0.49899715
0.49993347492712303,0.49902785
0.499444879647826,0.49906465
0.5833708778848901,0.6088422
0.502110223403548,0.50267893
0.742154484158,0.7187591
0.9288283045590031,0.92317
0.49791452475200304,0.49770516
0.970088256662713,0.97421443
0.499827204468106,0.49868083
0.502313911796736,0.49995643
0.5010320714633291,0.5012576
0.8784162726394451,0.80949265
0.5019054264316231,0.49832037
0.8314324484142761,0.8565363
0.5017722185225371,0.50101715
0.496682386908857,0.49902308
0.5787075899114721,0.5427274
0.9376014499451261,0.92167556
0.7058673469387751,0.7053581
0.8734401245668431,0.8736482
0.5047759892085361,0.4994524
0.81757986621941,0.8513113
0.6806588351978531,0.6662281
0.8860718907712051,0.83249694
0.506862195831268,0.5067557
0.952331951660166,0.9491582
0.9122366795662251,0.92786455
0.538619388399141,0.59336644
0.5236061088863241,0.54281455
0.9970588235294111,0.9883684
0.9633208689458681,0.9607293
0.828776978326596,0.81477654
0.49857430123269003,0.4896879
0.5012948228396791,0.49916822
0.9652850670302071,0.9707818
0.498263375631296,0.49983492
0.8642919176649331,0.80731994
0.50001371170741,0.50037056
0.499240349947895,0.50015306
0.9334572481819751,0.93036634
0.499745275795049,0.5006899
0.500558013856718,0.5001328
0.56312570960561,0.58199954
0.504060008676797,0.50147533
0.503077479576535,0.5007189
0.9696109816871181,0.9708938
0.9770665299612661,0.9787793
0.499879448442118,0.49970216
0.9717587747742201,0.9724481
0.9073781913636021,0.91431046
0.873378581241232,0.88592756
0.500912125521858,0.498697
0.9392672549540091,0.93407875
0.499790679489569,0.50215316
0.5830398637658311,0.5513235
0.496682386908857,0.4989873
0.9323212191508211,0.93704456
0.49620370484067805,0.4990261
0.5026966483088371,0.50417054
0.499354866055418,0.4986549
0.648931643269622,0.641375
0.6789868317905701,0.75391835
0.9297742784424791,0.9120798
0.928348609386034,0.9183656
0.5006955946478261,0.5006611
0.9521158820297371,0.93721384
0.499041791891751,0.49967316
0.5084149704451131,0.51262516
0.873024909874719,0.822468
0.500757065297619,0.5010924
0.498901525500605,0.5087536
0.5108653547824811,0.51120573
0.500470535115175,0.5003049
0.49959180761835803,0.50124526
0.500119604378338,0.50123894
0.5220204610850491,0.5177066
0.9382966088484871,0.92649597
0.562378525604536,0.53539634
0.501035434220469,0.50026786
0.705189104876604,0.6532092
0.910070513815415,0.9195381
0.9714866796689311,0.97314924
0.49421207675208906,0.50449514
0.500323675707262,0.49964836
0.499745275795049,0.5006899
0.883949983778011,0.9017565
0.9646220069948881,0.97511196
0.500699004349489,0.5009427
0.49950405146004806,0.49982435
0.505094109043253,0.5027891
1.0,1.006099
0.860355709784215,0.861439
0.5082512001675681,0.5892596
0.9315689780606541,0.94913673
0.592575961825175,0.5695478
0.897671563586501,0.9143975
0.49934563800066806,0.49888152
0.49762831394952006,0.50003016
0.500323675707262,0.50026774
0.51131712044073,0.5077135
0.501804270840292,0.5032987
0.605249096338205,0.63296014
0.504169691068119,0.5050987
0.614896554478228,0.6292948
0.9426297747090141,0.95238924
1.0,1.0070533
0.602515418609168,0.5810061
0.886189409147705,0.87107146
0.9556825952552981,0.9578932
0.50337933341758,0.5015493
0.5116393970038471,0.5174545
0.9402744546445231,0.94438
0.500380311865968,0.50136113
0.5056404438929061,0.5038421
0.500196483219839,0.5000601
0.5047848604998371,0.50536716
0.49931128500171706,0.5007912
0.9834833853718311,0.97357756
0.500920042062183,0.50023454
0.9858698712556261,0.976679
0.912188742135266,0.8955215
0.9763034125843161,0.9688225
0.498769981174049,0.49797642
0.908503983464063,0.8936339
0.5149559177985961,0.521748
0.7058673469387751,0.7053581
0.501363073282161,0.5016572
0.496978819329467,0.49959344
0.711904792049846,0.71443206
0.49835246090225205,0.4991402
0.5059746407716791,0.50281876
0.5300168967537,0.55181146
0.500316846678864,0.49906665
0.904229324489717,0.91128963
0.6907084979151851,0.6526188
0.8203492760509701,0.8247583
1.0,1.0052423
0.49187461855414305,0.4974767
0.49892143726581606,0.49875778
0.495326523649859,0.5029787
0.504289810126339,0.5033961
0.498713552170488,0.49921486
0.7179198354432,0.7467745
0.5841180429869041,0.59767944
0.974575067788993,0.93389946
0.49994282074828506,0.5222232
0.8629318159503251,0.9037565
0.9595269618213951,0.96478474
0.84341222076233,0.80374044
0.8721427038953171,0.90258026
0.49893353652929906,0.49871302
0.700429400615968,0.70907557
0.49484753277226906,0.5003129
0.49676203921370704,0.49867684
0.49988837093825506,0.5000672
0.699482155857513,0.70042956
0.9067867369130461,0.9175578
0.894601197754265,0.9176985
0.5012489124053561,0.49948928
0.9155168463112071,0.9156766
0.53158615537956,0.5204648
0.78352190272882,0.7934054
0.501764999382122,0.5015575
0.75798898659609,0.7611838
0.49747447978327003,0.5048757
0.63021669341894,0.6308375
0.499580511765055,0.49932107
0.9165247015993131,0.9340651
0.75322038817031,0.74678093
0.588017347236097,0.5793696
0.7384769034528961,0.751142
0.8232230441139241,0.8266962
0.7058673469387751,0.7055038
0.807695831441068,0.8342735
0.9844564683682331,0.98193145
0.49893353652929906,0.49873427
0.507767186239224,0.5108544
0.5947574740461771,0.59370506
0.5325737521074201,0.5094022
0.919550169882947,0.9220446
0.6077516426421631,0.61636645
0.5006955946478261,0.5013829
0.505473136635,0.50299764
0.9322298311522441,0.93278646
0.7412204208884701,0.7519012
0.49970386444477105,0.49917188
0.504605515312201,0.50478566
0.49882972481367205,0.50191444
0.5153740642755761,0.5174547
0.49811173289433003,0.4982455
0.547802365628802,0.52997804
0.9746858042674241,0.9707589
0.5339102158586401,0.5264895
0.49855952079285804,0.4988282
0.5006955946478261,0.5003158
0.5950700551975171,0.5910821
0.49988837093825506,0.500103
0.5040806513882541,0.50519925
0.49651688659367404,0.4984768
0.49893353652929906,0.49871302
0.801718022358587,0.8029779
0.49893353652929906,0.49871302
0.508815224332396,0.5073261
0.9690409847603381,0.9663794
0.502725424389006,0.50286
0.711757626860513,0.703262
0.498042911677041,0.49863774
0.5822087202792591,0.51130545
0.8466483148947651,0.8408793
0.49971191282109806,0.49926883
0.5666120253512801,0.56681025
1.0,1.0015383
0.940312041141323,0.93485445
0.815388754371805,0.7888912
0.9322298311522441,0.9269331
0.49892143726581606,0.49873653
0.910923360962521,0.8862331
0.499648936267201,0.5001503
0.499827204468106,0.49902308
0.49983992584833503,0.4992148
0.8141318887105401,0.82104653
0.49459843295655503,0.49897677
0.501762493715577,0.5003109
0.814354506411292,0.8040456
0.5019054264316231,0.4980007
0.9480286738351251,0.94613886
0.49676203921370704,0.49824113
0.492914927463705,0.50053144
0.5004070501062431,0.5003621
0.52218301244233,0.5229512
0.49893805928350604,0.49901685
0.519769614514887,0.52244014
0.511582928055776,0.56285644
0.513802770677756,0.511034
0.499240349947895,0.50013185
0.9325184889455371,0.9441948
0.515269773983783,0.5203503
0.728250740163587,0.7022552
1.0,1.0022161
0.49676203921370704,0.4986316
0.502387797838383,0.4973003
0.986384976525821,0.97319895
0.49972096481360606,0.50548875
0.9122366795662251,0.9340754
0.9536197999545041,0.95166075
0.508737747738299,0.5052752
0.501762493715577,0.5003109
0.500239914586007,0.49924684
0.49613685306325206,0.49919376
0.564598448485867,0.5623862
0.49827353957448306,0.49991554
0.49906825143667205,0.5080934
1.0,1.0098541
0.8580486048515941,0.8209216
0.500642846832961,0.5000532
0.6907000698634941,0.7038007
0.499378615141481,0.5005888
0.9529291787373211,0.957747
0.526126769179006,0.52236956
0.9582094681548341,0.93135464
0.9636664637837691,0.96507007
0.8958514344638381,0.9141647
0.507358978702265,0.50097823
0.932088954931483,0.9273767
0.5030848381462191,0.5024735
0.790492291273541,0.84121764
0.9913123582766441,0.98330337
0.502387797838383,0.49753585
0.9523165177789451,0.95103717
0.49934563800066806,0.49927625
0.500708693152706,0.49941638
0.49978739370589703,0.49989307
0.9072893121081831,0.90636736
0.5025841743964851,0.5019408
0.503412221329081,0.5070927
0.8681742751297461,0.86330986
0.957155112884518,0.9731275
1.0,0.9963133
0.500728741052317,0.49884164
1.0,1.0012376
0.9676547810663251,0.9686127
0.500912125521858,0.4987328
0.8702534852952851,0.85524464
0.989886219974715,0.9905742
0.8227302065270551,0.8352109
0.495359258822044,0.501212
0.5156708161536361,0.51087695
0.539163829776654,0.5336101
0.917761596046563,0.91832465
0.49288447550831405,0.4992766
0.891558102749963,0.6333022
0.502810898084276,0.5023693
1.0,1.0005896
0.741784317452239,0.7313011
0.49227132232751303,0.5013003
0.5015412825680671,0.5022809
0.869381765480674,0.8752205
0.503058335837557,0.5004517
0.49963142192520704,0.49975
0.511714990926265,0.5067623
0.500695032837249,0.50048614
0.49915527454453507,0.49939117
0.9053994010135971,0.88875914
0.5004514822626921,0.5038985
0.9682053066618451,0.94741243
0.502425303628321,0.5029227
0.9157348595321351,0.920406
0.49978137132874106,0.5015575
0.942442061220186,0.93539214
0.9765621857248551,0.9763132
1.0,0.99355185
0.506440685389834,0.5051605
0.501110459914153,0.5029987
0.49675294502618206,0.49895254
0.509324377625409,0.50904274
0.519833079951889,0.5642334
0.499350930578268,0.5002901
0.507088372589073,0.50639033
1.0,0.9971056
0.538065737770687,0.5661187
0.49260178355186907,0.49910346
0.6653625366004,0.65325534
0.8841307866556871,0.8841452
0.49922349136945404,0.49993458
0.8428183839690321,0.8523913
0.49950405146004806,0.50017625
0.8141318887105401,0.8160623
0.504832631292634,0.49760944
0.500366546145096,0.5005862
0.8879150387953201,0.88665754
0.5063706270663101,0.50410795
0.8439851673227501,0.8523398
0.8260915313632741,0.8348936
1.0,0.99820775
0.497483394404772,0.4986364
0.501681383654586,0.48025584
0.54506635966201,0.5233848
0.500511544482512,0.4995716
0.512913547890908,0.51744103
0.49963142192520704,0.49970612
0.9438202247191011,0.9403488
0.756873100011444,0.79124045
0.5555498066844821,0.57094395
0.8273508959781231,0.79354346
0.9108104858104861,0.9222158
0.502883416936856,0.5029227
0.7073032929763401,0.705558
0.499080687231277,0.5005427
0.499444879647826,0.49906465
0.502223017268784,0.50197005
0.501396771896357,0.5004484
0.499580511765055,0.4990627
0.677784428482752,0.6922849
0.49338125545624606,0.4994566
0.512856509109042,0.5016268
0.50001371170741,0.4999691
0.610802718381115,0.6325123
0.49915527454453507,0.49939117
0.640294923248522,0.65874267
0.504064303668724,0.50012696
0.8820288949645081,0.87335217
0.6787187822551971,0.6818099
0.5093208771609941,0.5036804
0.874302941299389,0.86989516
0.49008238789877306,0.501541
0.5166149074184491,0.52161443
0.501189593925318,0.50295013
0.5012948228396791,0.49871996
0.9723613909348231,0.9666498
0.48903966520672804,0.501212
0.49739347066925305,0.49840647
0.9258320508085591,0.9070674
0.500454067453571,0.5001839
0.49925020236184503,0.4994824
0.5022111382681821,0.5015205
0.503429611890382,0.50248104
0.49892143726581606,0.49874312
0.8809447709942461,0.8785534
0.9719518849206351,0.97219574
0.500912125521858,0.4987328
0.8771920416556901,0.86786485
0.8990299888401561,0.90495557
0.5054756361128511,0.48378968
0.9659152461951511,0.9527458
0.8356409735472551,0.8406843
0.598364709347436,0.5976523
0.5265044348434971,0.52385783
0.49811173289433003,0.4982026
0.91096138472899,0.8954465
0.500316846678864,0.49902374
0.8532285776781711,0.8492453
0.9154469939139491,0.9323357
0.49892143726581606,0.49952334
0.49925020236184503,0.49916273
0.49667514859451306,0.5020415
0.550651910038935,0.53143656
0.5478641224699481,0.50622094
0.49950405146004806,0.49982435
0.9551781639225431,0.95143175
0.500119604378338,0.50130606
0.9831407730107681,0.96975815
0.6673576713646401,0.6422955
0.9679861596208721,0.97044986
0.9724401882797901,0.9743307
0.49461392214513006,0.50003016
0.530624109345275,0.5360672
0.766565025489221,0.77506626
0.6856154033823231,0.6761711
0.49763998039973306,0.49791005
0.858373193029981,0.86330986
0.49922349136945404,0.49973482
0.501274681762771,0.5059865
0.504337641641709,0.5031893
0.762765357594363,0.75098807
0.979121318149845,0.9779909
0.8468338399189461,0.847242
0.50677641931182,0.5077547
0.8787838484267061,0.83361006
0.49988837093825506,0.500103
0.49983992584833503,0.4992577
1.0,1.0002884
0.501610266277696,0.49984297
0.5184533438534871,0.51876265
0.5022562626757391,0.50177425
0.502239977580721,0.49995
0.499879448442118,0.49970216
0.881265691393158,0.8912164
0.9616461850095851,0.96837753
0.5026936241011011,0.5002477
0.5029671218750751,0.5008796
0.975724996311591,0.97689456
0.504395460527959,0.5079951
0.939853019430499,0.9461875
0.49889943051422503,0.4998493
0.90592226520827,0.9058997
0.6244908124327461,0.6723097
0.8840560781963761,0.90786755
0.49676203921370704,0.49860188
0.517965138227091,0.51189196
0.8502837623085441,0.8514664
0.500999753284289,0.5020649
0.49474996850988506,0.50097823
0.8388324051578131,0.84417695
0.9276355924538401,0.9530489
0.49970386444477105,0.499027
0.503944182226441,0.5056269
0.765541474114766,0.79669434
0.8475665900070081,0.8393084
0.6178294105948291,0.6155173
0.49934563800066806,0.49888152
0.918427230046948,0.93327934
0.861620679013762,0.87461424
0.5002285050496921,0.5021549
0.495723858520947,0.5006773
0.8858013332559811,0.876977
0.9600794537685171,0.96166897
0.5020116578658751,0.4998551
0.500923933778572,0.500728
0.501610266277696,0.49984297
0.499580511765055,0.49871996
0.5692107631951381,0.5653736
0.5002623458294411,0.5000532
0.502129846065835,0.50043094
0.858637425841934,0.7999601
0.9617806269171311,0.96727127
0.5019633808206351,0.5050003
0.5368294586212451,0.53303087
0.580782135059701,0.5866434
0.9244231349762191,0.86477315
0.506910554917765,0.5056146
0.49742963110499905,0.4991147
0.500372966501477,0.49916795
0.502491194218152,0.5198084
0.7420688944432401,0.7114597
0.7506127450980391,0.7372582
0.654363573655632,0.6362153
0.766704770827982,0.79355145
0.49543766168374404,0.5000211
0.9661934132884571,0.96829736
0.781697873324086,0.8172207
0.9772888576642811,0.96893376
0.842557098834226,0.8234045
0.49405649757381703,0.50043416
0.49804523428894004,0.49880952
1.0,1.0044823
0.960982207240564,0.9580142
0.499745275795049,0.5007046
0.544464511353297,0.549919
0.49984831728131907,0.49901953
0.922607226359046,0.9204494
0.49993298366737504,0.50053316
0.49609705398478005,0.49938816
0.5028850087865431,0.5023667
0.49971754643737004,0.49976826
0.6859832027250881,0.5643492
0.502766212174373,0.49938816
0.7487698123537271,0.7150286
0.5050544346808541,0.50427073
0.910618420562134,0.91051924
0.9095772532999781,0.8029429
0.573770298462929,0.5709351
0.850985885444657,0.854148
0.499827204468106,0.49902308
0.49862299254934206,0.498868
0.500565197105398,0.49876493
0.5010595300550711,0.48378968
0.49895693491174103,0.49984765
0.5172707461533881,0.5047971
0.827610610632722,0.7927978
0.6014929885654501,0.70790726
0.499745275795049,0.5010846
0.49934563800066806,0.49887493
0.5088481865854251,0.50588566
0.9653005463026951,0.8559339
0.49667334507171,0.49057737
0.5085285974043501,0.50449514
0.954093768496422,0.94583714
0.501502943472516,0.5010323
0.5138826164647861,0.51929086
0.5468319713789961,0.64835274
0.9541423738285231,0.9629626
0.5047066375510081,0.50268894
0.505876652457401,0.5039148
0.806027660156827,0.8299585
0.8257237449782171,0.81943285
0.93649600490794,0.930957
0.9515594236894791,0.96392804
1.0,0.99820775
0.49958634989076606,0.5015351
0.49852733247435504,0.49792692
0.49945956534365404,0.50043786
0.6066651710837141,0.60904855
0.50337933341758,0.5015493
0.9844637855142061,0.9817807
0.501780924141501,0.500362
0.49893805928350604,0.4990022
0.8576007931071431,0.84947705
0.503248091090534,0.5000622
0.5659594117580431,0.5617088
0.49876207650157806,0.4999474
1.0,1.0026077
0.499879448442118,0.5001464
0.49978137132874106,0.5015575
0.8040513583638581,0.78485817
0.49993347492712303,0.49902785
0.508428952696181,0.5076681
0.53494078747123,0.54707336
0.9243164979459381,0.8375263
0.500565197105398,0.4989873
0.49971191282109806,0.49924758
0.503429611890382,0.50248104
0.8555969693551471,0.8733366
0.670215848739785,0.67122746
0.8760266982700441,0.9030533
0.500923933778572,0.5007369
0.5035634266493131,0.5024919
0.833551555189576,0.8342653
0.8641409469927611,0.874959
0.820811313894605,0.83677506
0.501663386732562,0.50605947
0.502541133194019,0.50357676
0.501296629358374,0.50417054
0.5003770359124791,0.5007792
0.8754411307135911,0.87128896
0.499580511765055,0.49928528
0.9242989061696221,0.92981404
0.5020116578658751,0.4998551
0.498769981174049,0.49797642
0.497316292883663,0.49910346
0.502062897954442,0.5054317
0.502857437690311,0.49663332
0.502387797838383,0.49753585
0.49918770066295604,0.49974212
0.9021914594170201,0.90284526
0.9017166489599461,0.9145479
0.509717277034298,0.5055927
0.516024673979219,0.518431
0.49980236011551304,0.49988863
0.8456631327999671,0.8523398
0.915735956726148,0.90305644
0.6130514004230551,0.67169785
0.8252936129341011,0.82344383
0.49658569498831,0.49833304
0.6395296167247381,0.6387533
0.771987434969797,0.79577416
0.5002878058029441,0.49982435
0.8438213045111701,0.822468
0.8472659995571791,0.84390926
0.720155021869447,0.7201349
0.943705008878664,0.9437297
0.501229055294669,0.5013216
0.980315407121473,0.9840514
0.500323675707262,0.5001605
0.8402995868349421,0.83443063
0.506106168161792,0.5085748
0.742238849758664,0.7170618
0.8470178943482931,0.65033305
0.498586690406745,0.50221366
0.9166159300174591,0.89850944
0.49989718451914605,0.4996726
0.8502154270087041,0.8439133
1.0,1.0024331
0.49971191282109806,0.49924758
0.5046270154587751,0.50215316
0.502118754085082,0.49880892
0.530063541585664,0.519339
0.49972792679134503,0.50438064
0.511807132450522,0.50208616
0.554357383583451,0.55789596
0.5048886173403541,0.5044385
0.495611661615788,0.49781817
0.500810247184957,0.49739587
0.497719361881975,0.49922353
0.7506127450980391,0.7380277
0.49934563800066806,0.49887493
0.878123341101635,0.8444791
0.971709245120518,0.97609335
0.9260683760683761,0.9072938
0.963544509286222,0.97552425
0.9315149474935721,0.9217938
0.49734644264454203,0.49839282
0.5002878058029441,0.49982435
0.8499999999999991,0.8422396
0.9310964999865111,0.9198575
0.620462327895071,0.6124658
0.500708693152706,0.49942297
0.502735289654178,0.50296795
0.5947574740461771,0.593463
0.49932753335914004,0.49905723
0.5021745927094511,0.5032782
0.9600277723393301,0.95690155
0.963526594688566,0.96160764
0.500573224566362,0.49935615
0.504082193788851,0.5022135
0.8670680032475131,0.8419679
0.519942137007781,0.6049787
0.863709656727866,0.86969244
0.9874031007751931,0.98724085
0.503058335837557,0.5004517
0.49750156972143206,0.49879122
0.540925990009362,0.5338026
0.49971507719268005,0.48869622
0.499648936267201,0.50010175
0.501608664258261,0.50068444
0.49898061905801705,0.501541
0.5890569904504831,0.6251646
0.501910761944361,0.5024634
0.8603679214045971,0.87122244
0.9340229640938781,0.9303499
0.499354866055418,0.49899715
0.500572016913023,0.5010063
0.49614197355154205,0.4991147
0.509560058667763,0.50110096
0.649357745883534,0.6565684
0.505523239257324,0.50215316
0.8964200540032821,0.8883126
0.49152718830759706,0.50281876
0.49970386444477105,0.4987814
0.500312096715272,0.5006178
0.6274407658711081,0.69283485
0.9591322530725761,0.9615551
0.502513551067235,0.49742892
0.9576391037888831,0.9717175
0.680877867662196,0.694506
0.9454474732218141,0.92672664
0.49889943051422503,0.49906358
0.499381135713136,0.49956942
0.505936290962382,0.50553805
0.49950405146004806,0.4998456
0.5059377581884791,0.5067605
0.930791322482398,0.92886263
0.50337933341758,0.5015493
0.850158042811289,0.85805994
0.501356145078611,0.52158004
0.7580071361246461,0.7233001
0.500923933778572,0.5007369
0.5260099730708401,0.51858175
0.496682386908857,0.49902308
0.501573426604507,0.50142556
0.5429426301378341,0.54324406
0.8124652022934951,0.79540783
0.502924408777583,0.5059209
0.5046270154587751,0.50215316
0.9803536035454871,0.97527486
0.5050017138113331,0.5048609
0.499354866055418,0.49896136
0.49835246090225205,0.49909633
0.496210825366017,0.54090285
0.50003717383151,0.5034301
0.7714649364857831,0.78785443
0.49892143726581606,0.49873653
0.5376989455981971,0.5223841
0.535475849428876,0.5265621
0.49791792172062505,0.4998167
1.0,0.9978883
0.8127223241604761,0.83874905
0.501424358324994,0.50067973
0.5002878058029441,0.50017625
0.937930605248887,0.9314101
0.499879448442118,0.49971682
0.940235609353789,0.94300663
0.49781613799915103,0.49929705
0.836614661768439,0.84462327
1.0,1.0076367
0.501348712554691,0.5029787
0.760475599652322,0.6124658
0.5013120857916891,0.5001713
0.497209265584415,0.4984549
0.9272820421864191,0.58959574
0.49945956534365404,0.50043786
0.7183062560429391,0.74166816
0.745922268329389,0.7470814
0.8409716440188171,0.81530434
0.9452034144690951,0.9011743
0.5094964205922741,0.5128087
0.500565197105398,0.49902308
1.0,0.9948152
0.984599528857479,0.98776287
0.917680635475925,0.9178122
0.9744853992316951,0.9782475
0.8386831436884641,0.86313164
0.9711047254150701,0.9680962
0.986384976525821,0.9751842
0.562502788911662,0.5615264
0.594486569336924,0.66234386
0.5778779192209871,0.6172421
0.709664460860801,0.64458346
0.9332630976562881,0.9290021
0.9771292923845271,0.96915394
0.751666666666666,0.75248504
0.503058335837557,0.5004517
0.49972883429296505,0.5004478
0.773402023647603,0.7973913
0.5094532803035411,0.5099426
0.5103780292634781,0.4993766
0.49839399488476704,0.4996555
0.9430970528888101,0.95602417
0.50019976715852,0.5002185
0.49528512531366603,0.5016757
0.9652607900623771,0.9457553
0.831155640134512,0.81037986
0.501610266277696,0.49984297
0.522504682223356,0.5265186
1.0,0.99932253
0.501502943472516,0.5009207
0.502387797838383,0.49753585
1.0,1.0016446
0.49854734973614906,0.49754387
0.49161942479887005,0.5005265
0.49950405146004806,0.50089806
0.5004070501062431,0.5006927
0.530254436776202,0.5080586
0.49771155150891905,0.4990339
0.812711530893348,0.7964718
0.503058335837557,0.500109
0.536748276341341,0.54342365
0.49963142192520704,0.5007883
0.500454067453571,0.5001839
0.49993347492712303,0.49902785
0.5012948228396791,0.49863586
0.505639868842885,0.50229603
0.657194077033822,0.64667636
0.499378615141481,0.5005888
0.9391405122655121,0.9359648
0.9491224976066601,0.94365555
0.8817904209185651,0.8859293
0.501103413035602,0.50109255
0.864814814814814,0.8628163
0.499444879647826,0.4992459
0.968856000004897,0.9720143
0.543148162780918,0.532038
0.502387797838383,0.4977171
0.5333705676547701,0.63532335
0.5032384076248131,0.50215316
1.0,1.0085262
0.9428148099689151,0.9481056
0.499512079911519,0.49978554
0.515385478914481,0.50110096
0.8589352454866521,0.8622509
0.49163624782463705,0.50047255
0.495188167333284,0.49934363
0.49978298597268106,0.49996936
0.56451559399757,0.5712029
1.0,1.0021398
0.9169579444335111,0.91199124
0.9444721470651171,0.94507515
0.578779355634374,0.5365985
0.9416829147308141,0.941051
0.500642846832961,0.50004435
1.0,1.0046209
0.966105927716505,0.9684684
0.500648176480305,0.50072724
0.9469429238566671,0.9470264
0.6311920976017,0.5316744
0.9448296826054181,0.9494367
0.500237754817213,0.50139225
0.495611661615788,0.49806377
0.502503087408384,0.50153327
0.5048256150179511,0.5022783
0.501264528684604,0.5003857
0.9185076957965651,0.9198026
0.9622666468877601,0.9658064
0.946719107281607,0.9528104
0.514200338433747,0.51025695
0.7352435157605991,0.6049787
0.8896152648646171,0.870199
0.7723161266778671,0.69008285
0.9217672912613931,0.93033326
0.8300585874945781,0.84659696
0.5807203820485071,0.5787175
0.580782135059701,0.5857904
0.49915527454453507,0.49939117
0.8354785630999461,0.856502
0.955013282080265,0.96640897
0.9184656436895501,0.8771965
0.83284125404684,0.84671086
0.501288062756864,0.49959052
0.502391665575425,0.5023604
0.678254629446957,0.70112324
0.499444879647826,0.49902886
0.9315262976405411,0.9238882
0.7521712982191621,0.72400355
0.850521727303376,0.8427446
0.7761474511791501,0.75101256
0.9417321991204871,0.93505794
0.50001371170741,0.49999037
0.9252362727798261,0.93114877
0.517157921357922,0.50765747
0.8212969572234791,0.83388376
0.500708693152706,0.49981773
0.5009794795655911,0.50180644
0.5116000679450551,0.5074316
0.501632934867668,0.50389355
0.5104314054494701,0.51331204
0.812711530893348,0.7766484
0.521405616350828,0.5376109
0.504082193788851,0.5027891
0.741769396268488,0.76087433
0.5048488540834161,0.5066751
0.9351493536375081,0.8262839
0.9391161988334991,0.94717175
0.942977321893095,0.9278875
0.5008933554242181,0.50041425
0.5062412845526401,0.50499314
0.864814814814814,0.86298686
0.8593450905013431,0.8583802
0.9879400945874931,0.98169476
0.873818060062548,0.8689099
1.0,1.0010921
0.829626401913343,0.8412861
0.5019645197360441,0.50939703
0.49756262240203303,0.49740303
0.49893353652929906,0.4987196
0.5004227315494191,0.50043136
0.49861589478299906,0.49916795
0.49993347492712303,0.49902785
0.49950405146004806,0.50017625
0.501732291465273,0.5039665
0.5624391939205381,0.5880567
1.0,1.0025798
0.496682386908857,0.49902308
0.751666666666666,0.75248504
0.524455129581552,0.5133878
0.573994632598217,0.60421586
0.754471099509301,0.7511918
0.49790442599203905,0.4965011
0.5024761168728601,0.50024927
0.501690215365563,0.50334287
0.49892143726581606,0.49908853
0.499745275795049,0.5010846
0.5059389040269711,0.5111629
0.9079734016217631,0.9202639
0.8417024740237881,0.8712514
0.9402995867237831,0.9415311
0.581583482301362,0.57339036
0.49651688659367404,0.49902567
0.500923933778572,0.50078076
0.9052931964939571,0.88913953
0.6780322339837,0.69161534
0.502387797838383,0.49753585
0.8452487378725131,0.849449
0.500728741052317,0.49906465
0.500312096715272,0.5006178
0.499580511765055,0.49912298
0.500511544482512,0.4991703
0.945352156503218,0.94289017
0.49423072196050105,0.5007971
0.49915527454453507,0.49939117
0.631280818043319,0.65732974
0.49717805727789005,0.49841332
0.8134713977758571,0.78501207
0.7266650123358811,0.71511334
0.503248091090534,0.5000622
0.49892143726581606,0.49873653
0.895478787808703,0.87533605
0.897922579531898,0.8919271
0.7726238665827421,0.7114597
0.7413690476190471,0.74150354
0.5104750584641901,0.5123107
1.0,1.0042909
0.50002312641829,0.50049937
0.5020398112269371,0.5026052
0.5112591306148571,0.5075663
0.5022539292749271,0.49733156
0.502400436239781,0.49998125
0.5088767955075031,0.50904274
0.9395833333333331,0.94607896
1.0,0.99820775
0.9887597571163571,0.9769123
0.498409922024635,0.49797523
0.5339102158586401,0.5264895
0.9026069291766431,0.9079496
0.503319296227836,0.4997992
0.9189816180523561,0.93721384
0.49528512531366603,0.5017974
0.5867642815367591,0.5816865
0.50001371170741,0.4999691
0.499080687231277,0.50006634
0.500323675707262,0.50012475
0.6970214611930451,0.72773427
0.908503983464063,0.8905286
0.859063970115793,0.87106144
0.50337933341758,0.50711715
0.499240349947895,0.5001384
0.6789868317905701,0.75317186
0.4968450207637,0.4988213
0.9228004894673091,0.91529846
0.49570325416230104,0.49910346
1.0,0.9966658
0.9583900289097471,0.89886475
0.499080687231277,0.49975
0.5012948228396791,0.49905747
0.5004044770249161,0.50067973
0.8791107404053641,0.89060277
0.5047226115804321,0.50523263
0.9343604108309991,0.9327673
0.9664868535499531,0.9633298
0.8729883238766961,0.8761172
0.8736695470223421,0.8679193
0.9213759696942061,0.92321736
0.873216888557177,0.889744
0.904906048791804,0.9071753
0.5047226115804321,0.50523263
0.5053744597962581,0.5056269
0.943318361650278,0.9355401
0.605073568453954,0.66243076
0.5236497877122871,0.5176413
0.9650876618753431,0.95949507
0.952422668728744,0.96203
0.5004070501062431,0.5003621
0.501296629358374,0.50017184
0.49504023527891405,0.5001802
0.9713283651663931,0.9724697
0.535854342809284,0.5324587
0.49338125545624606,0.4994566
0.499827204468106,0.49877748
0.864814814814814,0.8659448
0.505821423771807,0.49977523
0.5025970545678551,0.500317
0.7506127450980391,0.7380277
0.8744396671675441,0.85864794
0.5030712790752581,0.50215316
0.8721392917126131,0.86883587
0.499512079911519,0.49973705
0.9637593092922451,0.96695095
0.5270078999591911,0.5230589
0.500011916379108,0.5023667
0.5004070501062431,0.50034744
0.51148875996291,0.51200306
0.9480286738351251,0.9450243
0.864814814814814,0.88857096
0.501035434220469,0.50026786
0.8838599457216231,0.8727591
0.8903158134433171,0.8663072
0.844339774211544,0.9251806
0.9217904980814731,0.9359841
0.500923933778572,0.50078076
0.49988837093825506,0.500103
0.5138293481436861,0.5132506
0.63021669341894,0.6308375
0.984918850289875,0.98309433
0.49994587467974505,0.5012248
0.5156708161536361,0.51197445
0.976965447746697,0.9764379
0.552838503279202,0.7324392
1.0,1.0042053
0.8923869949764991,0.87359667
0.851709426963671,0.85309875
0.5113503430288531,0.51377183
0.5027307785134331,0.5007838
0.9412492368742361,0.95256186
0.495611661615788,0.49806377
0.498145586160728,0.49981984
0.49950405146004806,0.49982435
0.5012948228396791,0.49932107
0.49852733247435504,0.4984365
0.501073859387226,0.5008397
