true_mean_similarity,predicted_mean_similarity
0.7859699046982851,0.78197986
0.496862097183462,0.50005794
0.5020536019836871,0.50341654
1.0,0.9975024
0.9702509819474201,0.97170216
0.500380311865968,0.5018877
0.8557621509544581,0.78693026
0.49884089895195505,0.51440436
0.498042911677041,0.49989334
0.620986128258986,0.65417975
0.515566606389391,0.51766145
0.49970386444477105,0.50254536
0.503391126068324,0.5065966
0.5138293481436861,0.528068
0.503540713397657,0.5057647
0.9395833333333331,0.93341446
0.8787469385120641,0.9122126
0.5000249731831891,0.4992614
0.497209265584415,0.49885556
0.9249490126623011,0.9458269
0.9104770610588011,0.9162731
0.664699396734729,0.6857452
0.5359592807469871,0.5352732
0.7848093025099381,0.8024594
0.5004044770249161,0.50024617
0.883691756272401,0.8784704
0.9524007286346531,0.9447388
0.498713552170488,0.49896383
0.506258256569944,0.49613616
0.49087453478973303,0.49745795
0.8443281045852571,0.8618751
0.565284691430823,0.5787187
0.49893353652929906,0.4978656
0.864814814814814,0.8763414
0.9106745103477931,0.9233141
0.49219564444432806,0.5071349
0.49925020236184503,0.49981284
0.49651688659367404,0.4984548
0.885613662548662,0.8868369
0.497268506123528,0.5000336
0.517269704577071,0.5136281
0.9395833333333331,0.94211555
0.826867217545166,0.8414109
0.9728208877796011,0.9754757
0.5294205157374451,0.50620365
0.8429821140158761,0.8392554
0.500573224566362,0.49983662
0.941406045298626,0.9467747
0.503391126068324,0.50594443
0.554351615347644,0.5395654
0.499827204468106,0.4998039
0.95955719358656,0.967707
1.0,1.000518
0.6983075256304091,0.6926618
0.49892143726581606,0.49860978
0.49676203921370704,0.4983703
0.49527393771607103,0.49991438
0.980776629453572,0.9715686
1.0,1.000565
0.923311974660125,0.9182855
0.9705878123225051,0.9835179
0.51863433112746,0.5275991
0.501610266277696,0.50037915
0.500079433225301,0.5010847
0.98196505162176,0.97285455
0.5052246039975821,0.5030511
0.5324593048277251,0.5048916
0.9089498076875181,0.9108752
0.9155925490290141,0.91866493
0.8846970450239041,0.8880619
0.981039876697479,0.9871121
0.817163631725055,0.84515756
0.7479074599065051,0.7569586
0.49652035514771403,0.50031567
0.841058535935943,0.8665693
0.49972792679134503,0.5020261
0.49652035514771403,0.49965665
0.504851510250524,0.50541246
0.827895768961988,0.837033
0.95762840445939,0.95388377
0.9375,0.94041973
0.5020801914810781,0.5015229
0.500912125521858,0.4992614
0.522072570629456,0.54912233
0.637664783427495,0.6385291
0.49989718451914605,0.5007109
0.8041308805265791,0.80762374
0.5241601619550981,0.52294254
0.9041462445547811,0.9065072
0.9074484122173591,0.7884467
0.500120174296345,0.5032154
0.49672344731848206,0.50219035
0.498382714064433,0.5001914
0.5004044770249161,0.50019765
0.5732221456819511,0.55048776
0.902789053898522,0.8797084
0.500573224566362,0.4997655
0.49918528466723205,0.5024703
0.501522523165235,0.49907094
0.5019054264316231,0.4993523
0.8272424586251781,0.78197986
0.630250747642051,0.63067865
0.49115678122111206,0.5035318
0.49707190797868306,0.5035983
0.524878468753468,0.5137739
0.5112591306148571,0.5008741
0.8948067632850241,0.92821324
0.851579570288526,0.8625002
0.499719316510189,0.500303
0.50002312641829,0.50024617
0.49811173289433003,0.49949053
0.978399855166404,0.9659777
0.565709277238403,0.6060441
0.957242369629769,0.96391535
0.49783277650010305,0.503721
0.49971191282109806,0.49909708
0.491724624786024,0.50087625
0.499879448442118,0.49966586
0.500708693152706,0.4991167
0.645418325721808,0.5983287
0.516024673979219,0.50499356
0.95039314346112,0.95751286
0.9918699186991871,0.995357
0.620986128258986,0.6433085
0.8734304375667871,0.88967794
0.508666166205183,0.5038331
0.9438949337615921,0.9450676
0.5015020206553921,0.5008707
0.49918770066295604,0.5007109
0.5171827160108411,0.51347685
0.9214389016558391,0.938253
0.501610266277696,0.4999242
0.511432356213068,0.5109832
0.8088148612564581,0.83850634
0.919191446446852,0.9163148
0.500454067453571,0.49973795
0.8948067632850241,0.92429036
0.5146045033205671,0.50768524
0.5010176912781621,0.5038423
0.502339010448239,0.5010108
0.974207541760511,0.9871121
0.950975867494748,0.9628917
0.9477412781455691,0.94879526
0.548054224335904,0.57515395
0.91096138472899,0.8864
1.0,0.9956289
0.499381135713136,0.50082636
0.520609527087597,0.52383995
0.526108445172849,0.5318822
0.49626525855393305,0.50005317
0.497483394404772,0.49791402
0.503749774589987,0.5003272
0.49845123957137805,0.50079036
0.49626525855393305,0.50005317
0.986308371540993,0.9697071
0.833490868450361,0.8480474
0.7885697175642581,0.83803594
0.5947574740461771,0.59531534
0.830137005205531,0.839036
0.499080687231277,0.49993685
0.502339939667183,0.4969264
0.5339798123039611,0.5374363
0.501743283943045,0.511463
0.49804523428894004,0.49930468
0.9181222559945961,0.96626854
0.8548542557098331,0.8686477
0.49978137132874106,0.49941605
0.5099426511107811,0.510977
0.8728053805747501,0.8594698
0.517541285298294,0.5165584
0.8954060350676881,0.91574544
0.497209265584415,0.49885556
0.49852733247435504,0.49724245
0.9073781913636021,0.90981835
0.504585384725703,0.50301474
0.87384195125575,0.8905224
0.928616352201257,0.7935307
0.9800397465727431,0.9883874
1.0,1.0005088
0.50361339539577,0.49948558
0.9654728066575791,0.96424556
0.8884588215260021,0.88694304
0.49234726211288704,0.51697767
0.8517386114426581,0.797085
0.964671920503796,0.96683216
0.894046170843046,0.8963586
0.8954060350676881,0.9118656
0.944979413539583,0.93862706
0.9470673696251861,0.9531943
0.726939585903128,0.73676044
0.497685388722554,0.49931633
0.50001371170741,0.49934277
0.500146972595885,0.49823773
0.7179198354432,0.74283355
0.503749774589987,0.5003272
1.0,0.9971488
0.9375,0.8789238
0.509952821690557,0.51060456
0.73512622136029,0.7528033
0.503605558607885,0.4962296
0.497209265584415,0.49872077
0.5164246438708661,0.59768665
0.926846941099397,0.9268754
0.49862299254934206,0.49891922
0.49915527454453507,0.49940574
0.49918770066295604,0.5003345
0.563761773740603,0.5503318
0.493629520940757,0.5015445
0.756195805271475,0.77294016
0.648985066508431,0.6790462
0.9845086635162971,0.97459584
0.9082015379890771,0.8958607
0.675060199755738,0.6857071
0.9436890111745401,0.95283127
0.497316292883663,0.49925208
0.5222580933137191,0.5197553
0.984707314649175,0.9565519
0.6477544591723791,0.6768683
0.612399552854469,0.6668345
0.5046739385394371,0.5048518
0.501573426604507,0.5003421
0.49932753335914004,0.49942583
0.5052246039975821,0.5030511
0.9590823970037451,0.9392778
0.9262009750175451,0.9302625
0.829779530884293,0.84161896
0.5178228375645161,0.5085951
0.50273893751333,0.5083165
0.7580071361246461,0.73295724
0.8441949645611331,0.84057987
0.853481588312025,0.8592649
0.9506792253999291,0.9156929
0.6164269148393761,0.5694051
0.49687613060657804,0.5021771
0.9705746715499671,0.9677058
0.9720075292323691,0.9694382
0.506612656733894,0.5026986
1.0,0.95284516
0.499741346752515,0.4993407
0.511961310380581,0.51127195
0.946669403776323,0.9414226
0.6578865542887801,0.73318535
0.500380311865968,0.49961552
0.5237591293467561,0.5720492
0.49972792679134503,0.5041673
0.9375602270230591,0.9427052
0.9098122777363681,0.9212843
0.498640900853885,0.5016439
0.512813710827544,0.5078384
0.5054040362909821,0.50678915
0.49934563800066806,0.49997097
0.49494837954059606,0.50040936
0.940016429827156,0.93835956
0.9727268317887181,0.9527161
0.504102425907047,0.5016397
0.503966813210568,0.49920392
0.6653625366004,0.6119642
0.865827650097238,0.85920984
1.0,1.0036734
0.49338125545624606,0.5003174
1.0,0.9971488
0.9322094370422861,0.938708
0.6099834236587021,0.7808625
0.880232854846247,0.85703605
0.9589077102289231,0.91892403
0.945443265367886,0.9447388
0.49866589658526905,0.49957278
0.500323675707262,0.4992614
0.855967428182782,0.85680836
0.49925020236184503,0.4992614
0.499080687231277,0.49963173
0.5381157613030141,0.5156847
0.8520845468267211,0.86578244
0.49835246090225205,0.49983555
0.49876004752767705,0.49722695
0.50517609899826,0.49734384
0.9695221381795911,0.9743154
0.9359346001019451,0.9307045
0.8102510483344161,0.8133624
0.49925020236184503,0.49989334
0.5303004495504491,0.54672045
0.663958187675986,0.66276836
0.5666120253512801,0.57182467
0.50500233100233,0.5140284
0.5034877628119611,0.5014875
0.50001371170741,0.49934277
0.643263599938357,0.6524748
0.73637715062715,0.7951147
0.5060264137121311,0.50335187
0.50092961695603,0.5017886
0.746451957130925,0.75934875
0.500810247184957,0.5049981
0.879336489898989,0.8904688
0.493204008775297,0.5012921
0.8517477217729441,0.8538542
0.49892143726581606,0.49891502
0.8642919176649331,0.79895437
0.799960139762206,0.8048908
0.49819178231280603,0.5005053
0.5394742043502211,0.51440436
0.8103943687874351,0.8457899
0.524497724497724,0.5465786
0.502737797113438,0.50367576
0.49763998039973306,0.49798697
0.6970890791493151,0.64148945
0.502405799874526,0.5018656
0.49768929472501705,0.49892935
0.523977829757996,0.5521536
0.8578339673624571,0.84814465
0.751666666666666,0.7824217
0.9375,0.9454973
0.5312808731138451,0.52616256
0.608653543925821,0.64239043
0.9571946512956481,0.9473954
0.957114827484234,0.9462044
0.6319862090638261,0.63725543
0.5132762899747161,0.5091009
0.713184197721873,0.7645703
0.508782375256823,0.5083187
0.9646159532189241,0.961461
0.830432340652224,0.830299
0.499745275795049,0.4994937
0.7506127450980391,0.71470326
0.5019781258522611,0.5026171
0.499741346752515,0.4993407
0.8499999999999991,0.8164388
0.500728741052317,0.49837545
0.600138913762396,0.58317286
0.505068314351631,0.5025418
0.49862299254934206,0.4992594
0.8215143672878491,0.8439623
0.520730006592208,0.51862615
0.65393614093036,0.58596367
0.49651688659367404,0.5000657
0.8112535612535611,0.82157654
0.9618084572660731,0.95282304
0.918427230046948,0.9489238
0.9343604108309991,0.9321693
0.5055182626590631,0.50181425
0.5004044770249161,0.4999412
0.5866977019931501,0.5997486
0.8893252885881361,0.891197
0.5029671218750751,0.5003272
0.499648936267201,0.49935728
0.5032767425251451,0.50238365
0.5204036083401891,0.5195516
0.515741028143024,0.5237805
0.70437369448019,0.73128754
0.9600277723393301,0.8778567
0.512453687500262,0.5182961
0.501555558613415,0.5034546
0.49835246090225205,0.49978715
0.872411989719682,0.88061476
0.49876826102715605,0.5006304
0.984707314649175,0.9526571
0.8734304375667871,0.8844111
0.520121098584831,0.5190943
0.5040098164170881,0.5037735
1.0,1.0026895
0.6970890791493151,0.66248035
0.495611661615788,0.49873474
0.49187461855414305,0.49971434
0.5236497877122871,0.51593167
0.49823317499747805,0.49941874
0.500672748462896,0.5009012
0.501525907030078,0.49958864
0.49885548484912207,0.50717777
0.503749774589987,0.50075734
0.49892143726581606,0.4989086
0.501610266277696,0.5003919
0.497659473213426,0.50058496
0.5147236832542721,0.5108629
0.49945956534365404,0.5001759
0.963989977322354,0.97272813
0.503013926082315,0.4977148
0.963322240484294,0.9484766
0.8873902199231791,0.88323194
0.495611661615788,0.49831468
0.49811173289433003,0.49953896
0.9262405158572721,0.8786499
0.7506127450980391,0.735487
0.500114298989349,0.49619466
0.5031569298213611,0.50272286
0.501363073282161,0.5040182
0.8979814764433861,0.91174775
0.501753034581885,0.49859044
0.49925020236184503,0.5000336
0.930944963993478,0.9264063
0.5032322168019701,0.50402004
0.8575858456736841,0.8464581
0.9246010863442451,0.919481
0.531087468208258,0.5257837
0.899971701274031,0.8951625
0.6639362667924951,0.6413929
0.49764179266474406,0.50205535
0.9664791507081041,0.96214384
0.49750156972143206,0.49955285
0.916969018015356,0.8796723
0.5004085006177981,0.5003599
0.730289669972169,0.7480316
0.8335444850925181,0.80763274
0.8817904209185651,0.8768478
0.5950706700152261,0.51724
0.498624528713531,0.50003654
0.517841270006662,0.53030413
0.906767482392121,0.9055471
0.499528057763775,0.5114483
0.892578888087296,0.8863141
0.824065466906986,0.8607595
0.9586801641688341,0.9655994
0.5150450162774101,0.51255774
0.9438746233079811,0.95236444
0.9724937996031741,0.9841531
0.49893353652929906,0.4994364
0.500316846678864,0.4995751
0.771628328565331,0.7958608
0.506902461127813,0.52072966
0.7466076521678381,0.7480316
0.497483394404772,0.49895296
0.9424055358331731,0.9368784
0.5006955946478261,0.49944538
0.502724389232254,0.5024449
0.516024673979219,0.5179974
0.837304578298602,0.8358928
0.49990608997482505,0.49952665
0.8656838454358751,0.8797262
0.5020116578658751,0.49845222
0.7704583877269781,0.70127034
0.49763998039973306,0.4982922
0.503742349992312,0.5000478
0.9385868264402131,0.9458269
1.0,0.99632263
0.500459183576489,0.5002697
0.9486439722280441,0.9382063
0.960294858751438,0.95235705
0.557578112832381,0.5416205
0.8496229696257851,0.8280989
0.499512079911519,0.49945924
1.0,1.0005325
0.815795350499094,0.8052469
0.9659262702348901,0.96683216
0.9503708238581261,0.9502552
0.49804523428894004,0.49930468
0.5005422752066571,0.5018378
0.9092898719489371,0.9059969
0.501329765639906,0.5033101
0.49971191282109806,0.49909708
0.50216019937624,0.5073992
0.9089995731625731,0.919481
0.544464511353297,0.5430207
0.654363573655632,0.6270217
0.9592199618494021,0.96784747
0.9522797670058251,0.9495439
0.524455129581552,0.51650023
0.499354866055418,0.49917847
0.504461787239619,0.54300284
0.9196596654573651,0.9173609
0.500558013856718,0.4995994
0.499378615141481,0.50002253
0.8662793840602451,0.8432899
0.9026069291766431,0.9109317
0.603154415029414,0.5559829
0.539247479135314,0.54077196
0.5894329588281011,0.576086
0.49901086043658305,0.49750343
0.5114685493172471,0.5113029
0.49949661160096803,0.5006793
0.96517658531906,0.9497066
0.501035434220469,0.5003056
0.49927350117714603,0.49917033
0.8799415144566941,0.90204066
0.9535810280174921,0.95491785
1.0,0.9934941
0.92327990102649,0.91384465
0.497209265584415,0.49881727
0.8170558516860441,0.79387337
0.867745070345261,0.8449922
0.866216213794555,0.83561444
0.645212830968611,0.65417975
0.5049647369355831,0.509803
0.49398672135175203,0.5006181
0.5241601619550981,0.5321005
0.502212745753666,0.5026986
0.8476355582030821,0.85308635
0.895786153576914,0.9050291
0.5002188903674001,0.51454383
0.5950049603174601,0.5078332
0.851039207247502,0.8429807
0.851107991578364,0.8612915
0.49852733247435504,0.4969137
0.49852733247435504,0.4969137
0.501116343711943,0.5177317
1.0,1.0045989
0.7507582939184031,0.8176917
0.833373874592457,0.8310322
0.9623385556426061,0.9605917
0.508071931866345,0.50039566
0.63021669341894,0.63324505
0.49763998039973306,0.49798697
0.5310894797690571,0.5222302
0.939551125986623,0.93441874
0.5004070501062431,0.5023389
0.974207541760511,0.97725415
0.7095864676032181,0.6127278
0.554310313342123,0.5795802
0.5020116578658751,0.49845222
0.500380311865968,0.49986136
0.981994331166371,0.97015077
1.0,1.0059633
0.8468338399189461,0.86130494
0.499067453974299,0.5030358
0.941736694677871,0.9388356
0.506291524944759,0.5055745
0.500079433225301,0.50200146
0.88370234309075,0.8764458
0.49892143726581606,0.49891502
0.8487633717909071,0.8594022
0.515566606389391,0.5345791
0.9043520713999441,0.9179422
0.49953373213060603,0.5022671
0.49906806893659106,0.4995213
0.529638281715071,0.5236152
0.504169691068119,0.5045894
0.9598583012004991,0.95719767
0.508475295026176,0.5004221
0.5341745460466321,0.54439926
0.504859966817932,0.50402004
0.503611803185778,0.50340265
0.501229055294669,0.49918154
0.5058548065363471,0.50390947
0.9617400044731291,0.95320296
0.49989718451914605,0.5004057
0.49835246090225205,0.49983555
0.500728741052317,0.49856845
0.899204675413602,0.91003376
0.9672648102553911,0.9580362
0.49862299254934206,0.4991191
0.9083708755932781,0.90176314
0.501753034581885,0.49831527
0.8468338399189461,0.8483011
0.5008933554242181,0.5003303
0.500875834216958,0.5033301
0.9383315574180311,0.92954415
0.7766783235739491,0.7521767
0.9664755022165531,0.96951187
0.498042911677041,0.4992614
0.5014244411815301,0.50368804
0.9446765913832481,0.95719767
0.51887843089407,0.5408652
0.5210370582729741,0.5167075
0.589934682947316,0.67778414
0.9549317788617591,0.95285857
0.569126903756857,0.55610454
0.515241962490061,0.5113638
0.838359282956018,0.84309757
0.9325583209224501,0.9132803
1.0,0.99781346
0.5000402802899451,0.50002515
0.8443505257064841,0.8320086
0.49521460941190903,0.498909
0.5022162440276571,0.5018644
0.799460527110418,0.8791595
0.8686145794485151,0.88109356
0.7186277892799631,0.6928238
0.8468338399189461,0.84807146
0.9085662491866571,0.9116894
0.501146821387166,0.5029879
0.8564215164932151,0.8505595
0.9287722522909351,0.92054206
0.9853202489127391,0.97417986
0.9218778538391411,0.92192334
0.506393647217889,0.49849844
0.7711983536807471,0.76482874
0.502387797838383,0.5000336
0.49975057879967805,0.49904788
0.870311376583154,0.87189037
0.9395833333333331,0.9241974
0.49614197355154205,0.49885094
0.9396207081237431,0.92794657
0.9441967414251441,0.9464002
0.503640497682541,0.5035983
0.873143371905666,0.8693291
0.8247098432555651,0.8362975
0.886280274325786,0.87443006
1.0,0.9972649
0.49854734973614906,0.49982002
0.9827525221691881,0.97109604
0.8305295168911071,0.84705657
0.9120075747404001,0.9286932
0.899427658364761,0.9207284
0.573350113358643,0.5954923
0.936005060956928,0.94550097
0.502387797838383,0.49985698
0.8653101971158561,0.8521599
0.49922349136945404,0.5000938
0.500728741052317,0.49856845
0.500119604378338,0.5007075
0.500312096715272,0.49777478
0.560584856664177,0.5578185
0.926260424029935,0.9409961
0.505495127165774,0.5022292
0.495611661615788,0.4980794
0.500708693152706,0.49944457
0.501296629358374,0.5024635
0.500323675707262,0.4992614
0.7117359000337721,0.7342091
0.8643665575521361,0.8167871
0.5108387053570961,0.512122
0.501007972238405,0.50199586
0.50002312641829,0.50024617
0.971532544346232,0.9774089
0.49889943051422503,0.5001759
0.9390263367916991,0.9296754
0.522821516933024,0.5242599
0.6678427528742651,0.6580739
0.8249122950272371,0.8838708
0.49734644264454203,0.49979615
0.5236497877122871,0.51553035
0.850347336522121,0.84622043
0.5774756626473171,0.59245324
0.7058673469387751,0.7001946
0.943545311939293,0.95063
0.9117869198799341,0.9197917
0.499354866055418,0.49917847
0.53437021451702,0.5338971
0.5006955946478261,0.49918857
0.505371569679898,0.5046997
0.8431366399827871,0.8451544
0.5017722185225371,0.50082433
0.5082562574949601,0.5061145
0.49915687990029706,0.50097555
0.5595875519550031,0.67550004
0.8594881472677021,0.8591657
0.49763998039973306,0.4993695
1.0,1.0004487
0.500708693152706,0.49944457
1.0,1.0019952
0.49676203921370704,0.49899268
0.7345648207698571,0.73845345
0.825316124232993,0.80456185
0.516024673979219,0.51738584
0.5004238303887111,0.50183356
0.497261717047539,0.4999731
0.504471845061728,0.50474745
0.500454067453571,0.5000431
0.500708693152706,0.49949297
0.49520334264539306,0.5018043
0.5468674976880501,0.5538011
0.503412221329081,0.5042325
1.0,1.000565
0.9680633255409311,0.9627503
0.511140664009467,0.5097547
0.52639952838755,0.51401055
0.9042612257724401,0.9140667
1.0,0.99888617
0.931589045474923,0.92957604
0.7664230720767731,0.7806673
0.677784428482752,0.75643283
0.49826935142133,0.5022292
0.504060008676797,0.49927554
0.49983992584833503,0.49994424
0.5097958257783171,0.5064759
0.88839448517099,0.8996608
1.0,0.9979749
0.9071522760125361,0.90629005
0.980426780757177,0.9814697
0.49983373386925406,0.4995734
0.962635182127314,0.96310115
0.9861823361823361,0.9841044
0.539639869681341,0.54226655
0.5442931703365721,0.5620598
0.49734644264454203,0.499039
0.5054884621459991,0.53428984
0.5094649108865651,0.5067158
0.96584162586271,0.9760729
0.502439655468938,0.5016176
0.980191554019127,0.9697071
0.49922349136945404,0.49932927
0.8831069358480501,0.87011456
1.0,1.0018084
0.499580511765055,0.4989415
0.9305603402694451,0.9427182
0.8844629400025801,0.87473935
0.601693045680193,0.620332
0.504082193788851,0.5006989
0.9543769007931121,0.9469394
0.9899555175054061,0.9832003
0.95136304796041,0.9408114
0.5014010653652771,0.4805972
0.499381135713136,0.49941874
0.501073859387226,0.50056756
0.521360638405041,0.52519363
0.513432479613914,0.50665617
0.49826829768907205,0.50188535
0.49946395044266007,0.4902058
0.5046270154587751,0.50143033
0.9639091272656231,0.95301306
0.49892143726581606,0.49891502
0.501189420525401,0.5033101
0.8712394451118951,0.87571317
0.88033067794838,0.8709748
0.5034686661901251,0.49653015
0.9815024006542861,0.93461907
0.8952592352454121,0.89023554
0.50001371170741,0.49927157
0.9879353233830841,0.9909598
0.7058673469387751,0.7003337
0.864814814814814,0.8686705
0.500380311865968,0.50016654
0.8175259245112181,0.8819348
0.899949348607173,0.91450745
0.503058335837557,0.50247616
0.8468338399189461,0.86130494
0.87674762067499,0.8909466
0.7911250754523701,0.80710614
1.0,0.99677247
0.5552919655249,0.5821471
0.8616791615762671,0.85154754
0.972004057283776,0.9665034
0.500912125521858,0.5002657
0.9464758291999471,0.9414685
0.884012238239226,0.87571317
0.956019562579517,0.9459163
0.49484753277226906,0.50306344
0.500239914586007,0.4992614
0.877513708958329,0.86539227
1.0,0.9974719
0.8828816717899891,0.9029146
0.8494639033804681,0.8769924
0.514216384599683,0.5108629
0.504793128275961,0.5033544
0.49927350117714603,0.49992755
0.520689274330433,0.51966745
0.49970386444477105,0.50154763
0.5020116578658751,0.49908417
0.975667615054407,0.9819812
0.720111448834853,0.733796
0.49854734973614906,0.49971434
0.49993298366737504,0.4999945
0.501403960438067,0.5000352
0.9479106398505521,0.9390448
0.49892143726581606,0.49887866
0.502590066307244,0.4995155
0.8271950678505381,0.82751596
0.9025502853455221,0.9077888
0.49978137132874106,0.49941605
0.498713552170488,0.49894032
0.49227132232751303,0.4985467
0.955259568021906,0.9519674
0.49866589658526905,0.49856845
0.5022111382681821,0.50045156
1.0,0.9980471
0.501303589912739,0.49763986
0.9193056537947051,0.9279285
0.5957263718033551,0.60071987
0.49935750458445305,0.49991438
0.9963519313304721,0.9799194
0.49971191282109806,0.49909708
0.5035041265492091,0.5017412
0.5451432211697871,0.55599624
0.502953837286747,0.5000352
0.49958472784866503,0.500913
0.503217633840517,0.5007547
0.8264382548154301,0.8514867
0.496682386908857,0.4987756
0.49979369971931603,0.5003262
0.49881554017108104,0.49997032
0.912128155883082,0.9107509
0.9323537954069461,0.9264577
0.49886676557566406,0.5001652
0.533181737505045,0.57319057
0.5020116578658751,0.49900368
0.5028595716712231,0.5037735
0.9480286738351251,0.9426386
0.49474996850988506,0.49811515
0.500050277734842,0.4999945
0.497685388722554,0.49869987
0.9381193757295071,0.94154507
0.6536882394864051,0.656611
0.9601715686274501,0.96319085
0.500511544482512,0.49944165
1.0,0.99533623
0.8003903299863611,0.83431005
0.5013756999945951,0.50023675
0.505845478409159,0.5033592
0.506800169097368,0.5083887
0.518718110851227,0.51867795
0.6486203572338021,0.70381856
0.5114334270245641,0.5493735
0.5374030117605421,0.55081093
0.847795691235506,0.8520516
0.49866589658526905,0.49837545
0.9051940340376141,0.9141901
0.49835246090225205,0.49983555
0.5117695778198841,0.51151454
0.9380329559810591,0.92470425
0.8787838484267061,0.8525692
0.802899720801009,0.81724155
0.8883691199500641,0.90763694
0.500280941142444,0.49999383
0.6274407658711081,0.69224924
0.50483068137814,0.50301474
0.49876826102715605,0.5002002
0.501869467036921,0.5001652
0.5947574740461771,0.6050806
0.50712522033159,0.5029833
0.9913123582766441,0.9813232
0.7412204208884701,0.81249976
0.915488359709092,0.9163432
1.0,0.9975503
0.9724937996031741,0.98394257
0.9310964999865111,0.9324834
0.5018967835540691,0.49963427
0.764931545295467,0.75322515
0.9229564944006621,0.9241607
0.5374666543701511,0.5425016
1.0,0.9971488
0.9355332676989081,0.93050206
0.506210288705902,0.62205154
0.99039575858642,0.96729594
0.913759681133367,0.91298443
0.8964657546232071,0.8793069
0.741132631412689,0.7699948
0.9438202247191011,0.89315045
0.49934717363976505,0.5035318
0.5079959468627371,0.51312965
0.49990608997482505,0.4995751
0.960879357865117,0.95764565
0.49945956534365404,0.50082636
0.507970688631948,0.5057279
0.502313689255906,0.5014208
0.89104973446468,0.90015936
0.49754106080258304,0.49947932
0.880209473778726,0.8677938
0.5004044770249161,0.50024617
0.489070013667096,0.49925208
0.499354866055418,0.50021744
0.51235755371263,0.51066375
0.834423364670788,0.8233162
0.50216019937624,0.5073992
0.500239914586007,0.49985698
0.503391126068324,0.50518847
0.5006955946478261,0.49951738
0.49804887792371905,0.49987787
0.885613662548662,0.89210373
0.8823810136769701,0.88638335
0.8468338399189461,0.85024685
0.501296629358374,0.5011939
0.499354866055418,0.49917847
0.5021745927094511,0.50229526
0.501502943472516,0.5005786
0.500323675707262,0.4991865
0.893479151460398,0.8730443
0.49932753335914004,0.49935386
0.956124191941893,0.96242875
0.49653711743128104,0.5009873
0.49521460941190903,0.498909
0.9397793486133491,0.9319303
0.500239914586007,0.4992614
0.577189592315676,0.8031294
0.992878028404344,0.99036896
0.9669440811677181,0.9666584
0.99076812076812,0.97505355
0.503362116266979,0.5045894
0.532852514444315,0.5156181
0.9531638228107041,0.86978257
0.498042911677041,0.4992614
0.7565585305853001,0.8167128
0.9082583003444961,0.9188899
0.49950405146004806,0.4997732
0.5550555689495751,0.5712673
1.0,0.95242524
0.501357853164056,0.5031963
0.5158661292727731,0.5173501
0.872398489699836,0.8478575
0.501762493715577,0.5021967
0.613149154190478,0.5536059
0.5082562574949601,0.50460035
0.7117243867243861,0.7141697
0.8955436009829311,0.90769875
0.5027211180147511,0.5184761
0.9587419154036211,0.95063
0.501424358324994,0.5002697
0.9963519313304721,0.9770617
0.617281142925841,0.621862
0.49763998039973306,0.49798697
0.841954770447341,0.8549234
0.580782135059701,0.5764978
0.503101552999604,0.49701798
0.497209265584415,0.49885556
0.49823317499747805,0.4998707
0.7186277892799631,0.7542116
0.500573224566362,0.5001417
0.89905780271877,0.92610806
0.937930605248887,0.9255892
0.9360027405146071,0.95270884
0.9079817195030451,0.9118736
0.49934563800066806,0.49966586
0.49983992584833503,0.49968755
0.50551443769323,0.51031035
0.9395833333333331,0.9331256
0.511934214294423,0.5099852
0.5202140646936491,0.51755565
0.501298943348574,0.5001576
0.536830860807028,0.5517395
0.8559810381304891,0.8363488
0.8000343634282251,0.7671221
0.49950778109993804,0.5004542
0.514147757946132,0.5060067
0.8316435240741271,0.8371778
0.949715758040178,0.95235705
0.500923933778572,0.5004004
0.5887946193431101,0.5871341
0.925673894976449,0.93678236
0.7706090796875471,0.8004056
0.543808909796207,0.62263143
0.495611661615788,0.499508
0.513001876614493,0.51650023
0.49484753277226906,0.5021876
0.979190186210337,0.9933664
0.9646220069948881,0.96809506
0.8257938931498031,0.78197986
0.502128113090336,0.49958864
0.9601715686274501,0.9591679
0.5018141178647301,0.5099632
0.501189593925318,0.5024214
0.523928406670176,0.5174428
0.500511544482512,0.49976957
0.49865372781523204,0.5008545
0.497261717047539,0.49963182
0.49988837093825506,0.49912873
0.580782135059701,0.5747876
0.495611661615788,0.4982249
0.8545893719806761,0.7458211
0.495611661615788,0.49838006
0.497316292883663,0.4994981
0.9055106014505111,0.90806234
0.850347336522121,0.8527713
0.7880790911998881,0.8182015
0.610802718381115,0.6296738
0.50001371170741,0.49927157
0.896777529316191,0.9033151
0.518335883775352,0.52181125
0.9590823970037451,0.9414234
0.591779748463349,0.5807032
0.494711123913372,0.50036573
0.501460164601713,0.5025936
0.50010967133983,0.54050326
0.984918850289875,0.9815131
0.502686175915493,0.5016473
0.499080687231277,0.49988845
0.49993347492712303,0.4990507
0.49852733247435504,0.4969137
0.500642846832961,0.49995682
0.529393893619826,0.55081093
0.881168831168831,0.84242433
0.9800247845648821,0.9831993
0.49922349136945404,0.50023407
0.9963519313304721,0.97664976
0.7734734917336421,0.79331076
0.515122745067297,0.5055883
0.507756256376765,0.5039631
0.497685388722554,0.49869987
1.0,1.002471
0.49895693491174103,0.50090617
0.8862514763883511,0.88845336
0.9565678858432021,0.9414226
0.501229055294669,0.49897704
0.560232422014458,0.56022555
0.96696243329855,0.9539271
0.49932753335914004,0.49909708
0.902340420837989,0.9268836
0.5178228375645161,0.5085951
0.636885592324922,0.640613
0.49983992584833503,0.49968755
0.7124972195792031,0.7434102
0.5154016491236361,0.5108621
0.5080858548824221,0.505945
0.5439943852323651,0.54299825
0.8735295871259611,0.8593526
1.0,1.0019883
0.587337114421388,0.6800583
0.5086553299070801,0.5054254
0.9397933983863531,0.8976641
0.7058673469387751,0.7001946
0.9662956664774531,0.95764565
0.509865868053697,0.5113916
0.49852733247435504,0.4969137
0.48850345382522103,0.49777478
0.589082391804416,0.6817584
0.51199712546548,0.5045346
0.5007573911272101,0.50075006
0.499580511765055,0.49851063
0.50523853793157,0.5038298
0.815160870803163,0.82527155
0.8385275787105101,0.8500711
0.49978298597268106,0.50244594
0.496189498325092,0.5019837
0.506066490433948,0.5033541
0.504635270682941,0.5070053
0.499827204468106,0.49913955
0.9958768832323741,0.98428124
0.7681269876614111,0.757642
0.9305814179849391,0.93493587
0.9691091438558521,0.9695747
0.7876418658282771,0.79753155
0.499601202287469,0.5033101
0.9470851560191541,0.9302625
0.9539288553544331,0.9376425
0.674497520453403,0.6885349
0.8384205463131931,0.85903156
0.500949894442691,0.5029417
0.49893805928350604,0.4985344
0.49893353652929906,0.49756035
0.5529850459418111,0.548406
0.508949375062921,0.506268
0.9840086034413761,0.97410774
0.49676203921370704,0.4983703
1.0,0.9985303
0.502064968152203,0.5017075
0.497685388722554,0.5000949
1.0,1.0011269
0.49782323706629306,0.5034506
0.9763615139397871,0.9697071
0.497209265584415,0.49885556
0.8580498814380499,0.8514867
0.6861462390555261,0.74883646
0.9464238894632281,0.9602931
0.912755595129316,0.919481
1.0,1.0003909
0.8323344584297571,0.8516516
0.500323675707262,0.5000336
0.501753034581885,0.49812227
0.498769981174049,0.4999075
0.5014481944211401,0.50206035
0.5004227315494191,0.5009371
0.508558438842722,0.5029833
0.54582264188752,0.5892111
0.961810912967305,0.9502218
0.590555935520882,0.61704963
0.9262405158572721,0.9222535
0.8097646103896101,0.8206242
0.511087264401833,0.50919527
0.95618114867083,0.96702087
0.502600199132773,0.49972248
0.8980712964851211,0.91174775
0.878401344303484,0.94457644
0.9655731719925441,0.9635777
0.49763998039973306,0.4982922
0.49990608997482505,0.4995751
0.766087643549039,0.8004446
0.499512079911519,0.49983555
0.49990608997482505,0.49926993
0.7040792983046481,0.6688686
0.978875283446712,0.9732083
0.8323344584297571,0.8969503
0.502924408777583,0.5155942
0.518492059820252,0.51832736
0.9103484915271081,0.9250931
0.501753034581885,0.49831527
0.917248329362755,0.90861
0.521515015129213,0.52687615
0.638356692318648,0.7139777
0.511791641640313,0.5202882
0.9634957531669001,0.9465884
0.49726254178796603,0.49975944
0.7146542174286911,0.6875825
0.9628526382494631,0.96758264
0.8676872912706081,0.8514867
0.549758130633293,0.58458453
0.49949697218835504,0.5002358
0.850269712525153,0.85162836
0.500558013856718,0.49967137
0.5324593048277251,0.5148272
0.8894578037545541,0.8722566
0.923504560931335,0.92429507
0.497685388722554,0.49940187
0.8813239184562711,0.90283823
0.88457550221724,0.89809
0.498263375631296,0.49865553
0.499080687231277,0.49963173
0.9344092448694951,0.9236613
0.927370333813843,0.9197917
0.49906825143667205,0.5061659
0.49915527454453507,0.4994293
0.864814814814814,0.8581416
0.528383295340632,0.54105467
0.6653625366004,0.6492004
0.502530087366996,0.50402004
0.499625384800133,0.5006062
0.9097535401644301,0.91467583
0.50014723271575,0.4999945
0.7412204208884701,0.78465843
0.920143787282173,0.91247624
0.858358585095623,0.8176141
0.8397885932437581,0.8545098
0.9296576568053121,0.9224999
0.504082193788851,0.5006989
0.500558013856718,0.49934277
0.504979644237129,0.50499123
0.49333263125343,0.49819133
0.9899555175054061,0.98100066
0.5019054264316231,0.49969354
0.6653625366004,0.6586234
0.503151694924995,0.51564234
0.606040099664741,0.58495337
1.0,0.9846144
0.9395833333333331,0.93341446
0.500380311865968,0.50016654
0.5138293481436861,0.5261778
0.51487276533711,0.5117681
0.5033206017712061,0.50388896
1.0,1.0003718
0.5008236370590881,0.5004704
0.976965447746697,0.9779337
0.985742144140581,0.96776253
1.0,0.9928031
0.8884588215260021,0.895421
0.9686583092833091,0.961416
0.9646220069948881,0.9711938
0.8499999999999991,0.8131577
0.5031461828626991,0.5072082
0.498263375631296,0.49858475
0.5273636458158051,0.5181823
0.9745526183195491,0.9774327
0.6653290773941151,0.70716757
0.855585630901821,0.86359316
0.8505932207986431,0.92554015
0.501753034581885,0.49893168
0.499879448442118,0.49959466
0.9480665638166281,0.93122935
0.981039876697479,0.9838425
0.49950405146004806,0.4997732
0.9576384029330841,0.95704305
0.5498069195387211,0.58697206
0.503779888463705,0.49973777
0.811696592921875,0.76246035
0.9735897592858701,0.9695754
0.930789158757908,0.93779856
0.8841150816264991,0.8705601
0.5784543218640641,0.5745971
0.8005369966304301,0.7697657
0.492611821822566,0.506576
0.9277794719322091,0.9116396
0.49866589658526905,0.49856845
0.495188167333284,0.49795407
0.49717805727789005,0.49888998
0.9423564734642631,0.96995556
0.8823810136769701,0.8816519
0.5021745927094511,0.50099254
0.5219009123086581,0.52840775
0.503429611890382,0.5022292
0.9044297596797751,0.90728253
0.500239914586007,0.49981284
0.901721332418925,0.90108293
0.499080687231277,0.49993685
0.835663631702737,0.836626
0.900409745837332,0.9181231
0.51789822691399,0.51710194
0.9411016026652,0.94071573
0.968326879639231,0.9476499
0.649357745883534,0.6482598
0.490079465553295,0.5131036
0.8117023933103841,0.8301522
0.49983373386925406,0.5003303
0.9019101425881081,0.87256
0.5006099915297011,0.5084604
0.49990608997482505,0.49952665
0.517246693925109,0.5165849
0.648985066508431,0.6790462
0.9886802661864401,0.98234403
0.5033206017712061,0.50666577
0.6508161083846421,0.684809
0.978775231886792,0.9859545
0.503360565378779,0.5032924
0.49932753335914004,0.4994023
0.49893353652929906,0.4978656
0.50414686280964,0.499899
0.6395106275081031,0.5539683
0.510999274405282,0.5104382
0.9181222559945961,0.95537335
1.0,0.976573
0.5000249731831891,0.4992614
0.973717948717948,0.9595404
0.8335444850925181,0.7978263
0.500079433225301,0.5008762
0.499648936267201,0.49910066
0.5181965212449741,0.62770236
0.49932753335914004,0.4994023
1.0,0.9975503
0.630250747642051,0.6348511
0.9019101425881081,0.91074604
0.9463768172023581,0.9481739
0.49932753335914004,0.4994023
0.9779786053839521,0.98450893
0.965085933236793,0.96713775
0.501573426604507,0.5003421
0.847828183325489,0.82764775
0.567962259533486,0.5697274
0.49979369971931603,0.49987435
0.5807203820485071,0.57893443
0.8292593290948861,0.7978248
0.9682229504659411,0.9668743
0.498263375631296,0.49858475
0.49784555715271006,0.49891788
0.502338496694755,0.5028567
0.5002878058029441,0.50053424
0.499122828779531,0.49966723
0.502088980303765,0.5006315
0.9573387727274281,0.9610299
0.500316846678864,0.49952665
0.501229055294669,0.49965665
0.734493805491355,0.74883646
0.8188019148751081,0.83253926
0.516024673979219,0.5177405
0.5000249731831891,0.4992614
0.49810869812858805,0.49991438
0.49675294502618206,0.4982842
0.49484753277226906,0.50143164
0.499745275795049,0.499237
0.548492115341332,0.53157306
0.5748575637784651,0.57568735
0.957082770865546,0.9452563
0.622954410351084,0.59814215
0.5016685695205481,0.5036527
0.504260348925207,0.49904734
0.499827204468106,0.50024796
0.493204008775297,0.5010461
0.496682386908857,0.4993292
0.6892118281274721,0.6910014
0.72385862521113,0.797085
0.580782135059701,0.5747876
0.687565066718094,0.65546304
0.49950778109993804,0.50000226
0.498409922024635,0.5002657
0.552230020040126,0.5623973
0.7058673469387751,0.7001946
0.578727187472434,0.62948906
0.498713552170488,0.49889186
0.6358602156773531,0.71473885
0.5060533224771591,0.49939927
0.508428952696181,0.50718457
0.8259958153422061,0.82323617
0.51887843089407,0.5326857
0.521648465831254,0.5101359
0.9500726159485281,0.947378
0.507860610507576,0.49948123
0.500558013856718,0.49964786
0.8468338399189461,0.86130494
0.5000402802899451,0.50002515
0.499378615141481,0.49935943
0.503360565378779,0.5051851
0.858554101429114,0.86845666
0.499745275795049,0.4991658
0.49862299254934206,0.49848714
0.49523999540401104,0.49973777
0.9195278778620111,0.9309788
0.49338125545624606,0.49925208
0.5666120253512801,0.5701145
0.9337313128692101,0.9491995
0.503362116266979,0.5045894
0.535389311011717,0.5306805
0.49962663200614105,0.50074685
0.501630616817168,0.5004666
0.49806361374627006,0.50005794
0.5005015237193481,0.5046716
0.636719483953476,0.63602585
0.5602613057193611,0.55188394
0.5020224242407161,0.4997867
0.914321094909838,0.903004
0.49932753335914004,0.4994023
0.49676203921370704,0.49916923
0.9468067879270031,0.95063
0.5070080480168411,0.50811017
0.5250083889204821,0.51328534
0.9858698712556261,0.9842628
0.530182674514252,0.52656054
0.829110219257105,0.8229023
0.498928975657894,0.50133455
0.498640900853885,0.50236297
0.8877902483633611,0.8801728
0.5561683965759461,0.5563499
0.9674694372383191,0.96995676
0.8933440628806111,0.88965505
0.9343604108309991,0.9186626
0.606993058183073,0.5861346
0.7413690476190471,0.77999866
0.503058335837557,0.50217634
0.5120114057473361,0.5109832
0.863836643635122,0.87813896
0.8425134628266511,0.8621557
0.5019781258522611,0.5026171
0.5130219433562551,0.51891804
0.929138025983209,0.9162391
0.49978137132874106,0.49941605
0.5024021580575571,0.5022671
0.8636079622559011,0.9594687
0.8548542557098331,0.86338085
0.5013700412902551,0.5006282
0.499745275795049,0.4994937
0.841905332787365,0.82668185
0.9845086635162971,0.97100407
0.49893805928350604,0.49883965
0.500323675707262,0.49985698
0.897571491832954,0.9145074
0.49811173289433003,0.49923378
0.51213159390968,0.5417979
0.49983992584833503,0.49961635
0.606040099664741,0.61731505
0.9161149951373311,0.9173447
0.5010020432359751,0.50023407
0.49893353652929906,0.4978656
0.9207106959500141,0.9183189
0.48609851259851206,0.49363697
0.501859342206393,0.501301
0.817623341280278,0.7929655
0.559855409464845,0.5569793
0.6929948518944651,0.7217736
0.499543956689436,0.50461847
0.602515418609168,0.5857649
0.5015412825680671,0.5004964
0.502562467246864,0.49968302
0.92008324570583,0.9283416
0.8127119362380241,0.6920188
0.501573426604507,0.49958497
0.502630283580172,0.5038442
0.9161345642426281,0.94446033
0.500380311865968,0.5001901
0.7340352998616431,0.6902078
0.927167460180341,0.93243515
0.9101684497840821,0.8880824
0.49999131051885803,0.49722695
0.8901579630493921,0.8608121
0.516175549630816,0.51589763
0.8465659758763021,0.8544448
0.587453767680248,0.633266
0.883691756272401,0.875393
0.853112900059482,0.8560913
0.51019166487273,0.5060013
0.49676203921370704,0.4983703
1.0,1.0097896
0.9965562097977351,0.9683822
0.50337933341758,0.4999774
1.0,0.9976967
0.505702746373304,0.50393975
0.5004070501062431,0.49973795
0.864814814814814,0.8581416
0.501381158134345,0.4977269
0.9800397465727431,0.9753164
0.501356145078611,0.52081496
0.499745275795049,0.4991658
0.49811189667259503,0.49997213
0.8894620450155291,0.9049587
0.771987434969797,0.80725306
0.9272608044468351,0.92957604
0.9727192833651801,0.9349496
0.5026487502397661,0.4993389
0.8769065113350071,0.8567008
0.510379393902449,0.5017876
0.5183088650917941,0.5179909
0.49835246090225205,0.49953043
0.49983992584833503,0.49994424
1.0,0.99892426
0.49970386444477105,0.5019917
0.501296629358374,0.5011939
0.49811173289433003,0.49953896
0.7413690476190471,0.7411206
0.506902461127813,0.5193433
0.8948067632850241,0.9284957
0.8958736163533281,0.87203795
0.49804523428894004,0.49930468
0.803519007497408,0.8129362
0.87837938043881,0.8658748
0.907537723190281,0.88099277
0.500321460442106,0.49626327
0.49975057879967805,0.49922448
0.8698145589436711,0.8609963
0.5031805977110251,0.50467914
0.5712623775492061,0.6556142
0.7413690476190471,0.7484423
0.49983992584833503,0.49999264
0.49652035514771403,0.49897704
0.49989718451914605,0.5004057
0.529958440763414,0.525312
0.500672748462896,0.50136465
0.864814814814814,0.8581416
0.500196483219839,0.5018948
0.500949894442691,0.5025511
0.5006955946478261,0.49951738
0.9554967750881741,0.94892
0.515566606389391,0.53422445
0.951327622213698,0.963019
0.9120012471008071,0.9253063
0.8121200267525971,0.75499594
0.49651688659367404,0.5000657
0.501596444988212,0.5006149
0.501298943348574,0.49985242
0.49893805928350604,0.4994775
0.572081006488672,0.5722702
0.9017708310972891,0.9257975
0.516421905926154,0.5080948
0.49902456868492107,0.49999973
0.504597780595268,0.5072506
0.9378813370309781,0.9326233
0.9682047073238731,0.96285117
0.9057333828,0.92470425
0.5000249731831891,0.4992614
0.9638897511794431,0.96970636
0.652416434774249,0.65348774
0.9330925477584531,0.92292553
1.0,1.0052621
0.49995679887755,0.5004704
1.0,0.9961956
0.8565594777506951,0.8756426
0.504038917030879,0.5060538
0.500687922686139,0.4992594
0.5032126983955231,0.49332255
0.821910341320772,0.83102924
0.8750909598580421,0.8705601
0.8493684556612391,0.8139385
0.9815000115515661,0.9859545
0.501103413035602,0.5010734
0.507223160497158,0.49896634
0.500642846832961,0.49988562
0.6332789160988731,0.6106303
0.498858537451261,0.52086926
0.93681780864674,0.9287932
0.5138293481436861,0.5261778
0.500923933778572,0.5004004
0.7579786374777181,0.79028237
0.560436211714552,0.6140197
0.730967871513407,0.7303353
0.5004227315494191,0.5019109
0.8946454712759061,0.97984666
0.5004070501062431,0.49973795
0.5166724944076531,0.53067887
0.499354866055418,0.49917847
0.502686175915493,0.5021107
0.498263375631296,0.49865553
0.541116851732321,0.5400906
0.6793915650410031,0.684809
0.687309175379714,0.68944764
0.674750184577879,0.79834527
0.610802718381115,0.599905
0.501667976968812,0.5005871
0.49991661423062606,0.50432044
0.640658308411931,0.6377145
0.9874031007751931,0.98724747
0.9394971159510521,0.9393026
0.5297026004953841,0.5197818
0.5002878058029441,0.50020546
0.9470076279257961,0.9402143
0.857746850611328,0.8353865
0.7020392115845561,0.6929828
0.504082193788851,0.5006989
0.8541621602536911,0.8561383
0.509274879699821,0.4984968
0.500923933778572,0.5007284
0.5019702499540041,0.4895515
0.8243324458676281,0.8452983
0.509983431467503,0.5070839
0.9053635394324071,0.9036629
0.9612480349155511,0.974799
0.5178228375645161,0.5085951
0.9713495356648881,0.9542967
0.5012948228396791,0.4998768
0.5002878058029441,0.50046223
0.928870762012279,0.92342204
0.8391740958296051,0.856032
0.498713552170488,0.49863508
0.9832885176497511,0.9816802
0.501502943472516,0.49982148
0.49823317499747805,0.5001759
0.5052317902959881,0.5009328
0.9658958230288911,0.94354343
0.49988837093825506,0.4992614
0.9426621236694611,0.92085063
0.9064986148946431,0.87966084
0.50966403846261,0.5164149
0.80119702344205,0.83513874
0.9142051694683511,0.9049587
0.9022990847906951,0.90917695
0.503248091090534,0.50506645
0.532878036671907,0.5519886
0.735761867626023,0.76677793
0.8496663449696801,0.852877
0.5004044770249161,0.50019765
0.9380472589541291,0.9317616
0.500573224566362,0.4997655
0.498042911677041,0.5002657
0.8939077396917381,0.9181023
0.656484254180353,0.5690387
0.5064995535736401,0.5075098
0.495188167333284,0.49804783
0.690789248498022,0.7401604
0.5002878058029441,0.5005107
0.502895922392361,0.5035481
0.6033756758302681,0.60034555
0.499973622189519,0.5007314
0.8133552004319281,0.7931763
0.988379530916844,0.9708537
0.9911007712944331,0.9619617
0.8765812427063471,0.88534254
0.5394889648861461,0.55862314
0.624396899396899,0.60258096
0.9711047254150701,0.96769714
0.496682386908857,0.4988057
0.5168320587808151,0.51777893
0.9169579444335111,0.91567856
0.499381135713136,0.5001759
0.49858333644283803,0.50097555
0.9251849155370311,0.9385757
0.7766367339640851,0.7797088
0.50936587996916,0.50811017
0.496682386908857,0.49742752
0.7880108638275091,0.7624946
0.504938402079946,0.5060575
0.498263375631296,0.4985363
0.738277304419866,0.7685789
0.505240839245793,0.50335455
0.5053379541495391,0.5801366
1.0,0.9956087
1.0,0.99865794
0.515201072320964,0.5187711
0.922042580500922,0.9140667
0.510500301799763,0.49966908
0.8541687978008461,0.8532381
0.8135356521197521,0.8315074
0.9054880154779581,0.8094596
0.5609156411852491,0.55963105
0.499444879647826,0.49868706
0.8179155686534211,0.8099863
0.9713495356648881,0.9552977
0.8132576870407441,0.85182816
0.5023747166025581,0.50390947
0.7964126626144331,0.8220544
0.499745275795049,0.4994937
0.49897118149462105,0.49983588
0.49950405146004806,0.50174874
0.49763998039973306,0.49824375
0.9162115061511621,0.9160236
0.49945956534365404,0.5001759
0.909245529792653,0.90633345
0.847024254592533,0.8560913
1.0,0.9951049
0.9007683450615621,0.91418296
0.5018167680567931,0.5028821
0.8278189534772581,0.8139385
0.8466739110532521,0.85709536
0.9175926553125651,0.92420477
0.831783711839142,0.836858
1.0,0.99540067
0.586612299825227,0.58000547
0.568830286375757,0.5894408
1.0,0.99781346
0.9109836806096241,0.8895037
0.8920643475671741,0.8901247
0.8142744307724271,0.8168326
0.979135782012655,0.9700771
0.5208750425626121,0.5257901
0.501955151870465,0.502478
0.49340934363574906,0.50039566
0.506493964368964,0.5181457
0.5200243925849021,0.5162377
0.859077160390258,0.8685003
0.873891544320688,0.8671369
0.49614197355154205,0.49930283
0.501945043447732,0.50368804
0.500454067453571,0.5000431
0.9056665480431441,0.9206045
0.502686175915493,0.5001576
0.7117359000337721,0.7342091
0.630250747642051,0.63067865
0.5666120253512801,0.568436
0.91096138472899,0.89967084
0.9458838862863621,0.9572585
0.509982521599969,0.51946676
0.8041308805265791,0.815736
0.50361339539577,0.4997316
0.49563445526456706,0.5017285
0.5014038141732581,0.5028567
0.9339735132940411,0.81348455
0.9513924012860671,0.94328123
0.6021662131272121,0.6138075
0.8311933401890711,0.8495198
0.5690197613025231,0.5594622
0.8436128613781031,0.80970347
0.500810247184957,0.50239474
0.5020116578658751,0.4988843
0.50052093191691,0.5000214
0.9219757086378031,0.8078199
0.951906751790163,0.957859
0.9480286738351251,0.9492571
0.9744746066131451,0.9738058
0.8414252199339771,0.8478575
0.785597518041044,0.77803487
0.5038719492771561,0.4996163
0.731455694654995,0.75481665
0.501792353115745,0.5019435
0.49750156972143206,0.49946195
0.8887916533136311,0.88492996
0.5859565333356961,0.6438162
0.500366546145096,0.49976593
0.9739822767558891,0.98376554
0.5004389942298321,0.5007552
0.9786204823915061,0.96995676
0.887516556738406,0.8844159
0.49945956534365404,0.5001759
0.9377498111592171,0.9298249
0.49990608997482505,0.49926993
0.9899555175054061,0.9871121
0.498640900853885,0.50236297
0.919066471413812,0.89964324
0.772030930152757,0.6655944
0.502895922392361,0.5046942
0.49629177508381306,0.50120765
0.508411886302298,0.50194275
0.5002623458294411,0.4999303
0.9554102302925831,0.929839
0.927721323232192,0.93041915
0.9661630811377001,0.97697675
0.589675248705666,0.58326405
0.511714990926265,0.5048671
0.9586061507936511,0.9623747
0.502957842263349,0.50220454
0.85627758481155,0.8615547
0.500593670732559,0.5140922
0.8844847102166181,0.8677938
0.598364709347436,0.60881543
0.533981022385287,0.5389129
0.49983373386925406,0.4995734
0.838515542980472,0.85680836
0.510574845147183,0.5047681
0.9970588235294111,0.9901923
0.5032126983955231,0.49332255
0.8393785605513351,0.83551353
0.680045394420394,0.6705987
0.5002623458294411,0.4998591
0.5019976111109671,0.50289786
0.5029296327774581,0.50291026
0.9686583092833091,0.9547848
0.8763127710566541,0.8696647
0.551107190554727,0.5484747
0.49521460941190903,0.498909
0.7880475567072741,0.8137821
0.9022754027895351,0.91131765
0.5006955946478261,0.49918857
1.0,0.9973808
0.952215400869557,0.9366626
0.5112591306148571,0.5027816
0.839225687516549,0.8506633
0.9299893280858391,0.9107509
0.49811173289433003,0.49949053
0.500830987603316,0.50341654
0.502150906199755,0.49925208
0.514688988705512,0.51488805
0.9343815179682391,0.92324936
0.511822165133332,0.50762284
0.9253137432028451,0.9388089
0.7917144331812741,0.7966572
0.9534761017357731,0.9450676
0.9158552570261451,0.919481
0.488830237274726,0.5022848
0.8020036222954721,0.81258756
0.8591961859905091,0.87852746
0.988379530916844,0.97444546
0.886940478339402,0.86385214
0.9188463096203481,0.8880619
0.49893805928350604,0.4987912
0.501298943348574,0.49985242
0.927313966213372,0.9222406
0.49989718451914605,0.50066245
0.5337434965660101,0.5356124
0.500239914586007,0.4992614
0.8853758616812111,0.86845666
0.9601715686274501,0.9581669
0.505523239257324,0.5020625
0.558318338333177,0.53260386
0.9695506777898051,0.9714369
0.844537713820462,0.836191
0.49893353652929906,0.49756035
0.49826935142133,0.5019655
0.535854342809284,0.54232836
0.8639172351907131,0.8635657
0.874639989638877,0.8685003
0.571192543159454,0.5658345
0.9344092448694951,0.9383156
0.548782322308588,0.5658048
0.9879400945874931,0.9832195
0.61046583493029,0.59553796
0.4968450207637,0.49840394
0.6739235992151971,0.6880529
0.500358412720001,0.49956566
0.499879448442118,0.49992257
0.9048637598699161,0.91797614
0.491724624786024,0.5017521
0.9313363395199531,0.9264577
0.49835246090225205,0.49983555
0.9395833333333331,0.9348977
0.864814814814814,0.8763414
0.9346701904758351,0.93050206
0.503749774589987,0.50041497
0.984689194767645,0.96995676
0.49541953128130706,0.5004666
0.9122366795662251,0.9219385
0.518272655915559,0.5264896
0.49717805727789005,0.4990303
0.5029671218750751,0.5003272
0.49927350117714603,0.49992755
0.831957079232391,0.8394073
0.499741346752515,0.4993407
0.49855894982756704,0.5029833
0.927501528645259,0.9194226
0.919556757885797,0.91866493
0.499512079911519,0.49978715
0.49742963110499905,0.49960807
0.500079433225301,0.5010847
0.500573224566362,0.49983662
0.9591049189939721,0.9422572
0.9420578547977281,0.9204289
0.8767827531655731,0.88893974
0.499747049370504,0.5009941
0.668124472746893,0.6803
0.9425885047969281,0.90406066
0.8687788987999081,0.88772184
0.49915527454453507,0.49910066
0.8559510344211251,0.8474696
0.504556372306183,0.50124294
0.500949894442691,0.5029417
0.49934563800066806,0.49959466
0.500573224566362,0.5000932
0.524088229833629,0.52687615
0.502503087408384,0.5002934
0.49849935959839603,0.5032637
0.919813417257875,0.9286923
0.500454067453571,0.49973795
0.5033251278595741,0.5029204
0.49993347492712303,0.49951133
0.9186440310042561,0.91528773
0.947397691750204,0.93862706
0.498640900853885,0.50236297
0.9232198321172821,0.9189124
0.945098405352029,0.9365732
0.9764820810340891,0.9722113
0.572659157483112,0.54386806
0.515566606389391,0.5345791
0.49763998039973306,0.4982922
0.498042911677041,0.5000336
0.9393466177718761,0.9385757
1.0,0.9985303
0.526909714924586,0.5172652
0.8562303343035621,0.83513874
0.8651865101087071,0.86826295
0.84039587408613,0.8388999
0.589624489208047,0.6783487
0.520812486233047,0.5139146
0.982073346043934,0.9832003
0.49719969959279703,0.49833667
0.6712442411292371,0.6828403
0.49972792679134503,0.50051194
0.5033765871203331,0.5041239
0.500380311865968,0.49986136
0.50052093191691,0.500701
0.498808181476719,0.5003083
0.498409922024635,0.49981284
0.500138381132268,0.49669728
0.886982734261023,0.90497077
0.5042243164190501,0.5037997
0.49803015809398804,0.49722695
0.497316292883663,0.49925208
0.500523043852401,0.49050927
0.541381791667169,0.5415005
0.504082193788851,0.5006989
0.8112535612535611,0.8900634
0.502924408777583,0.51635015
0.964686327872537,0.96970636
0.5947574740461771,0.59594834
0.9180476460310951,0.9220888
0.499240349947895,0.49997097
0.8463759923133821,0.85476166
0.503749774589987,0.5003272
0.7601906716908211,0.77746975
0.502516265461829,0.5087876
0.49931859161911,0.50017995
0.49932753335914004,0.500386
0.808019472792952,0.8301001
0.978220968139321,0.97705865
0.5004070501062431,0.49999467
0.6962406442893441,0.74529165
0.5558924536239981,0.55219954
1.0,0.9975024
0.508737747738299,0.50237095
0.847881178059892,0.8177547
1.0,1.0014434
0.49963142192520704,0.4993325
0.5905858280966491,0.5724811
0.5004070501062431,0.49966675
0.875627396601601,0.89210373
0.513026473660758,0.5013704
0.8097895136991171,0.8177547
0.9526405191495291,0.95743746
0.988511576106272,0.984298
0.495176164396017,0.5029541
0.8060012057543081,0.7986792
0.49990608997482505,0.49926993
0.814402394604633,0.7985733
0.5047731088912241,0.50760376
0.78841806537722,0.7637053
0.506805938692235,0.5085061
0.49847686358395005,0.49993885
0.502484904840646,0.50183314
0.839058830818957,0.8495198
0.616865055318598,0.603813
0.864814814814814,0.86366284
0.548528584159877,0.6746793
0.702544845478114,0.7736614
0.9093388731792541,0.9070091
0.504576241012047,0.50810975
0.49932753335914004,0.49942583
0.49971191282109806,0.4994023
0.7739649513837571,0.72504455
0.63021669341894,0.6306042
0.49971191282109806,0.4994023
0.9914974283011421,0.98325294
0.6947151548335311,0.79538393
1.0,1.0003718
0.499879448442118,0.49992257
0.8241232547859381,0.84341836
1.0,1.0003718
0.49872768328390704,0.50030464
0.49945956534365404,0.4998707
0.519910711455367,0.51774555
0.868911883949216,0.8474696
0.500239914586007,0.4992614
0.499745275795049,0.499237
0.813468316382784,0.81050277
0.8223917320709541,0.84592867
1.0,0.9974719
0.8535152223278991,0.8527007
0.500454067453571,0.50006664
0.49970386444477105,0.50154763
0.8657329184180961,0.85677004
1.0,0.99439716
0.572035985059348,0.56622106
0.49702378860077806,0.5001914
0.881265691393158,0.88694304
0.499240349947895,0.49966586
1.0,1.0019952
0.500912125521858,0.4992614
0.518136714051153,0.52510315
0.49862299254934206,0.49949148
0.8586403535591061,0.86777115
0.499587016107333,0.50505847
0.801257964408822,0.80466723
0.862947657103426,0.8489625
0.50052093191691,0.5000214
0.6221097288598001,0.5301148
0.500239914586007,0.5000336
0.498409922024635,0.5000336
0.52198475710338,0.5196385
0.8424590553115581,0.8545511
0.6495816312610201,0.65813935
0.49889943051422503,0.4998707
0.578727187472434,0.5997203
0.87299637785795,0.88772184
0.5072388160441881,0.5047669
0.9363832988643521,0.9509588
0.50002312641829,0.4999412
0.499079001416093,0.504675
0.553852732435695,0.68166834
0.538992275086024,0.52070016
0.8173183900623011,0.8168326
0.49676203921370704,0.49880117
0.542752705603055,0.5559506
0.5112591306148571,0.50011814
0.892178313622447,0.8991107
0.8301004618240331,0.8362975
0.500280941142444,0.5002314
0.626689129492867,0.6253235
0.9339272448730601,0.93983537
0.9027137004704091,0.917767
0.505286180660509,0.50009894
0.7289424639098271,0.76336825
0.9431780404760881,0.9576131
0.504082193788851,0.5003936
0.49528512531366603,0.5021584
0.896937078722677,0.90631425
0.7807331279402461,0.8108116
0.500459183576489,0.5002697
0.9021966767753171,0.91848415
0.960523105264632,0.95903933
0.5052317902959881,0.50127405
0.5066477993781411,0.5036992
0.8601488095238091,0.8889949
0.5007801724492711,0.5018643
0.49971191282109806,0.4994023
0.8425564122379271,0.84309757
0.502686175915493,0.5021999
0.8827197556463571,0.872794
0.8957419489094701,0.90204066
0.49918528466723205,0.5021291
0.49617822974260906,0.50053436
0.5068628473841701,0.49916154
0.949666962028978,0.94199425
0.49823317499747805,0.5001759
0.49750156972143206,0.49946195
0.501035434220469,0.5003056
0.499512079911519,0.49983555
0.49852733247435504,0.49717048
0.501296629358374,0.5019109
0.610802718381115,0.5855656
0.9375,0.9497087
0.86379107316517,0.847694
0.954918245500399,0.9467747
0.49750156972143206,0.49946195
0.8277416698586431,0.8456351
0.49852733247435504,0.4969137
0.49892143726581606,0.4973613
0.49837119725478,0.4962776
0.528317183357745,0.5689574
0.513722649414737,0.5242871
0.9677949025829141,0.96951187
0.5178010756671491,0.5071349
0.56148190826037,0.56137556
0.8043641772140251,0.7582351
0.5006955946478261,0.49918857
0.9679027684258961,0.97297657
0.9806446707298191,0.97285455
0.500642846832961,0.5002135
0.9152844319913971,0.8967776
0.505654235387066,0.50745595
0.8245461183371461,0.84328747
0.761900986968537,0.7433361
0.5123805598029211,0.5082523
0.550651910038935,0.5239743
0.9258665665876461,0.90424174
0.49629177508381306,0.50029415
0.686608349312499,0.5928094
0.8734544123308071,0.85607386
0.49521460941190903,0.49966615
0.8256188428826161,0.80898196
0.9396018277856201,0.93589616
0.49932753335914004,0.49909708
0.500558013856718,0.4995994
0.49763998039973306,0.49798697
0.6278142330972211,0.61394644
0.49852733247435504,0.4969137
0.506733970499893,0.5028266
0.5017584392595871,0.50456357
0.498409922024635,0.4993523
0.548262038358709,0.5463415
0.501521060274143,0.5031905
0.501502943472516,0.50122905
0.989275421984355,0.98480463
0.5006955946478261,0.49918857
0.5008236370590881,0.5029644
0.5157785446512541,0.5137281
0.782300097005979,0.811731
0.918427230046948,0.9236304
0.49673077836830803,0.49734384
0.53634650806862,0.52901995
0.9316237497719531,0.919481
0.8303528728442181,0.836626
0.9395833333333331,0.939163
0.5253740137832851,0.5054446
0.50585813285074,0.5083887
0.853458776701408,0.87842256
0.5032767425251451,0.50238365
1.0,1.0004928
0.5047226115804321,0.5048671
0.569359163476245,0.5916055
0.5087105761703501,0.50772256
0.881814413169093,0.887945
0.498263375631296,0.4985363
0.501039859807004,0.5035444
0.9185257004471471,0.9119935
0.9738643435426011,0.96391535
0.7953535253449381,0.7784005
0.8686538931436181,0.8468616
0.49947445958747605,0.49959466
0.498707601555666,0.4963109
0.498089484014516,0.5005966
0.812711530893348,0.8243169
0.499240349947895,0.49966586
0.8178367021657461,0.815736
0.500366546145096,0.5005231
0.936940136211685,0.95111233
0.49590731238057406,0.49985343
0.508186742124023,0.5081902
0.49893353652929906,0.4978656
0.5014244411815301,0.5032246
0.500316846678864,0.4995751
0.5014481944211401,0.5022184
0.8589124060742701,0.8545511
0.506902461127813,0.51806617
0.502088980303765,0.50043786
0.9296249487772531,0.9317352
0.50729940520104,0.4992404
0.506551448597221,0.5028266
0.946909319482337,0.93527335
0.49893805928350604,0.4985344
0.9208173636656911,0.9259469
0.6718605339685481,0.696728
0.504825813688346,0.51835555
0.49891511344259304,0.49955297
0.9447270168659481,0.9497723
0.908468838618083,0.91579556
0.52085239682531,0.51935184
0.49915527454453507,0.49940574
0.9206679940500191,0.92215484
0.9375,0.951141
0.8964200540032821,0.89210373
0.501753034581885,0.49831527
0.97958277354829,0.9764114
0.504060008676797,0.49927554
0.49915527454453507,0.49902946
0.501092098721804,0.5004964
0.9719773106304921,0.9732161
0.517541285298294,0.51743424
0.499580511765055,0.49851063
0.904217327082785,0.9224908
0.50001371170741,0.49964786
0.49925020236184503,0.4992614
0.5012948228396791,0.5001655
0.499381135713136,0.5001759
0.501575093810658,0.5041397
0.6638958530766931,0.68390113
0.49893805928350604,0.4994775
0.518261378124795,0.5220407
0.49721246958197907,0.50074685
0.500316846678864,0.49919873
1.0,0.9987585
0.500345496894614,0.49865055
0.500558013856718,0.49964786
0.49893805928350604,0.4985344
0.629278547352155,0.68543434
0.5295787297305931,0.5254669
0.5095751226161901,0.5073945
0.835095938783438,0.84268314
0.5898113938988471,0.5892262
0.962328530844156,0.96254057
1.0,0.999533
0.8603679214045971,0.8729616
0.496376090910342,0.5000478
0.497685388722554,0.49869987
0.720111448834853,0.81388044
0.9620123942307041,0.9670444
0.505453416785526,0.5060928
0.942311942658927,0.9447388
0.50062715119181,0.5366614
0.9265936386772811,0.9418155
0.743666434405989,0.74584025
0.5044915963063561,0.50436044
0.8227347841297831,0.81033254
0.49227132232751303,0.50030595
0.5021745927094511,0.5018318
0.502088980303765,0.5006315
0.497340107129272,0.49653015
0.49866589658526905,0.4993407
0.640658308411931,0.6374189
0.5038940519574321,0.52107924
0.8192932217041451,0.8389254
0.9222160138689901,0.92368245
0.8550791229242221,0.8625002
0.49994656236074503,0.49947822
0.706732128333392,0.70964324
0.7265507757160351,0.7906846
0.500558013856718,0.49964786
0.5048582809272,0.5070053
0.971046650855451,0.9888256
0.49187461855414305,0.4996155
0.774413286019993,0.7841446
0.514997949095887,0.59806824
0.5718277030702871,0.5962675
0.9590823970037451,0.95190835
0.49862299254934206,0.49841222
0.9480286738351251,0.95170933
0.49776259943022905,0.49664703
0.49864276235077304,0.49911338
0.500345496894614,0.49777478
0.7413690476190471,0.7486456
0.49922349136945404,0.49946195
0.74955016942133,0.7754798
0.5112591306148571,0.50011814
0.56555926213089,0.689342
0.8663252863215091,0.86343265
0.572081006488672,0.5722702
0.9299481624377791,0.90129745
0.506143288738248,0.49964103
0.9282491094485581,0.93779856
0.501073859387226,0.50056756
0.49750156972143206,0.49989408
0.816048300761772,0.8129362
0.49844358586777904,0.50017995
0.9560803034658161,0.9665034
0.49915527454453507,0.49902946
0.941736694677871,0.947451
0.973717948717948,0.92266613
1.0,0.9959118
0.9375,0.9158245
0.514695689587593,0.5104382
0.48472799246608705,0.51363206
0.502725424389006,0.5001437
0.947988416114753,0.8975643
0.9480286738351251,0.9440005
0.49169321581483705,0.50237095
0.49947056058802203,0.50314546
0.5019054264316231,0.49981284
0.49889943051422503,0.50082636
0.49804523428894004,0.49980778
0.8468338399189461,0.84074974
0.503702571207955,0.5020279
0.49970386444477105,0.5019917
0.500573224566362,0.5000932
0.5126379269712951,0.5135877
0.947960543223872,0.95135844
0.502387797838383,0.5000336
0.943818238786124,0.9401286
0.9375,0.9075546
0.578727187472434,0.6302047
0.9411344932862481,0.9452563
1.0,0.999187
0.877678818311549,0.86710733
0.5312039642796881,0.5369175
0.6335583735401491,0.66389966
0.50361339539577,0.49948558
0.49983373386925406,0.5003303
0.498713552170488,0.49894032
0.49893805928350604,0.49883965
0.5091365244285581,0.50737095
0.703903190658934,0.6970604
0.8575821629323741,0.8610943
0.7804675070646011,0.78121585
0.530852779066039,0.51835936
0.95762840445939,0.9531009
0.501753034581885,0.49831527
0.574311837871135,0.6316297
0.535389929676767,0.53157306
0.6965254806450311,0.6688686
0.49893805928350604,0.4985344
0.9349920292274071,0.9441549
0.50002312641829,0.49987
0.9832885176497511,0.9816802
0.836706129834015,0.8455643
0.8871457600692151,0.88273746
0.49187461855414305,0.4996155
0.49947445958747605,0.49959466
0.783247050110743,0.76734626
0.9321437820288111,0.90406066
0.498263375631296,0.4982795
0.497483394404772,0.4983449
0.5107500965829941,0.5054028
0.506556464298073,0.5045245
0.9266107159454091,0.9172788
1.0,0.9984002
0.9556977797258921,0.9388861
0.8244563777424301,0.80140334
0.823638638101418,0.81549704
0.9501334942660761,0.94106925
0.751666666666666,0.7540444
0.516129368385104,0.5095635
0.5222092384196481,0.50408256
0.7325480946893,0.7607459
0.501531879812377,0.5054208
0.49934563800066806,0.49997097
0.924636732506057,0.9037003
0.49796061978022405,0.50039566
0.511714990926265,0.50597185
0.503058335837557,0.50217634
0.499080687231277,0.50242215
0.502375772524553,0.5010461
0.50483068137814,0.5043601
0.49802702381370806,0.54000455
0.50084213525049,0.5022667
0.6830496816238261,0.6960695
0.5002878058029441,0.5005107
0.501357735780665,0.5003336
0.9670673277362191,0.9483555
0.873378581241232,0.8882543
0.49882357436603403,0.5031509
0.9205098206387141,0.91649246
0.49972792679134503,0.50245714
0.49812934180793705,0.49991837
0.8415560554728531,0.8554682
0.5112906204108201,0.5180278
0.49990608997482505,0.4995751
1.0,1.000565
0.5211112223806651,0.51927644
0.942176834613287,0.9535386
0.5112591306148571,0.49109948
0.498263375631296,0.4985363
0.500366546145096,0.5005231
0.912851836692204,0.9284829
0.5004044770249161,0.4999412
0.5293865056265681,0.5197525
0.49811173289433003,0.49956247
0.8387174605093091,0.86539227
0.9240390831897131,0.93086994
0.8391812202651381,0.8468198
0.5008236370590881,0.5019968
0.50540879413567,0.50305223
0.499378615141481,0.49935943
0.511040367818107,0.4996163
0.8225472270699581,0.8339699
0.49862299254934206,0.49857798
0.9460247600092441,0.94705373
0.499648936267201,0.49910066
0.8567547140893371,0.88791007
0.5258756530557881,0.55081093
0.501730502596727,0.5025936
0.497685388722554,0.49869987
0.500875257432965,0.5111631
0.610763407687906,0.61722726
0.540962627303308,0.5394569
0.493204008775297,0.5012921
0.8691240700514381,0.87813896
0.8923892495155971,0.9059969
0.499648936267201,0.49940574
0.866074422371026,0.8452359
0.916072563384785,0.91649246
0.5666120253512801,0.56692195
0.9469192310374911,0.9481739
0.500521691225922,0.48983106
0.500323675707262,0.4992614
0.8336621523839061,0.84341836
0.5019054264316231,0.4992614
0.501730502596727,0.5010734
0.502780965594189,0.5034546
0.500380311865968,0.5107518
0.964014534277924,0.9699129
0.49915527454453507,0.49910066
0.5073311892383681,0.504675
0.513847809635644,0.50786936
0.5052246039975821,0.5054088
0.49990608997482505,0.4995751
0.8545893719806761,0.878065
0.497209265584415,0.49872816
0.804950990882444,0.81763667
0.526028856880411,0.5189424
0.5269524892264631,0.5192431
0.8441906605050381,0.83741254
0.501189593925318,0.5014538
0.49725182284990604,0.50335926
0.495650128515338,0.50015867
0.511013785206448,0.5066582
0.49922349136945404,0.50023407
0.928141056437615,0.92619675
0.9227619432663391,0.9286165
0.5010020432359751,0.50023407
0.848255595910252,0.8349903
0.49918770066295604,0.50066245
0.508737747738299,0.5029994
0.938761850105689,0.93594444
0.491724624786024,0.50087625
0.5004031956281041,0.5000336
0.9263216109071981,0.90129745
0.529638281715071,0.53277314
0.9375,0.8933858
1.0,1.0011553
0.500642846832961,0.49995682
0.501298943348574,0.5001576
0.74526642355421,0.7674503
0.502081532223429,0.5012791
0.500196483219839,0.50215155
0.912586742535572,0.9038337
0.9784699036964931,0.98342365
0.927225293515722,0.91649246
0.5019054264316231,0.49989334
0.500728741052317,0.4992004
0.9906623513407541,0.97631145
0.5032767425251451,0.50094384
0.501949755440659,0.49967787
0.500323675707262,0.49989334
0.5011309865591881,0.49891594
0.51487276533711,0.50974005
0.49934563800066806,0.49966586
0.5026221688783851,0.5046556
0.892578888087296,0.8755072
0.501193881350131,0.5163985
0.9452310319814261,0.9453732
0.7506127450980391,0.74017346
0.8796081505298461,0.90134376
0.8009001553282481,0.8173462
0.938302865776897,0.9276667
0.873555489141262,0.89692587
0.9492767855718581,0.7640777
0.8699839511013191,0.88035756
0.8719164909400231,0.86148864
0.8391284699572501,0.8560913
0.49743234425435406,0.5014146
0.49804523428894004,0.49930468
0.49965957597160304,0.5000478
1.0,0.95242524
0.508245571023283,0.50569683
0.7136464760343341,0.8437722
0.500728741052317,0.49957278
0.499648936267201,0.49902946
0.9532707696231901,0.95152426
0.9237982805801531,0.9159989
0.502600199132773,0.49986273
0.99076812076812,0.98812455
0.7772804150844751,0.7873733
0.49811173289433003,0.49953896
0.49862299254934206,0.49848714
0.49610386033885107,0.5005365
0.985907766163949,0.9760486
0.582395530677973,0.59337854
0.5007320340614371,0.500589
0.49856468182859903,0.5002046
0.844907706310114,0.85211015
0.9236753721814511,0.91034645
0.49859940733232705,0.5037014
0.49861589478299906,0.4999244
0.883691756272401,0.875393
0.496202075690561,0.5005365
0.507118985088789,0.50284296
0.8492800469485101,0.8546299
1.0,0.99901134
0.9019101425881081,0.90702933
0.859745690769078,0.8211226
0.526241977996564,0.6556142
0.9639856019721591,0.9539866
0.495611661615788,0.49859452
0.49746336079752,0.5055876
0.5337434965660101,0.5378318
0.49980941394073103,0.50101984
0.9049834255000041,0.9134761
0.5297204674793741,0.53924173
0.502060591292537,0.49989694
0.960989462846739,0.95751286
0.5131071175726031,0.5077358
0.501215931720999,0.4974787
0.53650303210216,0.52379495
0.7368981709698951,0.74259436
0.5987433429123891,0.70603794
0.503728086335959,0.5041762
0.500380311865968,0.5001181
0.941736694677871,0.93372846
0.501356650286916,0.49859297
0.829741733199792,0.8509973
0.5029645279249031,0.4989738
0.49852733247435504,0.49721894
0.8421948743614981,0.8545511
1.0,0.9974719
0.49972792679134503,0.50051194
0.919642134978578,0.9197917
0.49918770066295604,0.50066245
0.878401344303484,0.94012755
0.5290402564834691,0.53022736
0.49889943051422503,0.49941874
0.504851510250524,0.5057734
0.675235391059618,0.6891545
0.49514659565078906,0.5016528
0.8746470660308521,0.85093206
0.858609609544099,0.8585498
0.8866876616230891,0.8872546
0.5012948228396791,0.5008083
0.9269098720260971,0.9385757
0.6653625366004,0.6449139
0.9585818810231891,0.9482847
0.49925020236184503,0.5002657
0.804707511420356,0.808997
0.512476740784511,0.51101327
0.501229055294669,0.49897704
0.49794772754909905,0.49981284
0.497209265584415,0.49932885
0.501743673165247,0.49966583
0.502924408777583,0.51687133
0.498713552170488,0.49863508
0.499080687231277,0.49988845
0.5000246356233471,0.49967813
0.49734644264454203,0.49949086
0.5559756097560971,0.63311934
0.922898002997351,0.9326233
0.833493407470947,0.77746975
0.8583650850880211,0.83364385
0.864814814814814,0.86366284
0.7190029353751151,0.78567046
0.8445894320653181,0.8497696
0.6395296167247381,0.6383439
0.503058335837557,0.5021358
0.8388030216672411,0.8432899
0.502387797838383,0.4992614
0.501084135977494,0.49923167
0.49895693491174103,0.50090617
0.955627188793378,0.960211
0.9223457758909661,0.93426836
0.5204036083401891,0.5197981
0.500708693152706,0.49949297
0.6495816312610201,0.6363179
0.506662353824489,0.5155074
0.578054086128815,0.59892905
0.9026973647284471,0.9194226
0.49970386444477105,0.5018151
0.9868370064809401,0.9846383
0.5002438213061551,0.5005045
0.495188167333284,0.49804783
0.49852733247435504,0.4969137
0.822438040069934,0.8093739
0.731455694654995,0.7678903
0.7548940095137551,0.77889645
0.582505345991504,0.6018448
0.855252286056964,0.8590016
0.746869482053069,0.7143537
0.9737853709684541,0.9859545
0.5071192529856681,0.5074279
0.9334458688925541,0.96037686
0.5004044770249161,0.4999412
0.571146743908038,0.5868977
0.501229055294669,0.49897704
0.49844358586777904,0.50017995
0.9633208689458681,0.95966935
0.49811173289433003,0.49916258
0.500920042062183,0.50073445
0.49439591710253006,0.50034875
0.589929192923588,0.5687584
0.9349410526418911,0.94095653
0.5022111382681821,0.50048786
0.574390058266896,0.5870566
0.9260442694366011,0.92260146
0.5167317033444461,0.68401843
0.8586805937974491,0.86534107
0.499827204468106,0.49995908
0.9472298424425851,0.9523876
0.49983992584833503,0.49968755
0.977343006477241,0.96914446
0.500510631321905,0.50005794
0.91096138472899,0.8957909
0.8887916533136311,0.87931967
0.835309627985642,0.8457438
0.9176304653260291,0.9375608
0.49947445958747605,0.49992257
0.501753034581885,0.49831527
0.500810247184957,0.50133455
0.961433631595457,0.9453253
0.506958683192515,0.5041779
0.6468361580163221,0.73676044
0.644974567702966,0.6889771
0.630250747642051,0.6318834
0.8840551444009601,0.87392515
0.500454067453571,0.49973795
0.7227658154969051,0.7421085
0.513914774182285,0.5100175
0.49835246090225205,0.49983555
0.9328154103778311,0.9178763
0.49862299254934206,0.49848714
0.499378615141481,0.50002253
0.919341009703129,0.9056698
0.941736694677871,0.95434713
0.6272215413199,0.62538904
0.886503928661816,0.8714987
0.5008236370590881,0.5029879
0.49934563800066806,0.49966586
0.7650549584198261,0.7914367
0.49893353652929906,0.49756035
0.5002623458294411,0.500187
0.6276139315858941,0.6489993
0.9443033558898921,0.93041915
0.49385255559440006,0.5076494
0.501285586197474,0.5071062
0.530839481269131,0.52366257
0.517989812475106,0.5062608
0.9814320842556131,0.9850318
0.918725635180452,0.92864203
0.502623669208216,0.5037701
0.863727521591453,0.85677004
0.500695032837249,0.5004004
0.7733472153384321,0.7531285
0.502686175915493,0.500808
0.5036822624921871,0.50266194
0.989886219974715,0.99401647
0.5002878058029441,0.50020546
0.491724624786024,0.50152844
0.519036560661561,0.51929665
0.501610266277696,0.5008321
0.9045200645976821,0.9046138
0.9046811763336831,0.8995359
0.49809345005821803,0.5005102
0.760289740874589,0.74561375
0.512143459733095,0.5031612
0.8810859099683781,0.8638355
0.8627221044568071,0.7961241
0.501743283943045,0.51255894
0.5231023812550211,0.511637
0.9366998608149081,0.93101114
0.507208214324777,0.50276154
0.49514659565078906,0.5016528
0.49625389137576004,0.4996432
0.503149997751625,0.5025805
0.5008236370590881,0.5014442
0.5134369611162171,0.5230942
0.49932753335914004,0.49909708
0.5016634730281551,0.4995155
0.500565197105398,0.49895674
0.501486968280562,0.50012016
0.497209265584415,0.49937096
0.496202075690561,0.5005365
0.6560923718506431,0.64416945
0.973305955556031,0.9697071
0.5032767425251451,0.50094384
0.564484068284841,0.5136256
0.505050087841835,0.5001509
0.517246693925109,0.51809275
0.8822174512787441,0.86167115
0.9303283423344281,0.9481194
0.5037753590866291,0.5004221
0.5000249731831891,0.4991865
0.892178852536442,0.8915828
0.495188167333284,0.49934998
0.8356504454309951,0.80710614
0.49620370484067805,0.5005199
0.8287519115601181,0.8187884
0.50001371170741,0.49964786
0.5226848134734,0.4838223
0.502239977580721,0.5012247
0.8959284100961191,0.87611777
0.9352265792073181,0.93589616
0.9509016743631531,0.9507929
0.513518095382108,0.51296914
0.50052093191691,0.5000214
0.9482402857969181,0.9497066
0.944829665453451,0.9271637
0.500239914586007,0.5000336
0.9761012980837751,0.9819944
0.8933440628806111,0.87971747
0.965944721330773,0.93586123
0.503799877326045,0.49332255
0.526238320507998,0.5483345
0.5733539682651431,0.62475646
0.8522925055348901,0.8528641
0.892636960296128,0.9143556
0.97009657009657,0.9686061
0.500208339214831,0.5033101
0.8663490283092871,0.8738677
0.638960412658329,0.68138266
0.500923933778572,0.5004004
0.49717805727789005,0.49797675
0.805135323542383,0.8051374
0.5050134939010971,0.503721
0.517537944203553,0.51660335
0.500708693152706,0.4991879
0.504979644237129,0.5047447
0.5078002600278321,0.5080333
0.9050987315068231,0.89477605
0.5077685292623391,0.5014036
0.925444766778399,0.91666746
0.501527412647054,0.50117356
0.498713552170488,0.49863508
0.784007090787146,0.8068501
0.49934563800066806,0.49966586
0.49734644264454203,0.499039
0.797191819961343,0.84499335
0.7648944586881651,0.76551706
0.5004227315494191,0.5011939
0.561897725436328,0.5710532
0.49781613799915103,0.49979648
0.8761363680188111,0.8748898
0.9044316079037731,0.847078
0.49598768279598904,0.49997032
0.8699839511013191,0.8750907
0.941879050910663,0.9116396
0.509423915152425,0.5115692
0.49932753335914004,0.49935386
0.655219847299642,0.7214744
0.971540593909014,0.98675174
1.0,1.0088845
0.7580969892395051,0.77843946
0.9861823361823361,0.9879085
0.519725779621613,0.51766837
0.502503087408384,0.4995363
0.487872102992473,0.49495974
0.50239928536267,0.5049247
0.49333263125343,0.49819133
0.501296629358374,0.5011939
0.976313347588419,0.98263276
0.510609142104126,0.51068497
0.49866589658526905,0.49849352
0.502088980303765,0.5011549
0.551490420354678,0.5502663
0.639213909847492,0.5522264
0.8657678669662201,0.8560913
0.5082562574949601,0.5057051
0.7873118395188181,0.7929655
0.5019662323656711,0.52665323
0.9700844669460841,0.95320296
0.500744778858481,0.5006793
0.5099543097462831,0.56529844
0.49963142192520704,0.49966118
0.9814320842556131,0.9850318
0.5006955946478261,0.49918857
0.49474996850988506,0.49789152
0.499906874516633,0.5033301
0.5630757780859731,0.5653154
0.506902461127813,0.5191197
0.8556653445898571,0.75172985
0.8192998338114421,0.8429211
0.9737804388080121,0.9743154
0.9572420627601781,0.97265613
0.5947574740461771,0.5945345
0.49852733247435504,0.4969137
0.500573224566362,0.49983662
0.502677133111139,0.50074685
0.9053994010135971,0.8844111
0.511957380080406,0.50874805
0.5007528412883491,0.5002697
0.9321273422135141,0.9319303
0.745250777294428,0.7056155
0.9509914799216701,0.9284996
0.498263375631296,0.49858475
0.501264528684604,0.50306267
0.502503087408384,0.5002934
0.68186319046526,0.7076341
0.794688180878898,0.8173462
0.497316292883663,0.4994981
0.500690497842005,0.5011858
0.5210370582729741,0.5157779
0.5012948228396791,0.5001655
0.8948067632850241,0.8913869
0.5666120253512801,0.571595
0.498710088988551,0.5075536
0.504389555201746,0.5013303
0.502503087408384,0.5002934
0.5258567300750691,0.53277314
0.881265691393158,0.88173693
0.502895922392361,0.50203395
0.5017697171374771,0.50825137
0.5035194263324471,0.5004481
0.87384195125575,0.8954963
0.5006955946478261,0.49949384
0.49866589658526905,0.49856845
1.0,0.97664845
0.9395833333333331,0.97789615
0.910203086638226,0.9280861
0.49227132232751303,0.4985467
0.5309832680898451,0.5394095
0.496682386908857,0.49856728
0.515245434267221,0.51190764
0.5012948228396791,0.5002902
0.9375,0.95037824
0.5273786912510741,0.5362159
0.49459843295655503,0.49907672
0.49474996850988506,0.5004768
0.5718277030702871,0.5807032
0.8294360254677711,0.84317786
0.9860502079619721,0.9879372
0.880066335825449,0.8677938
0.504481530931859,0.5029044
0.978875283446712,0.97314394
0.5613099812090471,0.56543773
0.9884415775288791,0.98483807
0.9719518849206351,0.97686243
0.9805420601701511,0.9711488
0.49990608997482505,0.49919873
1.0,0.99892855
0.9803112049417471,0.97935176
0.9210613192017941,0.9302625
0.8548219016288441,0.8776255
0.8827818570968131,0.90504247
0.8383757984852841,0.85472465
0.498263375631296,0.49860826
0.869132948376773,0.87473935
0.847151982074212,0.8452983
0.834278753168705,0.84306115
0.5927056131479981,0.55228865
0.501073859387226,0.50026226
0.9130346796041161,0.9069591
0.49187461855414305,0.5002951
0.49823317499747805,0.5010297
0.500935667194736,0.50005794
0.5138293481436861,0.51952916
0.908586309523809,0.90082836
0.9227061317540671,0.9194226
0.50034340695635,0.501202
0.9608899647060771,0.96322685
0.498713552170488,0.49894032
0.6085243887764891,0.57148343
0.500511544482512,0.49944165
0.6943593173651551,0.790472
0.49925020236184503,0.49956003
0.9394856129905351,0.9162391
0.5006955946478261,0.49944538
0.817211015492585,0.8068009
0.499080687231277,0.49956053
0.8317408347999291,0.81640416
0.500345496894614,0.50101227
0.51887843089407,0.53419983
0.500728741052317,0.49856845
0.520710341762338,0.51836264
0.504635270682941,0.5051125
0.8141673772355591,0.8419497
0.905479821457362,0.91848415
0.500912125521858,0.5000336
1.0,0.9979749
0.5007841294916691,0.4985467
0.586335073389969,0.6120948
0.5047226115804321,0.5048671
0.49854734973614906,0.50062776
0.503058335837557,0.50217634
0.9277962453866481,0.88099277
0.503248091090534,0.5041906
0.5123486292943891,0.5029794
0.5048582809272,0.5051125
0.825655237771428,0.79843694
0.5339798123039611,0.5391031
0.499444879647826,0.4991941
0.503248091090534,0.50343466
0.503058335837557,0.50217634
0.9668185148185151,0.972653
0.9861823361823361,0.9851054
0.896246145735987,0.90633345
0.9438202247191011,0.8709311
0.501762493715577,0.5017333
0.906788897804312,0.9005399
0.49999887830050804,0.5005365
0.9260683760683761,0.9376768
1.0,0.9956092
0.945019375677644,0.94862705
0.9579015928222271,0.9409657
0.5303004495504491,0.5462417
1.0,0.98476917
0.9282091958934191,0.939303
1.0,0.9846144
0.49405649757381703,0.5018656
0.511532069834103,0.5112384
0.819208861449451,0.83102924
0.87539798747578,0.87563396
0.958926214928648,0.96683216
0.5052246039975821,0.5046829
0.507018479152022,0.5037842
0.959408618974759,0.94711953
0.9016455624506321,0.92548186
0.8629568710569471,0.8599902
0.975427360135323,0.96940166
0.832217967439817,0.84345347
0.8415240404247061,0.8474739
0.9890742363139841,0.9839525
0.49892143726581606,0.49886656
0.8659652603055841,0.8452983
0.8772862997077141,0.8709403
0.497659473213426,0.4986391
0.49854734973614906,0.4996155
0.498713552170488,0.49863508
0.49492820188722203,0.49932384
0.496682386908857,0.4981977
0.937734277860328,0.9384362
0.7413690476190471,0.77979964
0.928716125547539,0.9222406
0.530624109345275,0.519279
0.9313134219330361,0.92876077
0.8526878271636671,0.83616626
0.972987766462826,0.9409908
0.499580511765055,0.498306
0.8873902199231791,0.8888422
0.5052246039975821,0.50445926
0.8882157503640631,0.8888916
0.8089403018341471,0.80619824
0.497483394404772,0.49925572
0.517053184768109,0.51171976
0.941736694677871,0.9403752
0.8141673772355591,0.8401304
0.49675294502618206,0.49819133
0.663925630833547,0.63587534
0.8668548317909051,0.8650257
0.49577822637074903,0.49996343
0.498640900853885,0.50236297
0.823540483174339,0.84827584
0.511818086196658,0.5002046
0.51869526615518,0.51774555
0.501590801559402,0.5020024
0.9188463096203481,0.8824516
0.7648944586881651,0.7633364
0.7862602092563921,0.7896859
0.911691348146312,0.9109604
0.9453475364246671,0.93812615
0.49947445958747605,0.49997097
0.5018265560556701,0.5031963
0.96016210806982,0.8094596
0.846505466244246,0.8443133
0.9598341647921811,0.9625456
0.49971191282109806,0.49909708
0.523303764554783,0.62205154
0.499588444237948,0.49970606
0.500454067453571,0.5000431
0.897197695154291,0.9085691
0.50354216440414,0.48907202
0.619972061183378,0.62051654
0.500728741052317,0.4991199
0.7404101108363821,0.7208956
0.500558013856718,0.49927157
0.500642846832961,0.49995682
0.992878028404344,0.9854788
0.495611661615788,0.4985582
0.495054503265048,0.50335926
0.5043466547254041,0.504675
0.49463047658701004,0.49973214
0.938708091178396,0.76911104
0.5121101412695881,0.5097438
0.502172743103364,0.5033101
0.500323675707262,0.4992614
0.7180705884099531,0.7226652
0.499512079911519,0.49983555
0.49835246090225205,0.499859
0.498713552170488,0.49889186
0.520620187906916,0.52862734
0.502686175915493,0.500808
0.5807203820485071,0.5747518
0.9085396192910971,0.9078926
0.497483394404772,0.49871296
0.8168938427826381,0.8521599
0.49978137132874106,0.49941605
0.9480286738351251,0.94546634
0.498042911677041,0.4992614
0.501949755440659,0.49933663
0.931800712919667,0.9224066
0.9328178615971721,0.9475755
0.49652035514771403,0.49918154
0.989886219974715,0.9892958
0.49972792679134503,0.5020261
0.49260178355186907,0.4993029
0.5002719594445081,0.50236297
0.9649022978706341,0.96574235
0.9350121003942391,0.9279285
0.5026253856196901,0.5002913
0.933840636896317,0.93122935
0.5037753590866291,0.5004221
0.49990608997482505,0.49926993
0.8495491595359491,0.84592867
0.80985065055376,0.7966572
0.7954372445858381,0.80055386
0.983645681129486,0.97600126
0.49621292099906206,0.50036573
0.849423584137156,0.8247854
0.984918850289875,0.9816401
0.499827204468106,0.50024796
0.9260683760683761,0.9357418
0.624396899396899,0.58788174
0.8249936558701191,0.83102924
0.87577413093121,0.8782876
0.947320463731645,0.9461535
1.0,0.9903109
0.835095938783438,0.8495196
0.500380311865968,0.50016654
0.49835246090225205,0.49945924
0.9770241887858181,0.9697071
0.655112862916672,0.68165493
0.6891041027178031,0.6970604
0.507708767787874,0.5038298
0.931921840129836,0.9456317
0.491724624786024,0.5001203
0.8547368937702671,0.8497853
0.498409922024635,0.4992614
0.502261347221173,0.5019173
0.849633226225134,0.8405861
0.49459843295655503,0.49907672
0.9451746111520141,0.948892
0.5019054264316231,0.5002657
0.5076206740804,0.5040444
0.7953818211238111,0.8087584
0.9040060120406761,0.9030655
0.5080433483176551,0.50449836
0.560155300596848,0.55610454
0.9322131689567451,0.9466813
0.963732179371052,0.9700771
1.0,0.99533623
0.49481148203849507,0.4991008
0.9602519290063951,0.95285857
0.501610266277696,0.5007339
0.5002623458294411,0.4998591
0.5017649901662691,0.4998415
0.500316846678864,0.49919873
0.49947445958747605,0.49966586
0.778588182113607,0.7813646
0.8981491372429181,0.9163432
0.49349115396150106,0.5002682
0.9860633497957441,0.9828599
0.5227121777988051,0.53631634
0.916956925333525,0.91657954
0.743930739661355,0.728564
0.9088988975245481,0.9220888
0.912231805387516,0.9194226
0.499648936267201,0.49940574
0.5342080078469761,0.5227653
0.9480286738351251,0.94112575
0.532685841052256,0.52784866
0.49971191282109806,0.5009729
0.505338978201763,0.5092461
0.9879353233830841,0.9902509
1.0,1.001266
0.9138443755193931,0.91649246
0.499745275795049,0.49954212
0.5807203820485071,0.57577544
0.5026221688783851,0.50368804
0.502088980303765,0.5006315
0.53045412452685,0.544216
0.49852733247435504,0.49799606
0.5012948228396791,0.50025463
0.9601715686274501,0.96351993
0.500711934936789,0.5153582
0.743810185357464,0.73304504
0.880995317810584,0.8625359
0.5421010902748671,0.55479383
0.891558102749963,0.84941036
0.8683886772167301,0.87571317
0.5080343646583391,0.5047117
0.504057160233192,0.50211847
0.636885592324922,0.6398974
0.9001250369207261,0.8996149
0.495188167333284,0.49804783
0.9626234291878331,0.9578592
0.523257739657574,0.5251875
0.63879269480775,0.6210385
0.49781613799915103,0.4994912
0.49198630188903203,0.49709767
0.5019054264316231,0.49912873
0.509983431467503,0.5070839
0.49961331205424103,0.49697757
0.540055544247043,0.53830916
0.9343604108309991,0.9343149
0.9150183148588211,0.9259469
0.500239914586007,0.4992614
0.49963142192520704,0.49966118
0.630250747642051,0.6318834
1.0,0.9877632
1.0,0.95284516
0.924320098304474,0.900354
0.5117977892087541,0.50688756
0.9097635120851331,0.8094596
0.5050787237923421,0.5045245
0.515010946907498,0.5730546
0.49993347492712303,0.49959183
0.499192032797281,0.49939927
0.9069235140510351,0.9173447
0.513458249530658,0.5014364
0.499940690175654,0.4970301
0.5656365002025471,0.54304564
1.0,0.9945979
0.6782410388682171,0.7379819
0.7699146192267251,0.78403515
0.501313556737031,0.50280666
0.9706042060718171,0.96713775
0.8362785484520201,0.8457899
0.500558013856718,0.49964786
0.8831069358480501,0.8849992
0.49892143726581606,0.49860978
0.9918699186991871,0.9942663
0.5002285555676,0.49944898
0.9280329591326901,0.9344905
0.507611294250909,0.5101803
0.500196483219839,0.5018948
0.49866589658526905,0.4991199
0.542823157944569,0.55219954
0.500198746867463,0.50074685
0.858471862360177,0.8452983
0.506389842864726,0.5024449
0.49675294502618206,0.49819133
0.497483394404772,0.4977094
0.502924408777583,0.4937008
0.505495127165774,0.50265944
0.513267514518554,0.5125316
0.9970588235294111,0.9914836
0.5020801914810781,0.5002208
0.9279162366568171,0.93630534
0.49979369971931603,0.5003262
0.9375,0.94591355
1.0,1.0005146
0.5116594831619591,0.50075346
0.912469492942611,0.92947966
0.5144889905105661,0.50579965
0.5148857812215281,0.5079757
0.864814814814814,0.8633397
0.9901053592795671,0.957807
0.552069543470955,0.5573794
0.49872768328390704,0.49905688
0.499244539474444,0.49686238
0.9235411545037321,0.9236073
0.7381075386754951,0.7302043
0.8838474686658131,0.884491
0.9343604108309991,0.93830585
0.5012948228396791,0.5010459
0.538576300438637,0.5442606
1.0,0.9974719
0.502775535495777,0.506599
0.499827204468106,0.49928755
0.52534116172468,0.57176715
0.8725828928129191,0.8371778
0.5947574740461771,0.59887046
0.511690692642727,0.50876963
1.0,1.0011433
0.9753306560383691,0.98963815
0.497209265584415,0.49885556
0.924536937942089,0.9250931
0.9967467467467461,1.0018761
0.7413690476190471,0.74867195
0.498769981174049,0.49927554
0.502387797838383,0.4991865
0.6452473269282301,0.62022203
0.769906213899574,0.7851262
0.6876085168850291,0.6508397
0.5002878058029441,0.50020546
0.7122772018772241,0.6371366
0.7269873466687461,0.7510755
0.5002158827156921,0.49985343
0.7413690476190471,0.77999866
0.8432674657807231,0.8513804
0.538082496878995,0.54174584
0.9554334802102581,0.9572948
0.5997310740426931,0.6026665
0.49260178355186907,0.4993029
0.500366546145096,0.5002178
0.5008236370590881,0.5007272
1.0,0.99980336
0.507250485598968,0.50341654
0.49893353652929906,0.49756035
0.979190186210337,0.9802954
0.853449825600589,0.8665693
0.94645838653918,0.96995676
0.500119604378338,0.5021268
0.886809217816361,0.8938538
0.5113656838250831,0.51387084
0.49932753335914004,0.49909708
0.501559668982286,0.5006149
0.6653625366004,0.6371021
0.909829776160445,0.9244741
0.522388033891887,0.5167087
0.49964772878436603,0.48504344
0.49953512061744804,0.50678915
0.534862155940745,0.6024439
0.49866589658526905,0.49856845
0.9358926004551,0.94743025
0.501527412647054,0.50137687
0.499080687231277,0.49988845
0.517053184768109,0.51171976
0.8845522689507651,0.8889292
0.7186277892799631,0.75254935
0.49227132232751303,0.49703255
0.5030186771561991,0.5006192
0.5000249731831891,0.49912873
0.49188382856274904,0.5020625
0.5021745927094511,0.50099254
1.0,1.0003718
0.9395098600221261,0.9453732
0.5118027846530491,0.5076923
0.908727947454486,0.919481
0.614932400749718,0.60382736
0.5034877628119611,0.5014875
0.849828444722681,0.86845666
0.49852733247435504,0.4969137
0.9683727623031511,0.9695747
0.5008236370590881,0.5007272
0.500728741052317,0.49900052
0.864814814814814,0.862866
0.49654998001424006,0.5006282
0.501730502596727,0.501626
0.9480286738351251,0.91862535
0.504060008676797,0.4997076
0.510276774187123,0.50380015
0.9216413618587531,0.9162068
0.8691696230818021,0.86633974
0.49855952079285804,0.50005794
0.49886676557566406,0.5001652
0.917208187683724,0.9264577
0.9477173257365,0.9429342
0.5246941388078941,0.5253514
0.49578111244384504,0.49881387
0.597521666692515,0.6308127
0.501869467036921,0.5001652
0.9534104207160431,0.9622168
0.543260596347665,0.5491108
0.9216413618587531,0.9058517
0.502600199132773,0.49986273
0.582183021764611,0.6163797
0.54328014005913,0.65513045
0.8499999999999991,0.8397426
0.837353763585667,0.8545511
0.76648989764343,0.7526511
0.512238632337754,0.5113638
0.5029536444288281,0.504127
0.9597102688977681,0.96181744
0.6221918757304781,0.59918964
0.9122366795662251,0.925195
0.500949894442691,0.50268495
0.5080137762480881,0.5139528
0.9813207561339381,1.0030378
0.5006955946478261,0.49949384
0.501642963899088,0.5034324
0.503749774589987,0.5009873
0.501730502596727,0.5010734
0.8664280681414631,0.86845666
0.6057142769246201,0.74859047
0.7820076027162941,0.7845946
0.500237754817213,0.5002208
0.516421905926154,0.5080948
0.902789053898522,0.8853187
0.909986340728216,0.921723
0.76650119981417,0.7839365
0.573259415768126,0.5801902
0.49463047658701004,0.49973214
0.7191269101187111,0.7171434
0.8358371390079921,0.8593738
0.9072886138271621,0.9132803
0.580782135059701,0.5720855
0.9613293419939831,0.9686564
0.49971191282109806,0.49935386
0.49452610807296704,0.49892935
0.8467821168909181,0.90015376
0.49074469866888504,0.5008862
0.500119604378338,0.5020905
0.500699004349489,0.50243443
0.921526910511066,0.9146334
0.49227132232751303,0.5020161
1.0,1.000565
0.501092098721804,0.5004964
0.8944121245851041,0.91077846
0.8567547140893371,0.88354725
0.9680198495581611,0.9272503
0.49763998039973306,0.5001278
0.502212745753666,0.50267506
0.506565213184586,0.5035248
0.531448672965064,0.58228475
0.8777097815095171,0.8748898
0.500316846678864,0.49926993
0.5004070501062431,0.5000431
0.547823610175451,0.56571186
0.49438068851743605,0.5035248
0.5002623458294411,0.500187
0.6011700268287881,0.62383264
0.5040623068807251,0.49728915
0.9231269544670031,0.9026205
0.858575702318181,0.8625923
0.534786954268032,0.54588836
0.8170747509353421,0.83403724
0.501641203102362,0.49963427
0.501610266277696,0.5005573
0.8112535612535611,0.8198415
0.5042232853060871,0.50356376
0.5196244017509101,0.48206836
0.5093818814794241,0.5043857
0.5975324578160061,0.6188311
0.49983992584833503,0.49968755
0.658082053408342,0.7247199
0.9518351060703991,0.94888717
0.548759064956839,0.58503735
0.501073859387226,0.50056756
0.503781559922796,0.5016701
0.9101684497840821,0.89305633
0.5082562574949601,0.5061145
0.52295303076553,0.5010553
0.501727262755088,0.502478
0.7514926891001391,0.7326254
0.49866589658526905,0.49900052
0.49988837093825506,0.4993523
0.5162478143502991,0.59864813
0.598364709347436,0.6091977
0.838475275071326,0.8484581
0.8469530357053741,0.8450312
1.0,0.9974719
0.499354866055418,0.49897385
1.0,0.9976854
0.964573139146043,0.9488552
0.499535901604897,0.4993135
0.5007528412883491,0.50024617
0.50001371170741,0.49967137
0.49983373386925406,0.5003303
0.509253151669916,0.5005102
0.497483394404772,0.49791402
0.503845197848346,0.5049049
0.9803112049417471,0.97922474
0.9436557749210681,0.94311285
0.5000249731831891,0.4993523
0.501460164601713,0.501626
0.9122366795662251,0.9355828
0.501035434220469,0.5003056
0.7506127450980391,0.7499511
0.699801587301587,0.7088206
0.506907388769062,0.5101056
0.49449669402940405,0.48645848
0.49558332632738405,0.49689147
0.764439464690933,0.75460714
0.9071229490021311,0.917767
0.502503087408384,0.5002934
0.499378615141481,0.50002253
0.9072904256454191,0.9207419
0.9604790537280591,0.9578306
1.0,0.9736964
0.9431767118087231,0.93456525
0.8628850951838031,0.85162836
0.498713552170488,0.49863508
0.519946126327904,0.5196385
0.907930441166612,0.91848415
0.49852733247435504,0.49644876
0.503975350281575,0.49767438
0.980617775518783,0.98125404
0.500323675707262,0.5000336
0.49947445958747605,0.49959466
0.8177039062437761,0.824095
0.8178367021657461,0.80762374
0.973910884434322,0.9514681
0.9232082212454981,0.9393575
0.5019054264316231,0.4992614
1.0,1.0056084
0.5236497877122871,0.51553035
0.926275424261592,0.9280449
0.49626525855393305,0.50060683
0.50111457252546,0.5008862
0.543360143644234,0.58029217
0.500565197105398,0.49875212
0.5042281483540011,0.5053932
0.500454067453571,0.50006664
0.834147631503777,0.85266465
0.49761536817873203,0.5300501
0.9333302638266431,0.9391424
0.8176377904171601,0.7956115
0.8827484119095781,0.8844111
0.8488418173159781,0.8436494
0.500316846678864,0.49926993
0.915306211329943,0.9146056
0.9861823361823361,0.9869908
0.49988837093825506,0.49989334
0.502136876609108,0.5411258
0.500119604378338,0.5022671
1.0,0.9972423
1.0,0.999186
0.850660599039553,0.8751469
0.49854734973614906,0.4996155
0.8468843867523611,0.8150288
0.500196483219839,0.50215155
0.9385940842001521,0.9417135
0.8526313015966701,0.89168143
0.982368548048649,0.9846714
0.9225695387358991,0.9301842
0.49751897160701203,0.503164
0.5009957997332111,0.49751827
0.9497416653474091,0.92273474
0.5004227315494191,0.5011939
0.50337933341758,0.5001649
0.7336260889268871,0.72570616
0.49716482455190303,0.4999113
0.501092098721804,0.5004964
0.49877677356758204,0.5001914
0.9260683760683761,0.9413774
0.5004482282503451,0.49696007
0.8512323955024651,0.8436494
0.981940676446695,0.9749246
0.9326956048938461,0.9279779
0.8356425321685921,0.8371778
0.502075726896004,0.5016176
0.49906825143667205,0.51916975
0.501502943472516,0.5037128
0.506567744558315,0.5022255
0.5012948228396791,0.50055027
0.839272048507208,0.8172501
0.58989247336436,0.61794686
0.504550730753891,0.5088904
0.500695032837249,0.5007284
0.5094695920420731,0.5090308
0.605956622460152,0.5690387
0.887905464446688,0.9101431
0.9344092448694951,0.93040633
0.91423855978021,0.9146056
0.515566606389391,0.5228468
0.498866753327022,0.5002511
0.882695487491833,0.89832383
0.500824924269695,0.5022667
0.603154415029414,0.5563037
0.49971191282109806,0.49909708
0.500708693152706,0.4991167
0.9554102302925831,0.9359916
0.5013293155502621,0.50133526
0.8445558404466391,0.8385495
0.9463530255721521,0.96235037
0.975261341992089,0.97417986
0.510692749623184,0.5190943
0.8014063409663481,0.804937
0.572081006488672,0.5766825
0.500923933778572,0.5007284
0.498769981174049,0.4998712
0.500345496894614,0.49777478
0.503820312853686,0.5022469
0.49823317499747805,0.49941874
0.8468338399189461,0.84074974
0.9376120448782611,0.9317352
0.9260460385546571,0.935152
0.951685099229965,0.95751286
0.501231687692807,0.5019789
0.500316846678864,0.49919873
0.875676527801827,0.8844111
0.8929979396363261,0.8458147
0.49989718451914605,0.50073445
0.9670967699682611,0.9714386
0.8850877272179041,0.90056705
0.501753034581885,0.49831527
0.8491922060352791,0.847694
0.499080687231277,0.49963173
0.5214762687051431,0.5037014
0.49732046133060903,0.5028913
0.9259787858746191,0.9326119
0.872507813839234,0.8735804
0.506981073420488,0.5005786
0.5137905461892001,0.5167135
0.500672748462896,0.5009012
0.507018156004568,0.50386065
0.8097750025686441,0.80594164
0.561453119305453,0.6006575
0.9599215237591241,0.9693783
0.49983992584833503,0.50001615
0.5151770455097401,0.50408
0.49922349136945404,0.49946195
0.9533649551877551,0.9419189
0.838622905271116,0.8474489
0.712305618209359,0.7398089
0.508893941585281,0.5070288
0.569977743332953,0.57264316
0.503429611890382,0.5022292
0.5215998041041621,0.6757227
0.9528982262422551,0.94676834
0.500119604378338,0.5024992
0.49804523428894004,0.49950922
0.9277650638903151,0.90129745
0.8872076282702811,0.87471884
0.9390263367916991,0.91932034
0.517053184768109,0.5083615
0.9837896825396821,0.97193235
0.606993058183073,0.58693415
0.620099295799978,0.60308975
0.9375,0.87330574
0.907950491295583,0.91019624
0.5001251763676671,0.51681525
0.6653290773941151,0.6890449
0.5021745927094511,0.50099254
0.498769981174049,0.49927554
0.5070299493599391,0.5050445
0.8722962631662181,0.8452983
0.552983405618084,0.547782
0.9678571704803601,0.9694578
0.9583988513696731,0.954422
1.0,0.9971488
0.5016916748944681,0.5000336
0.913455396825754,0.9167722
0.49882972481367205,0.5004221
0.8349223154095821,0.8131151
0.5382426790019911,0.52653354
0.580782135059701,0.5720855
0.499853693902484,0.49659234
0.9642887330372161,0.9625456
0.499512079911519,0.49945924
0.9697176991049091,0.9635645
0.564890569566141,0.56622106
0.49864680116212906,0.50258666
0.49528512531366603,0.5021584
0.7079587079587081,0.7592623
0.910070513815415,0.91197264
0.7071827073020881,0.6984345
0.626813921513061,0.6170921
0.9170354505886501,0.91112244
0.8134436701509871,0.82268035
0.49997000198877506,0.502444
0.9636209365127251,0.91485757
0.502163457200347,0.5044415
0.5008236370590881,0.5014442
0.9159510904782671,0.9102305
0.503152128343871,0.503292
0.9714702781134631,0.96424556
0.502713433236049,0.50388896
0.49915527454453507,0.49902946
0.9967467467467461,0.99909437
0.49932753335914004,0.49909708
0.49909510261897205,0.5008454
0.9709503008929941,0.9677308
0.506877192843727,0.50883496
0.8046560623793411,0.5745383
0.8259545911823241,0.856032
0.511903953399222,0.5111777
0.7117359000337721,0.7340101
0.496376090910342,0.5000478
0.517850466733881,0.4999731
0.884128387782336,0.87760496
1.0,1.0014935
0.5105574080521991,0.5054597
0.833672566764147,0.8247854
0.9228895833636691,0.9303204
0.8179283443232561,0.56892246
0.502386460888941,0.5033412
0.498769981174049,0.49927554
0.498713552170488,0.49894032
0.9132223297709751,0.9140667
0.891558102749963,0.863058
0.932061861169984,0.9443204
0.503429611890382,0.5022292
0.505516060606238,0.49892935
0.9587083984343361,0.9593371
0.504816502308714,0.5018521
0.500239914586007,0.5000336
0.505894978882617,0.5035141
0.9640207488991581,0.95903933
0.9648629148629151,0.96334124
0.5000249731831891,0.4992614
0.500323675707262,0.49912873
0.5032188372216151,0.5038423
1.0,1.0019952
0.8176377904171601,0.7970541
0.83011309813605,0.83253926
0.860716794819908,0.86498207
0.5939194459420211,0.6438162
0.500708693152706,0.49951655
0.8882157503640631,0.88362473
0.501762493715577,0.50101626
0.941736694677871,0.9394349
0.6965980081361121,0.68666905
0.8846695296302031,0.89809
0.915680148027158,0.93072957
0.8595094991998651,0.84057987
0.49854734973614906,0.4996155
0.49906825143667205,0.51891285
0.5170789290486231,0.51205266
0.6095642445796591,0.61208814
0.5012035582791811,0.4995213
0.49659093702183305,0.50127137
0.8534827418467741,0.82232225
0.9879353233830841,0.9910869
0.538576300438637,0.5448132
0.877264547880082,0.8818298
0.49978191476346,0.5010297
0.49676203921370704,0.49916923
0.7684741687699961,0.7754798
0.9558228500345141,0.9501534
0.9035278064823381,0.8844111
0.749421227810101,0.78976077
0.9434194135241981,0.943818
0.8288442024610201,0.839036
0.90215669547566,0.9202822
0.49975057879967805,0.49922448
0.936849325805935,0.9382063
0.495611661615788,0.49745473
0.501296629358374,0.50237435
0.5109872037888761,0.51017565
0.8385225526656661,0.8452983
0.9399534392824821,0.9290741
0.8789958557662211,0.88245165
0.847355412720722,0.8427038
0.499240349947895,0.49992257
0.5001205909509351,0.5078859
0.49774195831475104,0.50120693
0.8725417943725131,0.8522528
0.5604224484031171,0.5648433
0.5039779357026221,0.5070525
0.499664626807912,0.5049875
0.5006955946478261,0.50178957
0.5006955946478261,0.49918857
0.9174431353073631,0.9246549
0.49950405146004806,0.49946806
0.877264547880082,0.8874401
0.660099261964263,0.7461829
0.572081006488672,0.57329386
0.9861823361823361,0.986751
0.963861516554473,0.9526827
1.0,0.97601354
0.851375951636622,0.84057987
0.9405018197483701,0.9509588
0.49970061457205606,0.49962553
0.6980402939934931,0.7282556
0.944419619881354,0.9275341
0.7058673469387751,0.69996494
0.5004031956281041,0.49985698
0.8838599457216231,0.88238937
0.513589621769874,0.506268
0.501811701881287,0.49959862
0.922988633270704,0.92567736
0.5236497877122871,0.5168075
0.827149926877618,0.8401864
0.5036114954664831,0.50134027
0.9593394061490851,0.94550544
0.745256091737973,0.73754555
0.49528512531366603,0.50076854
0.787750169017684,0.8052383
0.502154880999091,0.50074685
0.8408983723335001,0.7017389
0.5326743187210851,0.6823684
0.5138293481436861,0.518015
0.9983985765124551,0.979674
0.58116823346872,0.5848093
0.500552786224239,0.50386065
0.8184592467893631,0.82720655
0.87827274361047,0.87760496
0.843685582512198,0.86038804
0.5055652994651251,0.50272065
0.5017649901662691,0.4998415
0.8541668699951541,0.837936
0.6673576713646401,0.65442497
0.9263741001930671,0.92378294
0.5257576208130691,0.5190882
0.498263375631296,0.49858475
0.6395296167247381,0.64318615
0.9949677430222171,0.9729946
0.5666120253512801,0.57182467
0.49794772754909905,0.49989334
0.500672748462896,0.49992755
0.486409362116054,0.50153744
0.5138293481436861,0.5261778
0.501502943472516,0.5005786
0.49950405146004806,0.49946806
0.500708693152706,0.4991879
0.5927237732480081,0.57310945
0.512763227577966,0.5521422
0.505137550849727,0.5077393
1.0,0.98723614
0.5000996055283641,0.4997344
0.5023284999744241,0.50336015
0.506276050976335,0.50847197
0.9534028368671431,0.9556265
0.8734742923024911,0.88293767
0.9071522760125361,0.9130087
0.495388949250246,0.50341654
0.6474644457653651,0.65717447
0.9375,0.87330574
0.8305888697168151,0.8427559
0.507472128284423,0.5083382
0.8549885157214491,0.86408585
0.5127184995143941,0.5136565
0.790277377370962,0.7564491
0.9844637855142061,0.97889775
0.49684511933783004,0.49966168
0.9362458131931981,0.94142836
0.498263375631296,0.4982795
0.504060008676797,0.499827
0.49963142192520704,0.50212294
0.7413690476190471,0.74869543
0.5016448866728,0.50425315
0.49971191282109806,0.49909708
0.5947574740461771,0.6073863
0.8526988341828211,0.85680836
0.502686175915493,0.5016473
0.49734691867366504,0.50334823
0.9409041134096001,0.9458269
0.501610266277696,0.5005936
0.502223017268784,0.5019789
0.5046015215571881,0.5041519
0.8791107404053641,0.89140683
0.518492059820252,0.5185739
0.9691517855007691,0.95997304
0.587477974054018,0.5715732
0.511469070080739,0.5083949
0.937375154292115,0.9328383
0.498263375631296,0.4982795
0.9455042532707971,0.93921906
0.9352061222994571,0.9246762
0.500380311865968,0.49986136
0.9060680997384921,0.9125386
0.53332570836005,0.6599235
0.501748994265872,0.50075006
0.873098616928435,0.8630943
0.500949894442691,0.50268495
0.49811173289433003,0.49916258
0.9514292186559411,0.9370423
0.496733053641751,0.50052345
0.8376559449111111,0.8068009
0.720155021869447,0.69468504
0.9121093578775561,0.92430514
0.50696328538445,0.50481087
0.8166868872559031,0.8301209
0.5177573362476331,0.5120906
0.871517810489958,0.8598585
0.8526800575254211,0.8468226
0.5046739385394371,0.5045106
0.49893805928350604,0.49793008
0.5068075973902311,0.5187652
0.504060008676797,0.49927554
0.7268031366476371,0.7304259
0.87346657867192,0.87287337
0.49906825143667205,0.5170839
0.49459843295655503,0.49907672
0.50029099077334,0.5037908
0.503248091090534,0.5057924
0.882737085410872,0.87813896
0.499827204468106,0.49928755
0.9632267677523031,0.9531943
0.864814814814814,0.8626324
0.500380311865968,0.49986136
0.5610985208207431,0.5191548
0.502686175915493,0.500808
0.925295930271347,0.92364216
0.49835246090225205,0.49978715
0.5372222790129041,0.518778
0.500585094253015,0.5024563
0.502676788759712,0.49990425
0.4968450207637,0.49840394
0.593584927809441,0.55484426
0.9395833333333331,0.939163
0.592407757071718,0.6241826
0.501231687692807,0.5010113
0.497483394404772,0.49871296
0.923850005090689,0.91762835
0.757604730953442,0.74259436
0.7058673469387751,0.6998715
0.5009259910778301,0.4969744
0.9936448153984331,0.9722113
0.7074142407408891,0.73845345
0.9716923465349131,0.9695754
0.9135359962805891,0.92648363
0.545549604413983,0.5836857
0.8611226018596021,0.8546588
0.672850027932804,0.6785552
0.9681758515833591,0.9634599
0.502528758744563,0.50206035
0.8769531074109681,0.8613451
0.9339114740013731,0.95468646
0.5354278937025411,0.5358672
0.500196483219839,0.5018948
0.5807203820485071,0.57577544
0.5032126983955231,0.49329904
0.5029253622266711,0.49739966
0.49804523428894004,0.4999843
0.519809385467758,0.5190325
0.8280763014243641,0.83253926
0.963691202409337,0.9581956
0.8879212046490451,0.8732608
0.49988837093825506,0.49969354
0.93021213067019,0.9258648
0.497483394404772,0.4985364
0.500268781210063,0.48891625
0.8468338399189461,0.84074974
0.499080687231277,0.49993685
0.511714990926265,0.5048671
0.5037753590866291,0.5006681
0.5203725963837691,0.5598634
0.5666120253512801,0.5718478
0.506767194097627,0.50777704
0.9017036576221961,0.90778875
0.953581900158988,0.90017694
0.498263375631296,0.49710822
0.515566606389391,0.5345791
0.929139019561088,0.9197917
0.883386250079025,0.87943435
0.49227132232751303,0.5020161
0.5009008010349101,0.5023842
0.93758928371848,0.92947966
0.6281522703272611,0.6466216
0.8671358274420581,0.85534966
0.542256255938779,0.5423208
0.8550517840209221,0.84824574
0.500695032837249,0.50047165
0.497214065344852,0.5028003
0.505523239257324,0.5020625
0.516024673979219,0.516496
0.49918770066295604,0.5007109
0.7418326907977401,0.7814447
0.49187461855414305,0.5000555
0.880718414834956,0.8678742
0.49947445958747605,0.49959466
0.681376076093758,0.6819347
0.505130806772571,0.51637524
0.5947574740461771,0.59531534
0.9297439744161281,0.9347138
0.49931859161911,0.50017995
0.5297911904961491,0.51401055
0.881216712656629,0.8713976
0.499080687231277,0.49963173
0.498409922024635,0.4992614
0.8586372148897361,0.7985877
0.502387797838383,0.5000336
0.49950405146004806,0.49946806
0.522225710733787,0.50272286
0.49862299254934206,0.49829414
0.49989718451914605,0.5007109
0.9259787858746191,0.92610395
0.502503087408384,0.5002934
0.499580511765055,0.49880925
0.5328629065698031,0.5221618
0.916545832724417,0.90186286
0.500810247184957,0.50133455
0.654081722189199,0.71508855
0.501229055294669,0.49897704
0.49791452475200304,0.50019497
1.0,1.0003909
0.954155235183178,0.94563305
0.49990608997482505,0.49919873
0.509720335841056,0.50341654
0.518774198135858,0.51307696
0.502419841895905,0.5000478
0.8722411026240361,0.8735972
0.500312096715272,0.50101227
0.499580511765055,0.49851063
0.496967742621283,0.5021584
0.500316846678864,0.49926993
0.9741321475876611,0.9596222
0.9914974283011421,0.9836488
0.8939139241513671,0.91123766
0.49925020236184503,0.5000336
1.0,1.0009651
0.919036634136935,0.9293122
0.505495127165774,0.5022292
0.49227132232751303,0.5020161
0.9568011963348211,0.9473597
0.9260683760683761,0.9357418
0.49970386444477105,0.5021558
0.8409950753163471,0.844788
0.509814662295469,0.5136534
0.9598644064150831,0.95282453
0.498769981174049,0.4992006
0.500708693152706,0.4991167
0.500511544482512,0.499818
0.49971191282109806,0.49942583
0.499240349947895,0.49959466
0.519879539334683,0.53059006
0.526518462345829,0.5313954
0.9392190916266291,0.9492266
0.957786817316657,0.93862706
0.517642192618133,0.5111777
0.650255927127646,0.6503629
0.504224597049134,0.50052345
0.5572880789136161,0.56706345
0.506365532441044,0.50799334
0.501610266277696,0.4999242
0.49925020236184503,0.4993523
0.8134436701509871,0.81379586
0.5004044770249161,0.4999412
0.7671189987611,0.74584025
0.8902053402098471,0.89777046
0.52874105363517,0.55951107
0.504267397720917,0.50039566
0.498409922024635,0.49989334
0.553658701223654,0.58697206
0.492826153279862,0.5019835
0.49502810479435905,0.50039566
0.9709503008929941,0.9647106
0.51887843089407,0.5408652
0.50361339539577,0.49948558
0.497209265584415,0.4985516
0.8817904209185651,0.88204443
0.6168142334443031,0.593192
0.49989718451914605,0.5004057
0.499080687231277,0.49993685
0.9270705582516161,0.7985877
0.49970386444477105,0.50091225
0.5033206017712061,0.50666577
0.498713552170488,0.4979168
0.5028850087865431,0.50216186
0.49978137132874106,0.49941605
0.7775026704473791,0.7661875
0.49699818794582,0.50023407
0.500345496894614,0.4984269
0.499323347903795,0.50005794
0.9736991707954271,0.9625456
0.499580511765055,0.49851063
0.956269888971609,0.9390187
1.0,1.0014434
0.500708693152706,0.49951655
0.912187896278805,0.9197929
0.7958255751308351,0.807338
0.894817009099352,0.8996149
0.5010020432359751,0.50023407
1.0,0.9960476
0.5468340981294051,0.72489154
0.5076547109891401,0.50402874
0.9615378698179021,0.962644
0.5632095524429921,0.60659933
0.973056998730175,0.9770036
0.500323675707262,0.50005794
0.860895242079137,0.81614447
0.9914974283011421,0.9869184
0.8789958557662211,0.88806194
0.502387797838383,0.49912873
0.499240349947895,0.49959466
0.841249100376231,0.8618751
0.8869985048658301,0.882644
0.502590066307244,0.4995155
0.9649359122681421,0.94984895
0.499648936267201,0.49910066
0.9322298311522441,0.9324041
0.5031805977110251,0.50467914
0.940917872760865,0.9233141
0.504867553778481,0.48194134
0.500511544482512,0.499818
0.9765066000866051,0.9933664
0.49932753335914004,0.49935386
0.49989718451914605,0.5003345
0.49854734973614906,0.4996155
0.500695032837249,0.50047165
0.924367340608767,0.92730904
0.49676203921370704,0.5010452
0.515875445360739,0.5112521
0.8134436701509871,0.808755
0.500316846678864,0.49952665
0.844222718690063,0.8645689
0.8649537178948951,0.8615547
0.9458838862863621,0.9496688
0.500382303678892,0.5996584
1.0,0.9972423
0.499745275795049,0.4991658
0.499512079911519,0.49983555
0.9666712842596601,0.9690128
0.9731910293764381,0.9732763
0.497483394404772,0.49821264
0.9793361916925131,0.9780697
0.5020801914810781,0.5002208
0.533556561357737,0.52894694
0.499481113373467,0.49977177
0.49866589658526905,0.49865928
0.7688169072459641,0.7804123
0.504181375761368,0.5061675
0.5028997909691041,0.50392556
0.5007017015537231,0.49067944
0.9159211642677411,0.9026205
0.5004227315494191,0.5009371
0.49804523428894004,0.50072116
0.8663571239234491,0.8476036
0.5004044770249161,0.50024617
0.867460684820838,0.88026
0.9734814912573471,0.9596222
0.49889529665949905,0.49980542
0.5339102158586401,0.5234618
0.518621927035802,0.51145303
0.73637715062715,0.7965573
1.0,0.9987693
0.922405245860605,0.92247427
0.49882972481367205,0.5006681
0.9556977797258921,0.94303745
0.499122828779531,0.49832177
0.9029915805279761,0.90875924
0.5002878058029441,0.50020546
0.503058335837557,0.50267553
0.49971191282109806,0.49942583
0.541719029214856,0.51755565
0.495188167333284,0.49804783
0.580966223698781,0.63306767
0.50110848698817,0.49464446
0.6851462617782861,0.5300335
0.501273107894004,0.5028488
0.499879448442118,0.49966586
0.49852733247435504,0.49717048
0.680045394420394,0.68726224
0.507460749446718,0.5048922
0.495611661615788,0.4982249
0.875627396601601,0.8868369
0.5022162440276571,0.50090617
0.63021669341894,0.63083386
0.9097304894179891,0.9101546
0.49203889463610906,0.5002894
0.5807203820485071,0.5774539
0.5283809150261031,0.55020833
0.490536703104172,0.50061375
0.49978137132874106,0.50009567
1.0,0.9974719
0.49886524296224005,0.50035334
0.504060008676797,0.49927554
0.517378838187177,0.5155973
0.500119604378338,0.5015857
0.9442498367616361,0.9295689
0.8344666789083781,0.8220514
0.8919080705434941,0.90204066
0.572035985059348,0.56636465
0.499381135713136,0.5001759
0.49338125545624606,0.49925208
0.8734742923024911,0.88854796
0.500511544482512,0.499818
0.8948067632850241,0.898597
0.49260178355186907,0.49905688
0.8809503138493591,0.88496023
0.50361339539577,0.50055087
0.502375772524553,0.5010461
0.967741434485015,0.96663696
0.8037914323277491,0.779352
0.8533929420909431,0.8631903
0.7413690476190471,0.74816376
0.5092132589541271,0.501265
0.9226847771568311,0.9143556
0.7862602092563921,0.7642574
0.868403730645048,0.8529321
0.518643278803759,0.5105985
0.797698201211759,0.7797088
0.9840086034413761,0.97051597
0.8360815730064061,0.9181231
0.8190258156768491,0.8392554
0.490536703104172,0.500955
0.5862963011103991,0.61722726
0.5093208771609941,0.5086819
0.8954060350676881,0.90247464
0.501296629358374,0.5009371
0.7058673469387751,0.69549835
0.880289265500782,0.8733588
1.0,0.99533623
0.49922349136945404,0.49946195
0.504197933173897,0.49942228
0.784621710283613,0.77903205
0.9327492852415301,0.92804813
0.528873076474179,0.5332626
0.499648936267201,0.49902946
0.9954861111111111,0.9375097
0.8141318887105401,0.8234662
0.500573224566362,0.5001417
0.5082562574949601,0.50460035
0.9579015928222271,0.9475969
0.9075294978414811,0.9112427
0.818658251073435,0.8345869
0.53150485497889,0.5254669
0.836403894742733,0.8545511
0.5019259598354351,0.5005362
0.860930035535258,0.86287606
0.49651688659367404,0.49921194
0.9759571141606421,0.96995676
0.9060577547452541,0.9007406
0.5579078278413451,0.54299825
0.811830051161995,0.8251939
0.958890449263265,0.95695025
0.499354866055418,0.49917847
0.49993347492712303,0.49876687
0.499444879647826,0.49876198
0.5833708778848901,0.61974233
0.502110223403548,0.50217414
0.742154484158,0.7421152
0.9288283045590031,0.9218427
0.49791452475200304,0.50193334
0.970088256662713,0.9730302
0.499827204468106,0.5000713
0.502313911796736,0.49997032
0.5010320714633291,0.5023389
0.8784162726394451,0.80435693
0.5019054264316231,0.4992614
0.8314324484142761,0.8983969
0.5017722185225371,0.50082433
0.496682386908857,0.4980094
0.5787075899114721,0.5837778
0.9376014499451261,0.93017155
0.7058673469387751,0.6973933
0.8734401245668431,0.88475364
0.5047759892085361,0.50039566
0.81757986621941,0.85499275
0.6806588351978531,0.63837606
0.8860718907712051,0.8896521
0.506862195831268,0.5059215
0.952331951660166,0.9478516
0.9122366795662251,0.92653793
0.538619388399141,0.6226532
0.5236061088863241,0.54816455
0.9970588235294111,0.9902832
0.9633208689458681,0.9540708
0.828776978326596,0.8249051
0.49857430123269003,0.50456357
0.5012948228396791,0.5008083
0.9652850670302071,0.9714386
0.498263375631296,0.4980687
0.8642919176649331,0.79528135
0.50001371170741,0.49964786
0.499240349947895,0.49966586
0.9334572481819751,0.93324643
0.499745275795049,0.4991658
0.500558013856718,0.49934277
0.56312570960561,0.59022427
0.504060008676797,0.49936637
0.503077479576535,0.49991563
0.9696109816871181,0.969822
0.9770665299612661,0.9806236
0.499879448442118,0.49959466
0.9717587747742201,0.984488
0.9073781913636021,0.9128076
0.873378581241232,0.882644
0.500912125521858,0.49969354
0.9392672549540091,0.9350512
0.499790679489569,0.50143033
0.5830398637658311,0.57015824
0.496682386908857,0.4981977
0.9323212191508211,0.93539613
0.49620370484067805,0.50031656
0.5026966483088371,0.5034546
0.499354866055418,0.49987677
0.648931643269622,0.65442497
0.6789868317905701,0.746704
0.9297742784424791,0.9120946
0.928348609386034,0.9257975
0.5006955946478261,0.49951738
0.9521158820297371,0.93050206
0.499041791891751,0.49887726
0.5084149704451131,0.51078796
0.873024909874719,0.82384336
0.500757065297619,0.5019435
0.498901525500605,0.5132023
0.5108653547824811,0.510977
0.500470535115175,0.5005751
0.49959180761835803,0.5016892
0.500119604378338,0.5007075
0.5220204610850491,0.5118972
0.9382966088484871,0.93120664
0.562378525604536,0.5551504
0.501035434220469,0.49954844
0.705189104876604,0.6829822
0.910070513815415,0.9181252
0.9714866796689311,0.9738058
0.49421207675208906,0.5069518
0.500323675707262,0.50005794
0.499745275795049,0.4991658
0.883949983778011,0.8995359
0.9646220069948881,0.96909606
0.500699004349489,0.50289786
0.49950405146004806,0.49972478
0.505094109043253,0.5013494
1.0,0.9952537
0.860355709784215,0.85920984
0.5082512001675681,0.58171743
0.9315689780606541,0.9387011
0.592575961825175,0.5813274
0.897671563586501,0.91003376
0.49934563800066806,0.49959466
0.49762831394952006,0.5006997
0.500323675707262,0.4997867
0.51131712044073,0.51061755
0.501804270840292,0.50194514
0.605249096338205,0.62272906
0.504169691068119,0.50474745
0.614896554478228,0.5982485
0.9426297747090141,0.9512644
1.0,1.0095857
0.602515418609168,0.58616275
0.886189409147705,0.86636597
0.9556825952552981,0.9484766
0.50337933341758,0.5001649
0.5116393970038471,0.5110166
0.9402744546445231,0.9461574
0.500380311865968,0.5018877
0.5056404438929061,0.50227326
0.500196483219839,0.5018948
0.5047848604998371,0.50452733
0.49931128500171706,0.49931407
0.9834833853718311,0.97417986
0.500920042062183,0.5031963
0.9858698712556261,0.96912175
0.912188742135266,0.90125096
0.9763034125843161,0.9695754
0.498769981174049,0.49927554
0.908503983464063,0.88721156
0.5149559177985961,0.54757243
0.7058673469387751,0.7001946
0.501363073282161,0.5017378
0.496978819329467,0.5001914
0.711904792049846,0.7313677
0.49835246090225205,0.49953043
0.5059746407716791,0.5028016
0.5300168967537,0.54299825
0.500316846678864,0.4995751
0.904229324489717,0.9200434
0.6907084979151851,0.68243676
0.8203492760509701,0.8310322
1.0,1.0029722
0.49187461855414305,0.49982002
0.49892143726581606,0.49860978
0.495326523649859,0.5155973
0.504289810126339,0.5051125
0.498713552170488,0.4994642
0.7179198354432,0.7450142
0.5841180429869041,0.59254074
0.974575067788993,0.95836043
0.49994282074828506,0.505206
0.8629318159503251,0.83812016
0.9595269618213951,0.96436983
0.84341222076233,0.79843885
0.8721427038953171,0.8996149
0.49893353652929906,0.49781713
0.700429400615968,0.70656675
0.49484753277226906,0.50143164
0.49676203921370704,0.50045
0.49988837093825506,0.5002657
0.699482155857513,0.6873173
0.9067867369130461,0.9110613
0.894601197754265,0.91579556
0.5012489124053561,0.49664703
0.9155168463112071,0.91019624
0.53158615537956,0.5179192
0.78352190272882,0.8001005
0.501764999382122,0.4996206
0.75798898659609,0.6968203
0.49747447978327003,0.5004639
0.63021669341894,0.63051075
0.499580511765055,0.49851063
0.9165247015993131,0.93862706
0.75322038817031,0.7569976
0.588017347236097,0.57893443
0.7384769034528961,0.79467463
0.8232230441139241,0.828565
0.7058673469387751,0.7001946
0.807695831441068,0.8362975
0.9844564683682331,0.97109604
0.49893353652929906,0.49756035
0.507767186239224,0.50978065
0.5947574740461771,0.5991001
0.5325737521074201,0.51657706
0.919550169882947,0.9183189
0.6077516426421631,0.6001101
0.5006955946478261,0.50178957
0.505473136635,0.50298506
0.9322298311522441,0.92852414
0.7412204208884701,0.781598
0.49970386444477105,0.50254536
0.504605515312201,0.5049904
0.49882972481367205,0.5004221
0.5153740642755761,0.5218562
0.49811173289433003,0.49949053
0.547802365628802,0.59806824
0.9746858042674241,0.9697071
0.5339102158586401,0.49228835
0.49855952079285804,0.50005794
0.5006955946478261,0.49918857
0.5950700551975171,0.5931362
0.49988837093825506,0.4991865
0.5040806513882541,0.5035195
0.49651688659367404,0.4984548
0.49893353652929906,0.49756035
0.801718022358587,0.8029605
0.49893353652929906,0.49781713
0.508815224332396,0.5083615
0.9690409847603381,0.9643255
0.502725424389006,0.5006071
0.711757626860513,0.6927406
0.498042911677041,0.4991865
0.5822087202792591,0.51315
0.8466483148947651,0.8432899
0.49971191282109806,0.49909708
0.5666120253512801,0.56692195
1.0,0.9976068
0.940312041141323,0.93000084
0.815388754371805,0.8009843
0.9322298311522441,0.9203699
0.49892143726581606,0.49891502
0.910923360962521,0.903004
0.499648936267201,0.49910066
0.499827204468106,0.49913955
0.49983992584833503,0.49961635
0.8141318887105401,0.81874233
0.49459843295655503,0.49907672
0.501762493715577,0.5007595
0.814354506411292,0.8173462
0.5019054264316231,0.49985698
0.9480286738351251,0.94112575
0.49676203921370704,0.49916923
0.492914927463705,0.49942228
0.5004070501062431,0.49973795
0.52218301244233,0.5257901
0.49893805928350604,0.4985344
0.519769614514887,0.544216
0.511582928055776,0.5482292
0.513802770677756,0.50896186
0.499240349947895,0.49992257
0.9325184889455371,0.94764364
0.515269773983783,0.5133215
0.728250740163587,0.6919093
1.0,0.99318695
0.49676203921370704,0.50045
0.502387797838383,0.49989334
0.986384976525821,0.97847325
0.49972096481360606,0.5024703
0.9122366795662251,0.931703
0.9536197999545041,0.9573102
0.508737747738299,0.5029994
0.501762493715577,0.50101626
0.500239914586007,0.49989334
0.49613685306325206,0.5002905
0.564598448485867,0.56934416
0.49827353957448306,0.4993407
0.49906825143667205,0.51891285
1.0,1.0044181
0.8580486048515941,0.8182015
0.500642846832961,0.49988562
0.6907000698634941,0.6909738
0.499378615141481,0.4998114
0.9529291787373211,0.9571841
0.526126769179006,0.5237805
0.9582094681548341,0.93400955
0.9636664637837691,0.96683216
0.8958514344638381,0.9143905
0.507358978702265,0.49452215
0.932088954931483,0.9259469
0.5030848381462191,0.5019835
0.790492291273541,0.8256018
0.9913123582766441,0.9777314
0.502387797838383,0.4992614
0.9523165177789451,0.9529182
0.49934563800066806,0.4999945
0.500708693152706,0.49949297
0.49978739370589703,0.5010297
0.9072893121081831,0.9162391
0.5025841743964851,0.49560222
0.503412221329081,0.50557786
0.8681742751297461,0.86160374
0.957155112884518,0.97290224
1.0,0.9980459
0.500728741052317,0.4993407
1.0,1.0065295
0.9676547810663251,0.9715686
0.500912125521858,0.4992614
0.8702534852952851,0.8520516
0.989886219974715,0.99330753
0.8227302065270551,0.8362975
0.495359258822044,0.5007552
0.5156708161536361,0.5087848
0.539163829776654,0.5350949
0.917761596046563,0.9186936
0.49288447550831405,0.5096417
0.891558102749963,0.6549025
0.502810898084276,0.49911338
1.0,0.9988811
0.741784317452239,0.7354588
0.49227132232751303,0.49703255
0.5015412825680671,0.50146395
0.869381765480674,0.8760125
0.503058335837557,0.50285214
0.49963142192520704,0.4993325
0.511714990926265,0.5063812
0.500695032837249,0.5004004
0.49915527454453507,0.49940574
0.9053994010135971,0.88967794
0.5004514822626921,0.50116014
0.9682053066618451,0.94604754
0.502425303628321,0.5020024
0.9157348595321351,0.9286165
0.49978137132874106,0.49941605
0.942442061220186,0.93862706
0.9765621857248551,0.9724805
1.0,0.9923574
0.506440685389834,0.5041928
0.501110459914153,0.50036305
0.49675294502618206,0.49819133
0.509324377625409,0.5095729
0.519833079951889,0.5744385
0.499350930578268,0.4979494
0.507088372589073,0.5105149
1.0,0.99978226
0.538065737770687,0.54027516
0.49260178355186907,0.50012213
0.6653625366004,0.65897804
0.8841307866556871,0.8844159
0.49922349136945404,0.5004662
0.8428183839690321,0.8495198
0.49950405146004806,0.49979675
0.8141318887105401,0.82219106
0.504832631292634,0.50432044
0.500366546145096,0.5005231
0.8879150387953201,0.88466597
0.5063706270663101,0.5041207
0.8439851673227501,0.8474696
0.8260915313632741,0.82788575
1.0,0.9974719
0.497483394404772,0.49871296
0.501681383654586,0.48397753
0.54506635966201,0.57857734
0.500511544482512,0.499818
0.512913547890908,0.52725494
0.49963142192520704,0.4992613
0.9438202247191011,0.8763865
0.756873100011444,0.79288083
0.5555498066844821,0.5712664
0.8273508959781231,0.7993809
0.9108104858104861,0.9209754
0.502883416936856,0.5020024
0.7073032929763401,0.6919093
0.499080687231277,0.4999604
0.499444879647826,0.49876198
0.502223017268784,0.5010113
0.501396771896357,0.5029833
0.499580511765055,0.49930954
0.677784428482752,0.6833703
0.49338125545624606,0.4994981
0.512856509109042,0.50418013
0.50001371170741,0.4995994
0.610802718381115,0.6303894
0.49915527454453507,0.49940574
0.640294923248522,0.6459133
0.504064303668724,0.49915135
0.8820288949645081,0.869483
0.6787187822551971,0.67560256
0.5093208771609941,0.5053313
0.874302941299389,0.86396974
0.49008238789877306,0.4992404
0.5166149074184491,0.5257901
0.501189593925318,0.5014538
0.5012948228396791,0.49995735
0.9723613909348231,0.96778363
0.48903966520672804,0.5007552
0.49739347066925305,0.49767438
0.9258320508085591,0.9173447
0.500454067453571,0.49999467
0.49925020236184503,0.4992614
0.5022111382681821,0.50040734
0.503429611890382,0.5022292
0.49892143726581606,0.49860978
0.8809447709942461,0.8794932
0.9719518849206351,0.97327065
0.500912125521858,0.4992614
0.8771920416556901,0.8630943
0.8990299888401561,0.90875924
0.5054756361128511,0.51684856
0.9659152461951511,0.94879496
0.8356409735472551,0.8371778
0.598364709347436,0.60826284
0.5265044348434971,0.52383995
0.49811173289433003,0.49916258
0.91096138472899,0.88774294
0.500316846678864,0.49919873
0.8532285776781711,0.8572283
0.9154469939139491,0.9279779
0.49892143726581606,0.4989086
0.49925020236184503,0.49985698
0.49667514859451306,0.50097555
0.550651910038935,0.5250719
0.5478641224699481,0.50009894
0.49950405146004806,0.4997732
0.9551781639225431,0.95751286
0.500119604378338,0.50192696
0.9831407730107681,0.97015077
0.6673576713646401,0.65658295
0.9679861596208721,0.9648057
0.9724401882797901,0.9692466
0.49461392214513006,0.49892607
0.530624109345275,0.5321005
0.766565025489221,0.7952171
0.6856154033823231,0.68390113
0.49763998039973306,0.4982922
0.858373193029981,0.85781693
0.49922349136945404,0.50001335
0.501274681762771,0.50291735
0.504337641641709,0.5011298
0.762765357594363,0.8092644
0.979121318149845,0.9803988
0.8468338399189461,0.84074974
0.50677641931182,0.5043891
0.8787838484267061,0.84573275
0.49988837093825506,0.4992614
0.49983992584833503,0.49994424
1.0,0.9976068
0.501610266277696,0.5003919
0.5184533438534871,0.52383995
0.5022562626757391,0.50189894
0.502239977580721,0.5007339
0.499879448442118,0.49959466
0.881265691393158,0.8916745
0.9616461850095851,0.97293127
0.5026936241011011,0.49991837
0.5029671218750751,0.5003272
0.975724996311591,0.97101617
0.504395460527959,0.503277
0.939853019430499,0.9465725
0.49889943051422503,0.5010297
0.90592226520827,0.908133
0.6244908124327461,0.68292296
0.8840560781963761,0.9118736
0.49676203921370704,0.49816567
0.517965138227091,0.51159304
0.8502837623085441,0.8546588
0.500999753284289,0.5046027
0.49474996850988506,0.49616918
0.8388324051578131,0.84161896
0.9276355924538401,0.9506584
0.49970386444477105,0.5011169
0.503944182226441,0.503277
0.765541474114766,0.794034
0.8475665900070081,0.8353865
0.6178294105948291,0.5871341
0.49934563800066806,0.49959466
0.918427230046948,0.93537843
0.861620679013762,0.85995805
0.5002285050496921,0.5032751
0.495723858520947,0.5029833
0.8858013332559811,0.8700756
0.9600794537685171,0.9671229
0.5020116578658751,0.49845222
0.500923933778572,0.50047165
0.501610266277696,0.50092584
0.499580511765055,0.49902079
0.5692107631951381,0.5791787
0.5002623458294411,0.4998591
0.502129846065835,0.5027522
0.858637425841934,0.79785687
0.9617806269171311,0.9683499
0.5019633808206351,0.5024449
0.5368294586212451,0.5455978
0.580782135059701,0.57626814
0.9244231349762191,0.7887714
0.506910554917765,0.50471604
0.49742963110499905,0.49960807
0.500372966501477,0.50079036
0.502491194218152,0.5986699
0.7420688944432401,0.6930977
0.7506127450980391,0.7356264
0.654363573655632,0.6489506
0.766704770827982,0.79064465
0.49543766168374404,0.499899
0.9661934132884571,0.9697071
0.781697873324086,0.8111815
0.9772888576642811,0.9523677
0.842557098834226,0.8248927
0.49405649757381703,0.5018656
0.49804523428894004,0.49930468
1.0,0.99892855
0.960982207240564,0.95604664
0.499745275795049,0.499237
0.544464511353297,0.539432
0.49984831728131907,0.50005794
0.922607226359046,0.9220888
0.49993298366737504,0.4999945
0.49609705398478005,0.5003699
0.5028850087865431,0.5018206
0.49971754643737004,0.49953994
0.6859832027250881,0.5526738
0.502766212174373,0.50017005
0.7487698123537271,0.7444947
0.5050544346808541,0.5080501
0.910618420562134,0.90415657
0.9095772532999781,0.8444995
0.573770298462929,0.5482292
0.850985885444657,0.85379267
0.499827204468106,0.4988291
0.49862299254934206,0.49848714
0.500565197105398,0.49988207
0.5010595300550711,0.51673234
0.49895693491174103,0.50090617
0.5172707461533881,0.48878923
0.827610610632722,0.7903323
0.6014929885654501,0.70482785
0.499745275795049,0.49954212
0.49934563800066806,0.49997097
0.5088481865854251,0.50452733
0.9653005463026951,0.8983969
0.49667334507171,0.50456357
0.5085285974043501,0.5125316
0.954093768496422,0.9450676
0.501502943472516,0.50143236
0.5138826164647861,0.5197051
0.5468319713789961,0.65528494
0.9541423738285231,0.969
0.5047066375510081,0.5021016
0.505876652457401,0.50471604
0.806027660156827,0.8301522
0.8257237449782171,0.81033254
0.93649600490794,0.9291366
0.9515594236894791,0.9580362
1.0,0.9971488
0.49958634989076606,0.5006062
0.49852733247435504,0.4974092
0.49945956534365404,0.5001759
0.6066651710837141,0.6020222
0.50337933341758,0.49988362
0.9844637855142061,0.97902477
0.501780924141501,0.4967023
0.49893805928350604,0.4985344
0.8576007931071431,0.86498207
0.503248091090534,0.5041906
0.5659594117580431,0.5425016
0.49876207650157806,0.501324
1.0,1.010713
0.499879448442118,0.49997097
0.49978137132874106,0.49941605
0.8040513583638581,0.7987877
0.49993347492712303,0.49895987
0.508428952696181,0.5099992
0.53494078747123,0.55433327
0.9243164979459381,0.8458147
0.500565197105398,0.5003349
0.49971191282109806,0.4994023
0.503429611890382,0.50265944
0.8555969693551471,0.8972758
0.670215848739785,0.68390113
0.8760266982700441,0.89763194
0.500923933778572,0.5004004
0.5035634266493131,0.50274247
0.833551555189576,0.8432899
0.8641409469927611,0.8710396
0.820811313894605,0.83210295
0.501663386732562,0.50694805
0.502541133194019,0.5022859
0.501296629358374,0.5034311
0.5003770359124791,0.5003303
0.8754411307135911,0.88035756
0.499580511765055,0.4989415
0.9242989061696221,0.9311475
0.5020116578658751,0.49845222
0.498769981174049,0.49927554
0.497316292883663,0.5003174
0.502062897954442,0.5041673
0.502857437690311,0.49734384
0.502387797838383,0.4992614
0.49918770066295604,0.50073445
0.9021914594170201,0.9128599
0.9017166489599461,0.92730904
0.509717277034298,0.5061975
0.516024673979219,0.5177405
0.49980236011551304,0.5002225
0.8456631327999671,0.8474696
0.915735956726148,0.83797604
0.6130514004230551,0.6308127
0.8252936129341011,0.82832247
0.49658569498831,0.4970077
0.6395296167247381,0.64318615
0.771987434969797,0.7974466
0.5002878058029441,0.50046223
0.8438213045111701,0.82384336
0.8472659995571791,0.8561383
0.720155021869447,0.7092745
0.943705008878664,0.9461535
0.501229055294669,0.5003962
0.980315407121473,0.98125505
0.500323675707262,0.4992614
0.8402995868349421,0.84288144
0.506106168161792,0.5085061
0.742238849758664,0.7266617
0.8470178943482931,0.78465635
0.498586690406745,0.50101984
0.9166159300174591,0.8796723
0.49989718451914605,0.5004057
0.8502154270087041,0.84352314
1.0,1.0076156
0.49971191282109806,0.4994023
0.5046270154587751,0.50143033
0.502118754085082,0.49985343
0.530063541585664,0.52081984
0.49972792679134503,0.50245714
0.511807132450522,0.51209635
0.554357383583451,0.55610454
0.5048886173403541,0.5046997
0.495611661615788,0.49873474
0.500810247184957,0.50133455
0.497719361881975,0.50039566
0.7506127450980391,0.7314353
0.49934563800066806,0.49992257
0.878123341101635,0.8459093
0.971709245120518,0.9731022
0.9260683760683761,0.9005519
0.963544509286222,0.97674966
0.9315149474935721,0.92420477
0.49734644264454203,0.49949086
0.5002878058029441,0.50046223
0.8499999999999991,0.87966204
0.9310964999865111,0.9226801
0.620462327895071,0.78465635
0.500708693152706,0.4991167
0.502735289654178,0.50249696
0.5947574740461771,0.5991001
0.49932753335914004,0.4994023
0.5021745927094511,0.5018318
0.9600277723393301,0.8780341
0.963526594688566,0.96130216
0.500573224566362,0.49983662
0.504082193788851,0.5006989
0.8670680032475131,0.84057987
0.519942137007781,0.55272645
0.863709656727866,0.8830555
0.9874031007751931,0.98724747
0.503058335837557,0.50285214
0.49750156972143206,0.50001335
0.540925990009362,0.5384295
0.49971507719268005,0.50158185
0.499648936267201,0.49940574
0.501608664258261,0.5009941
0.49898061905801705,0.4991008
0.5890569904504831,0.62221384
0.501910761944361,0.5037014
0.8603679214045971,0.8782284
0.9340229640938781,0.93271065
0.499354866055418,0.49917847
0.500572016913023,0.50321966
0.49614197355154205,0.49960807
0.509560058667763,0.49777478
0.649357745883534,0.6482598
0.505523239257324,0.502691
0.8964200540032821,0.8868369
0.49152718830759706,0.5026401
0.49970386444477105,0.5019917
0.500312096715272,0.49865055
0.6274407658711081,0.7050016
0.9591322530725761,0.93242323
0.502513551067235,0.5054779
0.9576391037888831,0.9753801
0.680877867662196,0.6922882
0.9454474732218141,0.9280449
0.49889943051422503,0.49941874
0.499381135713136,0.5001759
0.505936290962382,0.5070288
0.49950405146004806,0.49946806
0.5059377581884791,0.5035141
0.930791322482398,0.92947966
0.50337933341758,0.4994317
0.850158042811289,0.8566046
0.501356145078611,0.5212937
0.7580071361246461,0.72541815
0.500923933778572,0.5004004
0.5260099730708401,0.52383995
0.496682386908857,0.49830803
0.501573426604507,0.5003421
0.5429426301378341,0.5394095
0.8124652022934951,0.80589515
0.502924408777583,0.5182577
0.5046270154587751,0.5020588
0.9803536035454871,0.9843348
0.5050017138113331,0.5036935
0.499354866055418,0.49960932
0.49835246090225205,0.49945924
0.496210825366017,0.6037191
0.50003717383151,0.50381225
0.7714649364857831,0.7864654
0.49892143726581606,0.49886656
0.5376989455981971,0.53306884
0.535475849428876,0.521771
0.49791792172062505,0.49826735
1.0,0.9959134
0.8127223241604761,0.847078
0.501424358324994,0.5002697
0.5002878058029441,0.5005107
0.937930605248887,0.9317418
0.499879448442118,0.49966586
0.940235609353789,0.9462526
0.49781613799915103,0.49903932
0.836614661768439,0.836626
1.0,1.0056516
0.501348712554691,0.51001364
0.760475599652322,0.7808625
0.5013120857916891,0.5009371
0.497209265584415,0.4989328
0.9272820421864191,0.5538011
0.49945956534365404,0.49941874
0.7183062560429391,0.745537
0.745922268329389,0.728564
0.8409716440188171,0.8110619
0.9452034144690951,0.9434704
0.5094964205922741,0.5110166
0.500565197105398,0.49895674
1.0,0.9939677
0.984599528857479,0.9809167
0.917680635475925,0.92218643
0.9744853992316951,0.98158664
0.8386831436884641,0.8599099
0.9711047254150701,0.96699136
0.986384976525821,0.9813308
0.562502788911662,0.5425016
0.594486569336924,0.6688434
0.5778779192209871,0.6781539
0.709664460860801,0.6816939
0.9332630976562881,0.93114746
0.9771292923845271,0.97184443
0.751666666666666,0.78206706
0.503058335837557,0.50285214
0.49972883429296505,0.4953623
0.773402023647603,0.79657555
0.5094532803035411,0.50799334
0.5103780292634781,0.49816012
0.49839399488476704,0.50126404
0.9430970528888101,0.9503962
0.50019976715852,0.50073445
0.49528512531366603,0.5021584
0.9652607900623771,0.9475969
0.831155640134512,0.8231253
0.501610266277696,0.50062716
0.522504682223356,0.5220131
1.0,1.0014815
0.501502943472516,0.5005786
0.502387797838383,0.4992614
1.0,0.9980201
0.49854734973614906,0.5000555
0.49161942479887005,0.50558627
0.49950405146004806,0.50174874
0.5004070501062431,0.5000431
0.530254436776202,0.5429312
0.49771155150891905,0.4998177
0.812711530893348,0.82411444
0.503058335837557,0.50271183
0.536748276341341,0.5488116
0.49963142192520704,0.50212294
0.500454067453571,0.49999467
0.49993347492712303,0.49895987
0.5012948228396791,0.49998906
0.505639868842885,0.50445414
0.657194077033822,0.6534369
0.499378615141481,0.49935943
0.9391405122655121,0.93127525
0.9491224976066601,0.9458269
0.8817904209185651,0.8876547
0.501103413035602,0.5005871
0.864814814814814,0.8634332
0.499444879647826,0.4995342
0.968856000004897,0.97576183
0.543148162780918,0.54699075
0.502387797838383,0.4997867
0.5333705676547701,0.5584051
0.5032384076248131,0.50075996
1.0,1.0025096
0.9428148099689151,0.87966084
0.499512079911519,0.49953043
0.515385478914481,0.4986391
0.8589352454866521,0.85920984
0.49163624782463705,0.5032143
0.495188167333284,0.49804783
0.49978298597268106,0.499859
0.56451559399757,0.5736007
1.0,1.0065955
0.9169579444335111,0.9089599
0.9444721470651171,0.9447388
0.578779355634374,0.6759218
0.9416829147308141,0.9355855
0.500642846832961,0.49995682
1.0,0.9953336
0.966105927716505,0.9693783
0.500648176480305,0.497817
0.9469429238566671,0.9481194
0.6311920976017,0.5534381
0.9448296826054181,0.94984895
0.500237754817213,0.5002208
0.495611661615788,0.49831468
0.502503087408384,0.4995363
0.5048256150179511,0.5010461
0.501264528684604,0.50294316
0.9185076957965651,0.9207419
0.9622666468877601,0.9677058
0.946719107281607,0.94925874
0.514200338433747,0.51199067
0.7352435157605991,0.5871307
0.8896152648646171,0.87454695
0.7723161266778671,0.7060736
0.9217672912613931,0.92876077
0.8300585874945781,0.8449922
0.5807203820485071,0.5747518
0.580782135059701,0.5747876
0.49915527454453507,0.49935728
0.8354785630999461,0.91384465
0.955013282080265,0.9635777
0.9184656436895501,0.92619675
0.83284125404684,0.83741254
0.501288062756864,0.50012016
0.502391665575425,0.50264853
0.678254629446957,0.6902163
0.499444879647826,0.49885285
0.9315262976405411,0.927264
0.7521712982191621,0.7364847
0.850521727303376,0.8448706
0.7761474511791501,0.7480316
0.9417321991204871,0.92841667
0.50001371170741,0.49934277
0.9252362727798261,0.93193036
0.517157921357922,0.5085979
0.8212969572234791,0.8310322
0.500708693152706,0.49949297
0.5009794795655911,0.5018378
0.5116000679450551,0.51061755
0.501632934867668,0.50888604
0.5104314054494701,0.51101327
0.812711530893348,0.8240801
0.521405616350828,0.51133
0.504082193788851,0.5006989
0.741769396268488,0.7610216
0.5048488540834161,0.5041447
0.9351493536375081,0.8690313
0.9391161988334991,0.94061416
0.942977321893095,0.9275341
0.5008933554242181,0.5003303
0.5062412845526401,0.50934815
0.864814814814814,0.86366284
0.8593450905013431,0.85000587
0.9879400945874931,0.98688495
0.873818060062548,0.8660798
1.0,1.0004487
0.829626401913343,0.8261566
0.5019645197360441,0.5152982
0.49756262240203303,0.49734384
0.49893353652929906,0.49756035
0.5004227315494191,0.5009371
0.49861589478299906,0.4993292
0.49993347492712303,0.49888495
0.49950405146004806,0.49979675
0.501732291465273,0.50528634
0.5624391939205381,0.58165085
1.0,0.9994226
0.496682386908857,0.4981574
0.751666666666666,0.7824217
0.524455129581552,0.526159
0.573994632598217,0.6036356
0.754471099509301,0.761699
0.49790442599203905,0.4970077
0.5024761168728601,0.5006181
0.501690215365563,0.5002046
0.49892143726581606,0.49891502
0.499745275795049,0.49954212
0.5059389040269711,0.50922525
0.9079734016217631,0.917767
0.8417024740237881,0.8670909
0.9402995867237831,0.94370866
0.581583482301362,0.5866652
0.49651688659367404,0.49921194
0.500923933778572,0.50047165
0.9052931964939571,0.8769185
0.6780322339837,0.7057127
0.502387797838383,0.4992614
0.8452487378725131,0.84784037
0.500728741052317,0.49856845
0.500312096715272,0.49777478
0.499580511765055,0.50064373
0.500511544482512,0.499818
0.945352156503218,0.9447388
0.49423072196050105,0.51697767
0.49915527454453507,0.49935728
0.631280818043319,0.6536777
0.49717805727789005,0.49786735
0.8134713977758571,0.77773565
0.7266650123358811,0.7342008
0.503248091090534,0.50343466
0.49892143726581606,0.49860978
0.895478787808703,0.8756426
0.897922579531898,0.9025288
0.7726238665827421,0.6930977
0.7413690476190471,0.74834883
0.5104750584641901,0.49430886
1.0,0.99677247
0.50002312641829,0.50024617
0.5020398112269371,0.5005154
0.5112591306148571,0.50117165
0.5022539292749271,0.49722695
0.502400436239781,0.49416497
0.5088767955075031,0.50806504
0.9395833333333331,0.9786957
1.0,0.9971488
0.9887597571163571,0.9793853
0.498409922024635,0.5000336
0.5339102158586401,0.5234618
0.9026069291766431,0.9042131
0.503319296227836,0.50152314
0.9189816180523561,0.93050206
0.49528512531366603,0.49974486
0.5867642815367591,0.58582807
0.50001371170741,0.4995994
0.499080687231277,0.4999604
0.500323675707262,0.49969354
0.6970214611930451,0.7323643
0.908503983464063,0.89153063
0.859063970115793,0.8738677
0.50337933341758,0.5043096
0.499240349947895,0.49959466
0.6789868317905701,0.72998697
0.4968450207637,0.49840394
0.9228004894673091,0.90129745
0.49570325416230104,0.49925208
1.0,1.0008426
0.9583900289097471,0.96976155
0.499080687231277,0.49963173
0.5012948228396791,0.5011584
0.5004044770249161,0.50024617
0.8791107404053641,0.88614
0.5047226115804321,0.506268
0.9343604108309991,0.93891436
0.9664868535499531,0.9625456
0.8729883238766961,0.86919415
0.8736695470223421,0.9484766
0.9213759696942061,0.9262061
0.873216888557177,0.9014687
0.904906048791804,0.903004
0.5047226115804321,0.50597185
0.5053744597962581,0.5026986
0.943318361650278,0.9459018
0.605073568453954,0.6308127
0.5236497877122871,0.5162863
0.9650876618753431,0.9576851
0.952422668728744,0.9622168
0.5004070501062431,0.49973795
0.501296629358374,0.5009371
0.49504023527891405,0.5001097
0.9713283651663931,0.9766051
0.535854342809284,0.54177576
0.49338125545624606,0.4994981
0.499827204468106,0.50024796
0.864814814814814,0.8686705
0.505821423771807,0.49653015
0.5025970545678551,0.50220454
0.7506127450980391,0.7499511
0.8744396671675441,0.8500711
0.5030712790752581,0.5013921
0.8721392917126131,0.8685889
0.499512079911519,0.49983555
0.9637593092922451,0.96225464
0.5270078999591911,0.52687615
0.500011916379108,0.50432044
0.5004070501062431,0.49966675
0.51148875996291,0.50865483
0.9480286738351251,0.9460656
0.864814814814814,0.8765162
0.501035434220469,0.5000003
0.8838599457216231,0.87719274
0.8903158134433171,0.87203795
0.844339774211544,0.86461717
0.9217904980814731,0.9369223
0.500923933778572,0.50047165
0.49988837093825506,0.4992614
0.5138293481436861,0.52446765
0.63021669341894,0.63083386
0.984918850289875,0.9815131
0.49994587467974505,0.50201607
0.5156708161536361,0.5106775
0.976965447746697,0.9779337
0.552838503279202,0.6359918
1.0,0.9999781
0.8923869949764991,0.87144077
0.851709426963671,0.8592649
0.5113503430288531,0.5134028
0.5027307785134331,0.5018043
0.9412492368742361,0.9534725
0.495611661615788,0.4980794
0.498145586160728,0.5165239
0.49950405146004806,0.49972478
0.5012948228396791,0.5002902
0.49852733247435504,0.4969137
0.501073859387226,0.49981055
